:020000040800F2
:10000000283F0124E902000801FE000869DF00081A
:10001000F9FD000899050008716C01080000000056
:10002000000000000000000000000000F1090108CD
:10003000C11400080000000019020108890A010823
:100040000303000803030008030300080303000878
:100050000303000803030008030300080303000868
:10006000030300080303000803030008F108000865
:1000700001090008110900082109000831090008D8
:10008000410900085109000803030008F1140008A1
:100090000115000803030008030300080303000818
:1000A0000303000803030008030300080303000818
:1000B0000303000803030008A90C01080303000858
:1000C00003030008030300080303000803030008F8
:1000D000C1050108013201080303000803030008F9
:1000E000C91400080303000800000000030300080F
:1000F0000303000803030008030300086109000864
:100100000303000803030008B90C010803030008F7
:1001100003030008011A0108030300080303000891
:10012000710900088109000891090008030300080B
:100130000303000803030008030300080303000887
:1001400000000000000000000000000000000000AF
:100150000303000803030008030300080303000867
:100160000303000803030008030300080303000857
:100170000303000879FE00080303000800000000E4
:100180000303000803030008111A0108211A0108DB
:100190000303000803030008030300080303000827
:1001A0000303000803030008030300080000000025
:1001B0000303000803030008030300080303000807
:1001C0000303000803030008000000000000000013
:1001D0000000000000000000030300080000000011
:1001E000000000000000000000000000000000000F
:1001F00000000000000000000303000803030008E3
:1002000003030008030300080000000003030008C4
:1002100003030008030300080303000803030008A6
:1002200003030008000000000303000800000000B2
:100230000303000803030008000000000303000894
:100240000303000803030008030300080303000876
:100250000303000803030008030300080303000866
:100260000303000803030008030300080303000856
:100270000303000803030008030300080000000054
:100280000303000803030008030300080303000836
:100290000000000003030008030300080000000042
:1002A000000000000303000803030008311A0108DE
:1002B000F1310108030300080303000811150008C9
:1002C000030300080303000803030008DFF814D049
:1002D00000F0E6F800F070F80048004761330208CB
:1002E00000F0FAF8283F01240648804706480047F6
:1002F000FEE7FEE7FEE7FEE7FEE7FEE7FEE7FEE7D6
:10030000FEE7FEE7690B0108CD0200082DE9F05F6A
:100310000546002092469B46884606468146402474
:100320001BE0284641464746224600F06DF85346FA
:100330005A46C01A914110D311461846224600F081
:1003400054F82D1A67EB01084F4622460120002180
:1003500000F04BF817EB00094E41201EA4F10104F8
:10036000DFDC484631462A464346BDE8F09F40EA76
:1003700001039B0703D009E008C9121F08C0042A23
:10038000FAD203E011F8013B00F8013B521EF9D20A
:100390007047D2B201E000F8012B491EFBD2704732
:1003A0000022F6E710B513460A4604461946FFF741
:1003B000F0FF204610BD00007CB5074800900748BC
:1003C00001900546009C04E02046016808448047EF
:1003D000241DAC42F8D17CBD105502081855020806
:1003E0000B460146184600F01FB8202A04DB203ACD
:1003F00000FA02F1002070479140C2F1200320FA78
:1004000003F3194390407047202A04DB203A21FA75
:1004100002F00021704721FA02F3D040C2F120021D
:1004200091400843194670472DE9F04107461546AB
:100430000E46102024F0B6F9040013D06760C4E91A
:1004400002650948AFF3008000F042F801682160BE
:1004500006490460002008600348AFF300800020D4
:10046000BDE8F0810120FBE76122020810000024B2
:1004700070B521F0004303430CD0C1F30A550024AA
:10048000D5EB040564EB0403D617AD1AB34102DBC8
:100490000020014670BD201841EB025170BD0000E4
:1004A0001CB509480090094801900546009C06E0EB
:1004B000E06840F0010394E8070098471034AC422C
:1004C000F6D3FFF707FF0000F054020810550208AA
:1004D000004870470C0000242DE9F84306461548F3
:1004E000AFF30080FFF7F4FF81464D46E846124F18
:1004F00016E026B1E068B04201D0254610E0206841
:1005000028600C48C7F80080AFF30080D4E90101EF
:1005100088470848AFF300803968414500D04D4610
:100520002C68002CE5D1002038600248AFF3008031
:10053000BDE8F8836122020810000024704770B5FE
:100540008C1810F8015B15F0070301D110F8013B7E
:100550002A1106D110F8012B03E010F8016B01F805
:10056000016B5B1EF9D12B0705D40023521E0DD45D
:1005700001F8013BFAE710F8013BCB1A921C03E0AB
:1005800013F8015B01F8015B521EF9D5A142D8D3E3
:10059000002070BD00000000FFE7FEE70000000043
:1005A00080B594B013901291139800684AF200013C
:1005B000C4F20001884221D1FFE7139840F2902154
:1005C000C2F20041086012984863002008900A9027
:1005D0000B9002210C91012107910D910E900F902B
:1005E00045F20C30C2F2004009900AA904F020FC48
:1005F0000799089A099804F0D7FA61E013980068FF
:100600004AF20041C4F2000188421FD1FFE713986B
:1006100040F28031C2F20041086012984863002025
:1006200005900A900B9002210C910D910E900F9065
:1006300045F2AC30C2F2004006900AA904F0F8FB83
:10064000059A0698102104F0AFFA38E01398006874
:100650004DF20041C4F2000188422FD1FFE7139808
:1006600040F2D831C2F2004108601298486300207D
:1006700003900A900B90022101910C9101210291AB
:100680000D910E900F9045F24C40C2F20040049044
:100690000AA904F0CDFB019A029B049869460B60FD
:1006A000114604F051FC029A0498114604F06CFBC8
:1006B0000299039A049804F077FAFFE7FFE7FFE74F
:1006C000139805F0C9FC14B080BD000000000000C4
:1006D00080B58EB00D90ADF832100B92ADF82A3087
:1006E000BDF832000190002002900390BDF82A006E
:1006F000082804DCFFE7BDF82A000490FFE7BDF8F6
:100700002A000C2803D1FFE709200490FFE7BDF879
:100710002A00102803D1FFE70A200490FFE7BDF864
:100720002A00142803D1FFE70B200490FFE7BDF84F
:100730002A00182803D1FFE70C200490FFE7BDF83A
:100740002A00202803D1FFE70D200490FFE7BDF821
:100750002A00302803D1FFE70E200490FFE7BDF800
:100760002A00402803D1FFE70F200490FFE7002074
:10077000059006900790089009900D980B9A01A992
:1007800004F092FA0EB080BD84B08DF80F00029193
:10079000ADF806209DF80F000146009123281DD8D2
:1007A0000099DFE801F012131415161B1B1B1B1B0D
:1007B0001B1B1B1B1B1B1B1B1B1B1B1B1B1B1B1B89
:1007C0001B1B1B1B1B1B1718191A08E007E006E070
:1007D00005E004E003E002E001E000E0FFE70020C4
:1007E00004B07047000000000020704700000000C7
:1007F00080B582B044F60830C2F20040009041F665
:100800008C71C2F200410022019213F0A9F8009805
:1008100041F28C71C2F2004113F082F8019802B0EB
:1008200080BD00000000000080B584B003900291FC
:10083000039944F60830C2F20040009013F070F8BB
:10084000009813F011F803990298026840F2D4401E
:10085000C2F2004001903030FFF789FD0198029903
:100860000968A0F86010426E0398029909689047E1
:10087000002004B080BD000083B0029001918DF88B
:10088000032000208DF802009DF9020003B070479C
:1008900080B586B00490ADF80E1000208DF80D00E4
:1008A00044F60830C2F20040D0F8BC020290029830
:1008B000D0F8140220B1FFE701208DF8170013E0F3
:1008C0000499BDF80E2044F60830C2F200400190B1
:1008D00013F046F8019813F04FF98DF80D009DF8CC
:1008E0000D008DF81700FFE79DF8170006B080BDDA
:1008F00080B544F6D460C2F2004002F01DF880BD1D
:1009000080B544F65C60C2F2004002F015F880BD8C
:1009100080B544F6E450C2F2004002F00DF880BD0C
:1009200080B545F2A410C2F2004002F005F880BD87
:1009300080B545F22C10C2F2004001F0FDFF80BDF1
:1009400080B544F64C70C2F2004001F0F5FF80BD66
:1009500080B544F6C470C2F2004001F0EDFF80BDE6
:1009600080B545F23C00C2F2004001F0E5FF80BDD9
:1009700080B545F2B400C2F2004001F0DDFF80BD59
:1009800080B545F21C20C2F2004001F0D5FF80BDC9
:1009900080B545F29420C2F2004001F0CDFF80BD49
:1009A00083B002900298016801201022C4F2020272
:1009B0009142009000F0A380FFE7029801680120B7
:1009C0002822C4F202029142009000F09880FFE7D2
:1009D0000298016801204022C4F202029142009074
:1009E00000F08D80FFE70298016801205822C4F2D0
:1009F00002029142009000F08280FFE702980168B5
:100A000001207022C4F202029142009077D0FFE7E9
:100A10000298016801208822C4F2020291420090EB
:100A20006DD0FFE7029801680120A022C4F2020203
:100A30009142009063D0FFE7029801680120B8223C
:100A4000C4F202029142009059D0FFE70298016877
:100A5000012040F21042C4F20202914200904ED0B6
:100A6000FFE702980168012040F22842C4F2020226
:100A70009142009043D0FFE702980168012040F2C4
:100A80004042C4F202029142009038D0FFE702983F
:100A90000168012040F25842C4F2020291420090E3
:100AA0002DD0FFE702980168012040F27042C4F2A5
:100AB00002029142009022D0FFE7029801680120D3
:100AC00040F28842C4F202029142009017D0FFE740
:100AD00002980168012040F2A042C4F20202914251
:100AE00000900CD0FFE7029800684FF64831CBF633
:100AF000FD710844B0FA80F040090090FFE70098CB
:100B0000C00740B3FFE70298007810384AF6AB21DF
:100B1000CAF6AA21A0FB011000090190019800F07B
:100B2000070144F6D410C0F60200405C0299C86583
:100B30000198042807D3FFE702990868042262F3AA
:100B40000900886506E00299086840F2FF32904388
:100B50008865FFE705E00299086820F0FF008865D6
:100B6000FFE70298806D03B07047000000000000AE
:100B700084B00390039800680190039801680120F5
:100B800045F20842C5F60202914200904ED0FFE7BE
:100B900003980168012045F21C42C5F60202914209
:100BA000009043D0FFE703980168012045F23042EE
:100BB000C5F602029142009038D0FFE70398016821
:100BC000012045F24442C5F60202914200902DD028
:100BD000FFE703980168012045F25842C5F602027A
:100BE0009142009022D0FFE703980168012045F26E
:100BF0006C42C5F602029142009017D0FFE70398BD
:100C00000168012045F28042C5F60202914200903F
:100C10000CD0FFE7039800684AF66C31CAF2FD7108
:100C20000844B0FA80F040090090FFE70098C00740
:100C300010B3FFE70398007808384CF6CD41CCF6A6
:100C4000CC41A0FB011000090290029945F600007A
:100C5000C5F6020000EB810003990866039945F68A
:100C60008000C5F602004866029800F01F010120CE
:100C700088400399886635E00398007810384AF672
:100C8000AB21CAF6AA21A0FB01100009029001982D
:100C900040F2B841C4F2020188420CD8FFE7019843
:100CA00040F21041C4F20201884204D3FFE70298E7
:100CB00008300290FFE7029940F60000C4F20200FB
:100CC00000EB810003990866039940F68000C4F2A6
:100CD00002004866029800F01F0101208840039935
:100CE0008866FFE704B0704783B0029002980079ED
:100CF00001900198002800F08A80FFE701980828F9
:100D000000F28580FFE702980168012045F2084261
:100D1000C5F60202914200904ED0FFE702980168AA
:100D2000012045F21C42C5F602029142009043D0D8
:100D3000FFE702980168012045F23042C5F6020241
:100D40009142009038D0FFE702980168012045F2F7
:100D50004442C5F60202914200902DD0FFE702986E
:100D60000168012045F25842C5F602029142009006
:100D700022D0FFE702980168012045F26C42C5F6D7
:100D800002029142009017D0FFE70298016801200B
:100D900045F28042C5F60202914200900CD0FFE776
:100DA000029800684AF66C31CAF2FD710844B0FA44
:100DB00080F040090090FFE70098C00780B1FFE78E
:100DC000019945F6FC00C5F6020000EB810002998E
:100DD000C866029945F64010C5F6020008670FE0A4
:100DE000019940F6FC00C4F2020000EB8100029978
:100DF000C866029940F64010C4F202000867FFE797
:100E00000198411E0120884002994867FFE703B01E
:100E1000704700000000000085B0049000208DF8AD
:100E20000F000498806918BBFFE70498806A02905D
:100E300003281BD80299DFE801F0020D021804987C
:100E400090F82F00C00720B1FFE701208DF80F00B8
:100E5000FFE70CE00498C06AB0F1C07F04D1FFE75F
:100E600001208DF80F00FFE701E000E0FFE747E019
:100E700004988069B0F5005F26D1FFE70498806A86
:100E8000019003281ED80199DFE801F00206021143
:100E900001208DF80F0016E0049890F82F00C0078D
:100EA00020B1FFE701208DF80F00FFE70BE0049869
:100EB000C06AB0F1C07F04D1FFE701208DF80F00B8
:100EC000FFE700E0FFE71AE00498806A009003283B
:100ED00004D3FFE70098032804D00EE001208DF82A
:100EE0000F000BE0049890F82F00C00720B1FFE737
:100EF00001208DF80F00FFE700E0FFE7FFE7FFE7C5
:100F00009DF80F0005B0704789B0089007910692D0
:100F100005930898806D04900898806D0390089858
:100F2000016801201022C4F202029142029000F0F6
:100F30000381FFE70898016801202822C4F2020219
:100F40009142029000F0F880FFE7089801680120C4
:100F50004022C4F202029142029000F0ED80FFE7CD
:100F60000898016801205822C4F2020291420290BE
:100F700000F0E280FFE70898016801207022C4F2C7
:100F800002029142029000F0D780FFE708980168C2
:100F900001208822C4F202029142029000F0CC802B
:100FA000FFE7089801680120A022C4F202029142E2
:100FB000029000F0C180FFE7089801680120B82284
:100FC000C4F202029142029000F0B680FFE7089856
:100FD0000168012040F21042C4F2020291420290E4
:100FE00000F0AA80FFE708980168012040F228423B
:100FF000C4F202029142029000F09E80FFE708983E
:101000000168012040F24042C4F202029142029083
:1010100000F09280FFE708980168012040F25842F2
:10102000C4F202029142029000F08680FFE7089825
:101030000168012040F27042C4F202029142029023
:101040007AD0FFE708980168012040F28842C4F294
:101050000202914202906FD0FFE7089801680120D8
:1010600040F2A042C4F202029142029064D0FFE733
:1010700008980168012040F2B842C4F2020291428D
:10108000029059D0FFE708980168012045F2084214
:10109000C5F60202914202904ED0FFE7089801681F
:1010A000012045F21C42C5F602029142029043D053
:1010B000FFE708980168012045F23042C5F60202B8
:1010C0009142029038D0FFE708980168012045F26C
:1010D0004442C5F60202914202902DD0FFE70898E3
:1010E0000168012045F25842C5F602029142029081
:1010F00022D0FFE708980168012045F26C42C5F64E
:1011000002029142029017D0FFE70898016801207F
:1011100045F28042C5F60202914202900CD0FFE7F0
:10112000089800684AF66C31CAF2FD710844B0FABA
:1011300080F040090290FFE70298C00770B1FFE716
:101140000898416E806E48600898C06E28B1FFE72D
:101150000898016F406F4860FFE7FFE70898016853
:1011600001201022C4F202029142019000F0A380FB
:10117000FFE70898016801202822C4F20202914288
:10118000019000F09880FFE7089801680120402254
:10119000C4F202029142019000F08D80FFE70898AE
:1011A000016801205822C4F202029142019000F02D
:1011B0008280FFE70898016801207022C4F20202D1
:1011C0009142019077D0FFE70898016801208822BA
:1011D000C4F20202914201906DD0FFE708980168C5
:1011E0000120A022C4F202029142019063D0FFE7E5
:1011F000089801680120B822C4F2020291420190CD
:1012000059D0FFE708980168012040F21042C4F26B
:101210000202914201904ED0FFE708980168012038
:1012200040F22842C4F202029142019043D0FFE70B
:1012300008980168012040F24042C4F20202914243
:10124000019038D0FFE708980168012040F2584229
:10125000C4F20202914201902DD0FFE70898016884
:10126000012040F27042C4F202029142019022D069
:10127000FFE708980168012040F28842C4F20202A8
:101280009142019017D0FFE708980168012040F2D1
:10129000A042C4F20202914201900CD0FFE70898EC
:1012A00000684FF64831CBF6FD710844B0FA80F083
:1012B00040090190FFE70198C00750B3FFE7089885
:1012C000C06D00F01F013F20884004998860089895
:1012D0000168086820F4802008600598089909686A
:1012E000486008988068402809D1FFE70698089967
:1012F00009688860079808990968C86008E0079835
:10130000089909688860069808990968C860FFE725
:1013100082E008980168012045F20842C5F6020201
:10132000914200904ED0FFE708980168012045F2F5
:101330001C42C5F602029142009043D0FFE7089894
:101340000168012045F23042C5F602029142009048
:1013500038D0FFE708980168012045F24442C5F6FD
:101360000202914200902DD0FFE708980168012009
:1013700045F25842C5F602029142009022D0FFE7A2
:1013800008980168012045F26C42C5F602029142BC
:10139000009017D0FFE708980168012045F28042CD
:1013A000C5F60202914200900CD0FFE70898006851
:1013B0004AF66C31CAF2FD710844B0FA80F0400977
:1013C0000090FFE70098C00720B3FFE70898C06DC2
:1013D00000F01F0101208840039948600598089992
:1013E0000968486008988068402809D1FFE7069896
:1013F000089909688860079808990968C86008E032
:101400000798089909688860069808990968C8606B
:10141000FFE700E0FFE7FFE709B0704700000000CA
:1014200081B000904EF6FC51CEF20001086840F009
:101430008070086041F6B071CEF2000108684CF689
:101440005562CCF2AC521043086041F20401CEF276
:1014500000010020086041F20002CEF20002116893
:1014600041F001011160009944F24022C0F20F02E4
:101470004A4340F21041C2F200410A600A6844F651
:10148000D353C1F26203A2FB0332920940F2144328
:10149000C2F200431A6009684DF68362C4F21B323F
:1014A000A1FB0221890C40F21842C2F200421160F5
:1014B00040F22C41C2F20041086001B070470000C8
:1014C000704700000000000080B54FF4806004F019
:1014D0003BFE4FF4805004F037FE80BD000000005A
:1014E00081B0EFF3108072B60090FFE7FEE70000D6
:1014F00080B545F20C30C2F2004003F0E1FE80BD41
:1015000080B545F2AC30C2F2004003F0D9FE80BD98
:1015100080B545F24C40C2F2004003F0D1FE80BDE0
:1015200084B002900298406B009002980068D0F856
:1015300084004FF6FC718843009940EA81000299CB
:101540000968C1F8840002980068D0F8840020F48B
:101550007F00029A1168926B40EA0240C1F8840051
:101560000298816B00980844009002980068D0F8B7
:1015700088006FF38F00009940EA810002990968A2
:10158000C1F8880002980068D0F8880020F4FE00B6
:10159000029A1168D26B40EA0240C1F888000298B2
:1015A000C16B009800EB4100009002980068D0F8F1
:1015B000A0006FF38F00009940EA8100029909684A
:1015C000C1F8A00002980068D0F8A00020F4FE0046
:1015D000029A1168126C40EA0240C1F8A000029918
:1015E000086C496C009A00FB01200090029800688A
:1015F000D0F8B0006FF38F00009940EA81000299A3
:101600000968C1F8B00002980068D0F8B00020F472
:10161000FE00029A1168926C40EA0240C1F8B000E4
:101620000299886CC96C009A00FB01200090029816
:101630000068D0F8AC006FF38F00009940EA810099
:1016400002990968C1F8AC000299086D496D009AC9
:1016500000FB0120009002980068D0F8F0006FF3C2
:101660008F00009940EA810002990968C1F8F000F2
:1016700002980068D0F8F00020F47C10029A1168FB
:10168000926D40EA0240C1F8F0000298816D009826
:1016900000EB4100009002980068D0F8C0006FF3A2
:1016A0008F00009940EA810002990968C1F8C000E2
:1016B00002980068D0F8C00020F47C10029A1168EB
:1016C000D26D40EA0240C1F8C00002980068D0F82C
:1016D000C00020F07C50029A1168126E40EA02604D
:1016E000C1F8C00002994A6B4AF60040C4F20000FB
:1016F00000EB8200C86602998A6BC86E00EB82001C
:1017000008670299CA6B086F00EBC200486702992C
:101710000A6C4B6C486F5A4300EB82008867029951
:101720008A6CCB6C886F5A4300EB8200C8670299C1
:101730000A6D4B6DC86F5A4300EB8200C1F8800000
:1017400002998A6DD1F8800000EBC200C1F88400D4
:101750000299CA6D8B6ED1F884005A4300EB820067
:10176000C1F8880002990A6E8B6ED1F888005A433E
:1017700000EB8200C1F890000298D0F890004DF282
:10178000FD31C4F2000188420FD3FFE70299D1F87E
:101790009C0040F02000C1F89C000299032081F8D1
:1017A000980001208DF80F0017E00298C06E01909C
:1017B000FFE701980299D1F89010884208D2FFE71C
:1017C000019900200860FFE7019804300190F0E7DC
:1017D000FFE700208DF80F00FFE79DF80F0004B031
:1017E000704700000000000088B007900691059245
:1017F00004930698406848B9FFE706980168826834
:101800000069104340EA8140039009E006980168AE
:10181000826800691043084340F080400390FFE76E
:101820000698D0F820C0C16842698369C06940EA5F
:101830000C601843104340EA014002900798826E02
:10184000D0F884000499514300EB81000190039883
:10185000019908600198043001900298019908608C
:1018600001980430019000200090FFE7009806994D
:10187000CA6844F6C411C0F60201895C88420DD2E0
:10188000FFE70598009940580199086001980430D5
:101890000190FFE7009804300090E7E708B0704738
:1018A00080B584B04EF60000C1F6F1700068039078
:1018B0004EF60400C1F6F170006802904EF6080082
:1018C000C1F6F170006801900199039808440390F3
:1018D000039888B1FFE7039840F2A011C2F20041DB
:1018E0000091023108220CF0F7FE009902981231A3
:1018F00004220CF0F1FEFFE704B080BD0000000000
:1019000080B58AB0089004F03BFE0490089828B98E
:10191000FFE701208DF8270000F0AABC089890F896
:10192000350002280ED0FFE7089980204865FFE7C0
:101930000899002081F83400FFE701208DF8270086
:1019400000F096BC0898016801201022C4F202023F
:101950009142039000F0A380FFE7089801680120FE
:101960002822C4F202029142039000F09880FFE71F
:101970000898016801204022C4F2020291420390BB
:1019800000F08D80FFE70898016801205822C4F21A
:1019900002029142039000F08280FFE708980168FC
:1019A00001207022C4F202029142039077D0FFE737
:1019B0000898016801208822C4F202029142039033
:1019C0006DD0FFE7089801680120A022C4F202024E
:1019D0009142039063D0FFE7089801680120B82284
:1019E000C4F202029142039059D0FFE708980168BF
:1019F000012040F21042C4F20202914203904ED004
:101A0000FFE708980168012040F22842C4F2020270
:101A10009142039043D0FFE708980168012040F20B
:101A20004042C4F202029142039038D0FFE7089886
:101A30000168012040F25842C4F202029142039030
:101A40002DD0FFE708980168012040F27042C4F2EF
:101A500002029142039022D0FFE70898016801201A
:101A600040F28842C4F202029142039017D0FFE78D
:101A700008980168012040F2A042C4F2020291429B
:101A800003900CD0FFE7089800684FF64831CBF67A
:101A9000FD710844B0FA80F040090390FFE7039815
:101AA000C00780B1FFE708980168086820F01E00B1
:101AB000086008980168486920F08000486108982B
:101AC0000068059009E008980168086820F00E0099
:101AD0000860089800680590FFE7089801680120F1
:101AE0001022C4F202029142029000F00381FFE74B
:101AF0000898016801202822C4F202029142029053
:101B000000F0F880FFE70898016801204022C4F245
:101B100002029142029000F0ED80FFE70898016810
:101B200001205822C4F202029142029000F0E280A9
:101B3000FFE70898016801207022C4F20202914276
:101B4000029000F0D780FFE7089801680120882202
:101B5000C4F202029142029000F0CC80FFE70898A4
:101B600001680120A022C4F202029142029000F01A
:101B7000C180FFE7089801680120B822C4F2020280
:101B80009142029000F0B680FFE7089801680120BA
:101B900040F21042C4F202029142029000F0AA8088
:101BA000FFE708980168012040F22842C4F20202CF
:101BB0009142029000F09E80FFE7089801680120A2
:101BC00040F24042C4F202029142029000F0928040
:101BD000FFE708980168012040F25842C4F202026F
:101BE0009142029000F08680FFE70898016801208A
:101BF00040F27042C4F20202914202907AD0FFE7B2
:101C000008980168012040F28842C4F20202914221
:101C100002906FD0FFE708980168012040F2A042CF
:101C2000C4F202029142029064D0FFE70898016872
:101C3000012040F2B842C4F202029142029059D00F
:101C4000FFE708980168012045F20842C5F6020244
:101C5000914202904ED0FFE708980168012045F2BA
:101C60001C42C5F602029142029043D0FFE7089859
:101C70000168012045F23042C5F60202914202900D
:101C800038D0FFE708980168012045F24442C5F6C4
:101C90000202914202902DD0FFE7089801680120CE
:101CA00045F25842C5F602029142029022D0FFE767
:101CB00008980168012045F26C42C5F60202914283
:101CC000029017D0FFE708980168012045F2804292
:101CD000C5F60202914202900CD0FFE70898006816
:101CE0004AF66C31CAF2FD710844B0FA80F040093E
:101CF0000290FFE70298C00738B1FFE70898016E2D
:101D0000086820F480700860FFE7089800681021D8
:101D1000C4F20201884200F08180FFE70898006861
:101D20002821C4F20201884278D0FFE708980068B1
:101D30004021C4F20201884270D0FFE70898006891
:101D40005821C4F20201884268D0FFE70898006871
:101D50007021C4F20201884260D0FFE70898006851
:101D60008821C4F20201884258D0FFE70898006831
:101D7000A021C4F20201884250D0FFE70898006811
:101D8000B821C4F20201884248D0FFE708980068F1
:101D900040F21041C4F2020188423FD0FFE70898A8
:101DA000006840F22841C4F20201884236D0FFE7C1
:101DB0000898006840F24041C4F2020188422DD0E8
:101DC000FFE70898006840F25841C4F202018842D7
:101DD00024D0FFE70898006840F27041C4F2020185
:101DE00088421BD0FFE70898006840F28841C4F29F
:101DF0000201884212D0FFE70898006840F2A04133
:101E0000C4F20201884209D0FFE70898006840F256
:101E1000B841C4F20201884207D1FFE7089801687F
:101E2000086820F00100086006E00898016808686A
:101E300020F001000860FFE7FFE705980068C00791
:101E4000C8B1FFE704F09CFB0499401A062811D39F
:101E5000FFE70899202048650899032081F835009C
:101E6000FFE70899002081F83400FFE701208DF892
:101E70002700FDE1E1E70898016801201022C4F283
:101E800002029142019000F0A380FFE708980168E8
:101E900001202822C4F202029142019000F09880B1
:101EA000FFE70898016801204022C4F20202914233
:101EB000019000F08D80FFE708980168012058220A
:101EC000C4F202029142019000F08280FFE708987C
:101ED000016801207022C4F202029142019077D081
:101EE000FFE70898016801208822C4F202029142AB
:101EF00001906DD0FFE7089801680120A022C4F28C
:101F000002029142019063D0FFE708980168012026
:101F1000B822C4F202029142019059D0FFE708981A
:101F20000168012040F21042C4F202029142019085
:101F30004ED0FFE708980168012040F22842C4F221
:101F400002029142019043D0FFE708980168012006
:101F500040F24042C4F202029142019038D0FFE7C1
:101F600008980168012040F25842C4F202029142EE
:101F700001902DD0FFE708980168012040F27042DF
:101F8000C4F202029142019022D0FFE70898016852
:101F9000012040F28842C4F202029142019017D01F
:101FA000FFE708980168012040F2A042C4F2020253
:101FB000914201900CD0FFE7089800684FF6483135
:101FC000CBF6FD710844B0FA80F040090190FFE7BC
:101FD0000198C00760B1FFE70898806D07900898E6
:101FE000C06D00F01F013F208840079988600BE01A
:101FF0000898806D06900898C06D00F01F010120C0
:10200000884006994860FFE708980168012010227F
:10201000C4F202029142009000F00381FFE70898A9
:10202000016801202822C4F202029142009000F0CF
:10203000F880FFE70898016801204022C4F20202FC
:102040009142009000F0ED80FFE7089801680120C0
:102050005822C4F202029142009000F0E280FFE7B1
:102060000898016801207022C4F202029142009097
:1020700000F0D780FFE70898016801208822C4F2A9
:1020800002029142009000F0CC80FFE708980168BE
:102090000120A022C4F202029142009000F0C1800F
:1020A000FFE7089801680120B822C4F202029142B9
:1020B000009000F0B680FFE708980168012040F228
:1020C0001042C4F202029142009000F0AA80FFE7A1
:1020D00008980168012040F22842C4F202029142AD
:1020E000009000F09E80FFE708980168012040F210
:1020F0004042C4F202029142009000F09280FFE759
:1021000008980168012040F25842C4F2020291424C
:10211000009000F08680FFE708980168012040F2F7
:102120007042C4F20202914200907AD0FFE7089810
:102130000168012040F28842C4F2020291420090FC
:102140006FD0FFE708980168012040F2A042C4F276
:1021500002029142009064D0FFE7089801680120D4
:1021600040F2B842C4F202029142009059D0FFE717
:1021700008980168012045F20842C5F60202914222
:1021800000904ED0FFE708980168012045F21C42FC
:10219000C5F602029142009043D0FFE7089801681B
:1021A000012045F23042C5F602029142009038D03B
:1021B000FFE708980168012045F24442C5F6020293
:1021C000914200902DD0FFE708980168012045F268
:1021D0005842C5F602029142009022D0FFE70898CB
:1021E0000168012045F26C42C5F60202914200905E
:1021F00017D0FFE708980168012045F28042C5F634
:102200000202914200900CD0FFE7089800684AF65D
:102210006C31CAF2FD710844B0FA80F040090090B8
:10222000FFE70098C007A0B1FFE70898416E806EF5
:1022300048600898C06E58B1FFE70898C16E0868FA
:1022400020F4807008600898016F406F4860FFE7D5
:10225000FFE70899012081F83500FFE70899002081
:1022600081F83400FFE7FFE700208DF82700FFE743
:102270009DF827000AB080BD80B586B00490049810
:1022800020B9FFE701208DF8170046E3049890F885
:102290003500022807D0FFE7049980204865012017
:1022A0008DF8170039E30498016801201022C4F268
:1022B00002029142029000F0A380FFE704980168B7
:1022C00001202822C4F202029142029000F098807C
:1022D000FFE70498016801204022C4F20202914203
:1022E000029000F08D80FFE70498016801205822D9
:1022F000C4F202029142029000F08280FFE704984B
:10230000016801207022C4F202029142029077D04B
:10231000FFE70498016801208822C4F2020291427A
:1023200002906DD0FFE7049801680120A022C4F25A
:1023300002029142029063D0FFE7049801680120F5
:10234000B822C4F202029142029059D0FFE70498E9
:102350000168012040F21042C4F202029142029050
:102360004ED0FFE704980168012040F22842C4F2F1
:1023700002029142029043D0FFE7049801680120D5
:1023800040F24042C4F202029142029038D0FFE78C
:1023900004980168012040F25842C4F202029142BE
:1023A00002902DD0FFE704980168012040F27042AE
:1023B000C4F202029142029022D0FFE70498016821
:1023C000012040F28842C4F202029142029017D0EA
:1023D000FFE704980168012040F2A042C4F2020223
:1023E000914202900CD0FFE7049800684FF6483104
:1023F000CBF6FD710844B0FA80F040090290FFE787
:102400000298C007002800F09D80FFE7049904208F
:1024100081F83500049800681021C4F20201884256
:1024200000F08180FFE7049800682821C4F20201CF
:10243000884278D0FFE7049800684021C4F2020186
:10244000884270D0FFE7049800685821C4F2020166
:10245000884268D0FFE7049800687021C4F2020146
:10246000884260D0FFE7049800688821C4F2020126
:10247000884258D0FFE704980068A021C4F2020106
:10248000884250D0FFE704980068B821C4F20201E6
:10249000884248D0FFE70498006840F21041C4F237
:1024A000020188423FD0FFE70498006840F22841CB
:1024B000C4F20201884236D0FFE70498006840F277
:1024C0004041C4F2020188422DD0FFE70498006821
:1024D00040F25841C4F20201884224D0FFE7049838
:1024E000006840F27041C4F2020188421BD0FFE74D
:1024F0000498006840F28841C4F20201884212D078
:10250000FFE70498006840F2A041C4F2020188424B
:1025100009D0FFE70498006840F2B841C4F2020114
:10252000884207D1FFE704980168086820F001009D
:10253000086006E004980168086820F0010008605F
:10254000FFE7E5E104980168086820F00E000860E4
:10255000049800681021C4F20201884200F08180D2
:10256000FFE7049800682821C4F20201884278D06D
:10257000FFE7049800684021C4F20201884270D04D
:10258000FFE7049800685821C4F20201884268D02D
:10259000FFE7049800687021C4F20201884260D00D
:1025A000FFE7049800688821C4F20201884258D0ED
:1025B000FFE704980068A021C4F20201884250D0CD
:1025C000FFE704980068B821C4F20201884248D0AD
:1025D000FFE70498006840F21041C4F2020188420B
:1025E0003FD0FFE70498006840F22841C4F202019E
:1025F000884236D0FFE70498006840F24041C4F2B8
:10260000020188422DD0FFE70498006840F258414B
:10261000C4F20201884224D0FFE70498006840F227
:102620007041C4F2020188421BD0FFE704980068A1
:1026300040F28841C4F20201884212D0FFE70498B8
:10264000006840F2A041C4F20201884209D0FFE7CD
:102650000498006840F2B841C4F20201884207D1F0
:10266000FFE704980168086820F00100086006E0B0
:1026700004980168086820F001000860FFE70498EA
:10268000016801201022C4F202029142019000F080
:102690000381FFE70498016801202822C4F20202A6
:1026A0009142019000F0F880FFE704980168012052
:1026B0004022C4F202029142019000F0ED80FFE757
:1026C0000498016801205822C4F20202914201904C
:1026D00000F0E280FFE70498016801207022C4F254
:1026E00002029142019000F0D780FFE70498016850
:1026F00001208822C4F202029142019000F0CC80B5
:10270000FFE7049801680120A022C4F2020291426E
:10271000019000F0C180FFE7049801680120B82211
:10272000C4F202029142019000F0B680FFE70498E3
:102730000168012040F21042C4F20202914201906D
:1027400000F0AA80FFE704980168012040F22842C7
:10275000C4F202029142019000F09E80FFE70498CB
:102760000168012040F24042C4F20202914201900D
:1027700000F09280FFE704980168012040F258427F
:10278000C4F202029142019000F08680FFE70498B3
:102790000168012040F27042C4F2020291420190AD
:1027A0007AD0FFE704980168012040F28842C4F221
:1027B0000202914201906FD0FFE704980168012066
:1027C00040F2A042C4F202029142019064D0FFE7BD
:1027D00004980168012040F2B842C4F2020291421A
:1027E000019059D0FFE704980168012045F20842A2
:1027F000C5F60202914201904ED0FFE704980168AD
:10280000012045F21C42C5F602029142019043D0DC
:10281000FFE704980168012045F23042C5F6020244
:102820009142019038D0FFE704980168012045F2F9
:102830004442C5F60202914201902DD0FFE7049870
:102840000168012045F25842C5F60202914201900A
:1028500022D0FFE704980168012045F26C42C5F6DA
:1028600002029142019017D0FFE70498016801200D
:1028700045F28042C5F60202914201900CD0FFE77A
:10288000049800684AF66C31CAF2FD710844B0FA47
:1028900080F040090190FFE70198C00728B3FFE7E7
:1028A0000498016E086820F4807008600498806DB8
:1028B00003900498C06D00F01F0101208840039927
:1028C00048600498416E806E48600498C06E58B1AC
:1028D000FFE70498C16E086820F4807008600498CF
:1028E000016F406F4860FFE7FFE70499012081F81E
:1028F0003500FFE70499002081F83400FFE70498D1
:10290000006D20B1FFE70498016D8847FFE7FFE7FE
:10291000FFE700208DF81700FFE79DF8170006B0CD
:1029200080BD00000000000081B000900098406D64
:1029300001B070470000000080B590B00F900020FB
:102940000B9040F2E400C2F20040006848F2B5117A
:10295000C1F64E31A0FB0110800A0A900F98806DDD
:1029600009900F98806D0890099800680E9008985B
:1029700000680D900F98016801201022C4F2020235
:102980009142079000F0A380FFE70F9801680120B3
:102990002822C4F202029142079000F09880FFE7DB
:1029A0000F98016801204022C4F202029142079070
:1029B00000F08D80FFE70F98016801205822C4F2D3
:1029C00002029142079000F08280FFE70F980168B1
:1029D00001207022C4F202029142079077D0FFE7F3
:1029E0000F98016801208822C4F2020291420790E8
:1029F0006DD0FFE70F9801680120A022C4F2020207
:102A00009142079063D0FFE70F9801680120B82238
:102A1000C4F202029142079059D0FFE70F98016873
:102A2000012040F21042C4F20202914207904ED0BF
:102A3000FFE70F980168012040F22842C4F2020229
:102A40009142079043D0FFE70F980168012040F2C0
:102A50004042C4F202029142079038D0FFE70F983B
:102A60000168012040F25842C4F2020291420790EC
:102A70002DD0FFE70F980168012040F27042C4F2A8
:102A800002029142079022D0FFE70F9801680120CF
:102A900040F28842C4F202029142079017D0FFE749
:102AA0000F980168012040F2A042C4F20202914254
:102AB00007900CD0FFE70F9800684FF64831CBF62F
:102AC000FD710844B0FA80F040090790FFE70798CD
:102AD000C007002800F01385FFE70E980F99C96D15
:102AE00001F01F01C8400007002840F1B080FFE757
:102AF0000F9800681021C4F20201884200F0818022
:102B0000FFE70F9800682821C4F20201884278D0BC
:102B1000FFE70F9800684021C4F20201884270D09C
:102B2000FFE70F9800685821C4F20201884268D07C
:102B3000FFE70F9800687021C4F20201884260D05C
:102B4000FFE70F9800688821C4F20201884258D03C
:102B5000FFE70F980068A021C4F20201884250D01C
:102B6000FFE70F980068B821C4F20201884248D0FC
:102B7000FFE70F98006840F21041C4F2020188425A
:102B80003FD0FFE70F98006840F22841C4F20201ED
:102B9000884236D0FFE70F98006840F24041C4F207
:102BA000020188422DD0FFE70F98006840F258419B
:102BB000C4F20201884224D0FFE70F98006840F277
:102BC0007041C4F2020188421BD0FFE70F980068F1
:102BD00040F28841C4F20201884212D0FFE70F9808
:102BE000006840F2A041C4F20201884209D0FFE728
:102BF0000F98006840F2B841C4F20201884207D140
:102C0000FFE70F980068006800F00400069006E0F7
:102C10000F980068006800F008000690FFE706982B
:102C2000A0B1FFE70F980168086820F00400086071
:102C30000F98C06D00F01F01082088400999886036
:102C40000F99486D40F001004865FFE7FFE70E98D7
:102C50000F99C96D01F01F01C840C007002800F09E
:102C6000A980FFE70F9800681021C4F20201884292
:102C700000F08180FFE70F9800682821C4F202016C
:102C8000884278D0FFE70F9800684021C4F2020123
:102C9000884270D0FFE70F9800685821C4F2020103
:102CA000884268D0FFE70F9800687021C4F20201E3
:102CB000884260D0FFE70F9800688821C4F20201C3
:102CC000884258D0FFE70F980068A021C4F20201A3
:102CD000884250D0FFE70F980068B821C4F2020183
:102CE000884248D0FFE70F98006840F21041C4F2D4
:102CF000020188423FD0FFE70F98006840F2284168
:102D0000C4F20201884236D0FFE70F98006840F213
:102D10004041C4F2020188422DD0FFE70F980068BD
:102D200040F25841C4F20201884224D0FFE70F98D4
:102D3000006840F27041C4F2020188421BD0FFE7F4
:102D40000F98006840F28841C4F20201884212D014
:102D5000FFE70F98006840F2A041C4F202018842E8
:102D600009D0FFE70F98006840F2B841C4F20201B1
:102D7000884207D1FFE70F980068406900F08000A3
:102D8000059005E00F980068006800200590FFE7B7
:102D9000059870B1FFE70F98C06D00F01F0101208A
:102DA0008840099988600F99486D40F00200486595
:102DB000FFE7FFE70E980F99C96D01F01F01C840AA
:102DC0004007002840F1A980FFE70F980068102114
:102DD000C4F20201884200F08180FFE70F9800688A
:102DE0002821C4F20201884278D0FFE70F980068DA
:102DF0004021C4F20201884270D0FFE70F980068BA
:102E00005821C4F20201884268D0FFE70F98006899
:102E10007021C4F20201884260D0FFE70F98006879
:102E20008821C4F20201884258D0FFE70F98006859
:102E3000A021C4F20201884250D0FFE70F98006839
:102E4000B821C4F20201884248D0FFE70F98006819
:102E500040F21041C4F2020188423FD0FFE70F98D0
:102E6000006840F22841C4F20201884236D0FFE7F0
:102E70000F98006840F24041C4F2020188422DD010
:102E8000FFE70F98006840F25841C4F202018842FF
:102E900024D0FFE70F98006840F27041C4F20201AD
:102EA00088421BD0FFE70F98006840F28841C4F2C7
:102EB0000201884212D0FFE70F98006840F2A0415B
:102EC000C4F20201884209D0FFE70F98006840F27F
:102ED000B841C4F20201884207D1FFE70F980068A9
:102EE000006800F00200049005E00F980068006898
:102EF00000200490FFE7049870B1FFE70F98C06DC1
:102F000000F01F0104208840099988600F99486DDE
:102F100040F004004865FFE7FFE70E980F99C96D80
:102F200001F01F01C840C006002840F1DE80FFE725
:102F30000F9800681021C4F20201884200F08180DD
:102F4000FFE70F9800682821C4F20201884278D078
:102F5000FFE70F9800684021C4F20201884270D058
:102F6000FFE70F9800685821C4F20201884268D038
:102F7000FFE70F9800687021C4F20201884260D018
:102F8000FFE70F9800688821C4F20201884258D0F8
:102F9000FFE70F980068A021C4F20201884250D0D8
:102FA000FFE70F980068B821C4F20201884248D0B8
:102FB000FFE70F98006840F21041C4F20201884216
:102FC0003FD0FFE70F98006840F22841C4F20201A9
:102FD000884236D0FFE70F98006840F24041C4F2C3
:102FE000020188422DD0FFE70F98006840F2584157
:102FF000C4F20201884224D0FFE70F98006840F233
:103000007041C4F2020188421BD0FFE70F980068AC
:1030100040F28841C4F20201884212D0FFE70F98C3
:10302000006840F2A041C4F20201884209D0FFE7E3
:103030000F98006840F2B841C4F20201884207D1FB
:10304000FFE70F980068006800F00800039006E0B2
:103050000F980068006800F004000390FFE70398F1
:10306000002841D0FFE70F98C06D00F01F0110202D
:103070008840099988600F9800680068400300281C
:103080001AD5FFE70F98006800680003002809D4EC
:10309000FFE70F98006C20B1FFE70F98016C88479D
:1030A000FFE708E00F98806C20B1FFE70F98816C74
:1030B0008847FFE7FFE716E00F9800680068C00543
:1030C000002807D4FFE70F980168086820F008007F
:1030D0000860FFE70F98006C20B1FFE70F98016CC4
:1030E0008847FFE7FFE7FFE7FFE70E980F99C96DF5
:1030F00001F01F01C8408006002840F12681FFE74B
:103100000F9800681021C4F20201884200F081800B
:10311000FFE70F9800682821C4F20201884278D0A6
:10312000FFE70F9800684021C4F20201884270D086
:10313000FFE70F9800685821C4F20201884268D066
:10314000FFE70F9800687021C4F20201884260D046
:10315000FFE70F9800688821C4F20201884258D026
:10316000FFE70F980068A021C4F20201884250D006
:10317000FFE70F980068B821C4F20201884248D0E6
:10318000FFE70F98006840F21041C4F20201884244
:103190003FD0FFE70F98006840F22841C4F20201D7
:1031A000884236D0FFE70F98006840F24041C4F2F1
:1031B000020188422DD0FFE70F98006840F2584185
:1031C000C4F20201884224D0FFE70F98006840F261
:1031D0007041C4F2020188421BD0FFE70F980068DB
:1031E00040F28841C4F20201884212D0FFE70F98F2
:1031F000006840F2A041C4F20201884209D0FFE712
:103200000F98006840F2B841C4F20201884207D129
:10321000FFE70F980068006800F01000029006E0D9
:103220000F980068006800F002000290FFE7029823
:10323000002800F08980FFE70F98C06D00F01F01A3
:1032400020208840099988600F9890F8350004285C
:1032500037D1FFE70F980168086820F01600086072
:103260000F980168486920F0800048610F98006C51
:1032700020B9FFE70F98806C38B1FFE70F9801681D
:10328000086820F008000860FFE70F98C06D00F0A4
:103290001F013F208840099988600F99012081F81B
:1032A0003500FFE70F99002081F83400FFE70F9801
:1032B000006D20B1FFE70F98016D8847FFE700F030
:1032C00019BC0F9800680068400300281AD5FFE772
:1032D0000F98006800680003002809D4FFE70F98E2
:1032E000406C20B1FFE70F98416C8847FFE708E08A
:1032F0000F98C06B20B1FFE70F98C16B8847FFE7BD
:10330000FFE720E00F9800680068C005002811D48E
:10331000FFE70F980168086820F0100008600F9917
:10332000012081F83500FFE70F99002081F8340073
:10333000FFE7FFE70F98C06B20B1FFE70F98C16B65
:103340008847FFE7FFE7FFE7FFE70F98406D00289A
:1033500000F0D480FFE70F98406DC007002800F010
:10336000C480FFE70F99042081F835000F980068AA
:103370001021C4F20201884200F08180FFE70F981B
:1033800000682821C4F20201884278D0FFE70F9834
:1033900000684021C4F20201884270D0FFE70F9814
:1033A00000685821C4F20201884268D0FFE70F98F4
:1033B00000687021C4F20201884260D0FFE70F98D4
:1033C00000688821C4F20201884258D0FFE70F98B4
:1033D0000068A021C4F20201884250D0FFE70F9894
:1033E0000068B821C4F20201884248D0FFE70F9874
:1033F000006840F21041C4F2020188423FD0FFE76A
:103400000F98006840F22841C4F20201884236D089
:10341000FFE70F98006840F24041C4F20201884281
:103420002DD0FFE70F98006840F25841C4F2020126
:10343000884224D0FFE70F98006840F27041C4F240
:10344000020188421BD0FFE70F98006840F28841D4
:10345000C4F20201884212D0FFE70F98006840F2E0
:10346000A041C4F20201884209D0FFE70F9800682A
:1034700040F2B841C4F20201884207D1FFE70F9839
:103480000168086820F00100086006E00F980168F4
:10349000086820F001000860FFE7FFE70B980130A3
:1034A0000B900A99884201D9FFE707E0FFE70F98E0
:1034B00000680068C0070028F0D1FFE70F98006897
:1034C0000068C00728B1FFE70F99032081F8350095
:1034D00004E00F99012081F83500FFE7FFE70F991D
:1034E000002081F83400FFE7FFE70F98C06C20B19F
:1034F000FFE70F98C16C8847FFE7FFE7FAE20F98F4
:103500000168012045F20842C5F60202914201908D
:103510004ED0FFE70F980168012045F21C42C5F626
:1035200002029142019043D0FFE70F980168012009
:1035300045F23042C5F602029142019038D0FFE7D1
:103540000F980168012045F24442C5F602029142FB
:1035500001902DD0FFE70F980168012045F25842F5
:10356000C5F602029142019022D0FFE70F98016850
:10357000012045F26C42C5F602029142019017D03B
:10358000FFE70F980168012045F28042C5F602026C
:10359000914201900CD0FFE70F9800684AF66C3119
:1035A000CAF2FD710844B0FA80F040090190FFE7CB
:1035B0000198C007002800F09B82FFE70F98006881
:1035C00000680C900D980F99C96D01F01F01C8405B
:1035D0004007002840F1D780FFE79DF83000400702
:1035E000002840F1D080FFE70F98C06D00F01F0168
:1035F00004208840089948609DF8310000060028A2
:1036000018D5FFE79DF83200C00748B9FFE70F98CB
:10361000806C20B1FFE70F98816C8847FFE708E0D6
:103620000F98006C20B1FFE70F98016C8847FFE707
:10363000FFE7A7E09DF830008006002800F19980A0
:10364000FFE70F9800681021C4F20201884200F0E1
:103650008180FFE70F9800682821C4F202018842A8
:1036600078D0FFE70F9800684021C4F20201884239
:1036700070D0FFE70F9800685821C4F20201884219
:1036800068D0FFE70F9800687021C4F202018842F9
:1036900060D0FFE70F9800688821C4F202018842D9
:1036A00058D0FFE70F980068A021C4F202018842B9
:1036B00050D0FFE70F980068B821C4F20201884299
:1036C00048D0FFE70F98006840F21041C4F20201B1
:1036D00088423FD0FFE70F98006840F22841C4F2CB
:1036E0000201884236D0FFE70F98006840F240415F
:1036F000C4F2020188422DD0FFE70F98006840F223
:103700005841C4F20201884224D0FFE70F980068B4
:1037100040F27041C4F2020188421BD0FFE70F98CB
:10372000006840F28841C4F20201884212D0FFE7EB
:103730000F98006840F2A041C4F20201884209D00B
:10374000FFE70F98006840F2B841C4F202018842D6
:1037500007D1FFE70F980168086820F008000860AB
:1037600006E00F980168086820F004000860FFE791
:10377000FFE70F98006C20B1FFE70F98016C8847B6
:10378000FFE7FFE7B3E10D980F99C96D01F01F0145
:10379000C8408007002840F1E180FFE79DF8300035
:1037A0008007002840F1DA80FFE70F98C06D00F035
:1037B0001F0102208840089948609DF831000006EA
:1037C000002818D5FFE79DF83200C00748B9FFE789
:1037D0000F98406C20B1FFE70F98416C8847FFE7D6
:1037E00008E00F98C06B20B1FFE70F98C16B8847C6
:1037F000FFE7FFE7B1E09DF830008006002800F108
:10380000A380FFE70F9800681021C4F202018842EC
:1038100000F08180FFE70F9800682821C4F20201C0
:10382000884278D0FFE70F9800684021C4F2020177
:10383000884270D0FFE70F9800685821C4F2020157
:10384000884268D0FFE70F9800687021C4F2020137
:10385000884260D0FFE70F9800688821C4F2020117
:10386000884258D0FFE70F980068A021C4F20201F7
:10387000884250D0FFE70F980068B821C4F20201D7
:10388000884248D0FFE70F98006840F21041C4F228
:10389000020188423FD0FFE70F98006840F22841BC
:1038A000C4F20201884236D0FFE70F98006840F268
:1038B0004041C4F2020188422DD0FFE70F98006812
:1038C00040F25841C4F20201884224D0FFE70F9829
:1038D000006840F27041C4F2020188421BD0FFE749
:1038E0000F98006840F28841C4F20201884212D069
:1038F000FFE70F98006840F2A041C4F2020188423D
:1039000009D0FFE70F98006840F2B841C4F2020105
:10391000884207D1FFE70F980168086820F014007B
:10392000086006E00F980168086820F00A00086047
:10393000FFE70F99012081F83500FFE70F9900207C
:1039400081F83400FFE7FFE70F98C06B20B1FFE775
:103950000F98C16B8847FFE7FFE7C7E00D980F9905
:10396000C96D01F01F01C8400007002840F1BC806C
:10397000FFE79DF830000007002840F1B580FFE721
:103980000F9800681021C4F20201884200F0818083
:10399000FFE70F9800682821C4F20201884278D01E
:1039A000FFE70F9800684021C4F20201884270D0FE
:1039B000FFE70F9800685821C4F20201884268D0DE
:1039C000FFE70F9800687021C4F20201884260D0BE
:1039D000FFE70F9800688821C4F20201884258D09E
:1039E000FFE70F980068A021C4F20201884250D07E
:1039F000FFE70F980068B821C4F20201884248D05E
:103A0000FFE70F98006840F21041C4F202018842BB
:103A10003FD0FFE70F98006840F22841C4F202014E
:103A2000884236D0FFE70F98006840F24041C4F268
:103A3000020188422DD0FFE70F98006840F25841FC
:103A4000C4F20201884224D0FFE70F98006840F2D8
:103A50007041C4F2020188421BD0FFE70F98006852
:103A600040F28841C4F20201884212D0FFE70F9869
:103A7000006840F2A041C4F20201884209D0FFE789
:103A80000F98006840F2B841C4F20201884207D1A1
:103A9000FFE70F980168086820F01C00086006E046
:103AA0000F980168086820F00E000860FFE70F9883
:103AB000C06D00F01F01012000FA01F1089A516069
:103AC0000F9948650F9981F83500FFE70F9900209D
:103AD00081F83400FFE70F98C06C20B1FFE70F9822
:103AE000C16C8847FFE700E0FFE7FFE7FFE700E082
:103AF000FFE7FFE710B080BD10B58EB00C9002F06C
:103B00003FFD0A900C9828B9FFE701208DF8370097
:103B100000F09EBC0C98016801201022C4F2020241
:103B20009142079000F0A380FFE70C980168012004
:103B30002822C4F202029142079000F09880FFE729
:103B40000C98016801204022C4F2020291420790C1
:103B500000F08D80FFE70C98016801205822C4F224
:103B600002029142079000F08280FFE70C98016802
:103B700001207022C4F202029142079077D0FFE741
:103B80000C98016801208822C4F202029142079039
:103B90006DD0FFE70C9801680120A022C4F2020258
:103BA0009142079063D0FFE70C9801680120B8228A
:103BB000C4F202029142079059D0FFE70C980168C5
:103BC000012040F21042C4F20202914207904ED00E
:103BD000FFE70C980168012040F22842C4F202027B
:103BE0009142079043D0FFE70C980168012040F212
:103BF0004042C4F202029142079038D0FFE70C988D
:103C00000168012040F25842C4F20202914207903A
:103C10002DD0FFE70C980168012040F27042C4F2F9
:103C200002029142079022D0FFE70C980168012020
:103C300040F28842C4F202029142079017D0FFE797
:103C40000C980168012040F2A042C4F202029142A5
:103C500007900CD0FFE70C9800684FF64831CBF680
:103C6000FD710844B0FA80F040090790FFE707981B
:103C7000C007002800F07881FFE70C98406A08B17F
:103C8000FFE7FFE70C99022081F83500FFE70C9968
:103C9000002081F83400FFE70C9800681021C4F27E
:103CA0000201884200F08180FFE70C98006828211B
:103CB000C4F20201884278D0FFE70C9800684021E6
:103CC000C4F20201884270D0FFE70C9800685821C6
:103CD000C4F20201884268D0FFE70C9800687021A6
:103CE000C4F20201884260D0FFE70C980068882186
:103CF000C4F20201884258D0FFE70C980068A02166
:103D0000C4F20201884250D0FFE70C980068B82145
:103D1000C4F20201884248D0FFE70C98006840F2E4
:103D20001041C4F2020188423FD0FFE70C980068BE
:103D300040F22841C4F20201884236D0FFE70C98D5
:103D4000006840F24041C4F2020188422DD0FFE7F2
:103D50000C98006840F25841C4F20201884224D015
:103D6000FFE70C98006840F27041C4F202018842FB
:103D70001BD0FFE70C98006840F28841C4F20201B2
:103D8000884212D0FFE70C98006840F2A041C4F2CC
:103D90000201884209D0FFE70C98006840F2B84160
:103DA000C4F20201884207D1FFE70C980168086855
:103DB00020F00100086006E00C980168086820F017
:103DC00001000860FFE7FFE70C9800680068C00783
:103DD00098B1FFE702F0D4FB0A99401A06280BD3EA
:103DE000FFE70C99202048650C99032081F83500E5
:103DF00001208DF837002BE3E6E70C980068006897
:103E00000B900B9848F23F01CFF6106108400B90E1
:103E10000C998868D1F80CC00B694A6940EA0C001B
:103E2000184310438A691043CA691043096A014361
:103E30000B9808430B900C98406A042808D1FFE7C0
:103E40000C99C86A096B01430B9808430B90FFE774
:103E50000C984068292807D3FFE70C984168012097
:103E60002F29069036D3FFE70C9840683F2807D3E8
:103E7000FFE70C9841680120432906902AD3FFE709
:103E80000C984068472807D3FFE70C984168012049
:103E9000492906901ED3FFE70C9840684F2807D3A6
:103EA000FFE70C98416801205329069012D3FFE7E1
:103EB0000C98416800207429059008D3FFE70C98FE
:103EC00041680020782938BF01200590FFE7059858
:103ED0000690FFE70698C00728B1FFE70B9840F46B
:103EE00080100B90FFE70B980C99096808600C98FC
:103EF000006840690B900B9820F007000B900C981D
:103F0000416A0B9808430B900C98406A04281AD118
:103F1000FFE70C98816A0B9808430B900C98C06AD5
:103F200080B1FFE70C98FCF777FF50B1FFE70C99E1
:103F3000402048650C99012081F835008DF8370044
:103F400086E2FFE7FFE70B980C99096848610C9837
:103F5000FCF726FD09900C98C06D00F01F013F2072
:103F600088400999886026E10C980168012045F293
:103F70000842C5F60202914204904ED0FFE70C9829
:103F80000168012045F21C42C5F6020291420490EC
:103F900043D0FFE70C980168012045F23042C5F696
:103FA00002029142049038D0FFE70C98016801208A
:103FB00045F24442C5F60202914204902DD0FFE73B
:103FC0000C980168012045F25842C5F60202914260
:103FD000049022D0FFE70C980168012045F26C4262
:103FE000C5F602029142049017D0FFE70C980168D1
:103FF000012045F28042C5F60202914204900CD0A5
:10400000FFE70C9800684AF66C31CAF2FD7108446B
:10401000B0FA80F040090490FFE70498C007002838
:1040200000F0BD80FFE70C980168012045F20842CE
:10403000C5F60202914203904ED0FFE70C9801684A
:10404000012045F21C42C5F602029142039043D082
:10405000FFE70C980168012045F23042C5F60202E4
:104060009142039038D0FFE70C980168012045F297
:104070004442C5F60202914203902DD0FFE70C980E
:104080000168012045F25842C5F6020291420390B0
:1040900022D0FFE70C980168012045F26C42C5F67A
:1040A00002029142039017D0FFE70C9801680120AB
:1040B00045F28042C5F60202914203900CD0FFE720
:1040C0000C9800684AF66C31CAF2FD710844B0FAE7
:1040D00080F040090390FFE70398C00708B1FFE7AD
:1040E000FFE70C99022081F83500FFE70C990020CA
:1040F00081F83400FFE70C98006800680B900B987B
:104100006FF310100B900C988068402803D1FFE7E4
:104110001020029008E00C9880688038B0FA80F097
:10412000400980030290FFE702980C99CA680B6966
:10413000D1F814C0D1F818E0CC694EEA040E4CEA6C
:104140000E0C43EA0C031A4340EAD200096A40EA23
:1041500011110B9808430B900B980C990968086093
:104160000C9908684AF6F832CAF2FD7210444CF60F
:10417000CD42CCF6CC42A0FB02026FF0030000EA75
:104180009200C8650C98FCF70BFC08900C98C06D69
:1041900000F01F0101208840089948600AE00C994E
:1041A000402048650C99032081F8350001208DF8E6
:1041B00037004DE1FFE70C98016801201022C4F29E
:1041C00002029142019000F00381FFE70C98016820
:1041D00001202822C4F202029142019000F0F880EE
:1041E000FFE70C98016801204022C4F202029142CC
:1041F000019000F0ED80FFE70C9801680120582243
:10420000C4F202029142019000F0E280FFE70C98B4
:10421000016801207022C4F202029142019000F074
:10422000D780FFE70C98016801208822C4F20202BF
:104230009142019000F0CC80FFE70C9801680120CA
:10424000A022C4F202029142019000F0C180FFE777
:104250000C9801680120B822C4F202029142019038
:1042600000F0B680FFE70C980168012040F2104290
:10427000C4F202029142019000F0AA80FFE70C987C
:104280000168012040F22842C4F2020291420190EA
:1042900000F09E80FFE70C980168012040F2404248
:1042A000C4F202029142019000F09280FFE70C9864
:1042B0000168012040F25842C4F20202914201908A
:1042C00000F08680FFE70C980168012040F2704200
:1042D000C4F20202914201907AD0FFE70C98016883
:1042E000012040F28842C4F20202914201906FD054
:1042F000FFE70C980168012040F2A042C4F20202DC
:104300009142019064D0FFE70C980168012040F2CF
:10431000B842C4F202029142019059D0FFE70C98D2
:104320000168012045F20842C5F60202914201905F
:104330004ED0FFE70C980168012045F21C42C5F6FB
:1043400002029142019043D0FFE70C9801680120DE
:1043500045F23042C5F602029142019038D0FFE7A3
:104360000C980168012045F24442C5F602029142D0
:1043700001902DD0FFE70C980168012045F25842CA
:10438000C5F602029142019022D0FFE70C98016825
:10439000012045F26C42C5F602029142019017D00D
:1043A000FFE70C980168012045F28042C5F6020241
:1043B000914201900CD0FFE70C9800684AF66C31EE
:1043C000CAF2FD710844B0FA80F040090190FFE79D
:1043D0000198C00790B3FFE70C98FCF7C9FB0C9855
:1043E0008068802804D1FFE70C9900204860FFE72F
:1043F0000C990879096E08600C98416E806E4860CF
:104400000C98406888B1FFE70C98406808280CD8E1
:10441000FFE70C98FCF768FC0C98C16E0020086060
:104420000C98016F406F486007E00C990020C86647
:104430000C9908670C994867FFE7FFE70C99002083
:1044400048650C9A012182F835108DF83700FFE796
:104450009DF837000EB010BD80B588B0069005916C
:104460000492039300208DF80B00069820B9FFE713
:1044700001208DF81F006CE3FFE7069890F83400E8
:10448000012804D1FFE702208DF81F0061E306999F
:10449000012081F83400FFE7FFE7069890F8350027
:1044A000012840F04383FFE70699022081F8350098
:1044B000069900204865069800681021C4F20201A0
:1044C000884200F08180FFE7069800682821C4F246
:1044D0000201884278D0FFE7069800684021C4F2C4
:1044E0000201884270D0FFE7069800685821C4F2A4
:1044F0000201884268D0FFE7069800687021C4F284
:104500000201884260D0FFE7069800688821C4F263
:104510000201884258D0FFE706980068A021C4F243
:104520000201884250D0FFE706980068B821C4F223
:104530000201884248D0FFE70698006840F2104127
:10454000C4F2020188423FD0FFE70698006840F2BB
:104550002841C4F20201884236D0FFE7069800687D
:1045600040F24041C4F2020188422DD0FFE7069894
:10457000006840F25841C4F20201884224D0FFE7AB
:104580000698006840F27041C4F2020188421BD0D4
:10459000FFE70698006840F28841C4F202018842B1
:1045A00012D0FFE70698006840F2A041C4F2020171
:1045B000884209D0FFE70698006840F2B841C4F28B
:1045C0000201884207D1FFE706980168086820F0D9
:1045D0000100086006E006980168086820F0010004
:1045E0000860FFE706980599049A039BFCF78CFC8A
:1045F0000698016801201022C4F202029142019043
:1046000000F0A380FFE70698016801202822C4F289
:1046100002029142019000F09880FFE7069801683D
:1046200001204022C4F202029142019000F08D80EC
:10463000FFE70698016801205822C4F20202914265
:10464000019000F08280FFE7069801680120702247
:10465000C4F202029142019077D0FFE70698016808
:1046600001208822C4F20202914201906DD0FFE73E
:10467000069801680120A022C4F202029142019032
:1046800063D0FFE7069801680120B822C4F2020255
:104690009142019059D0FFE706980168012040F24D
:1046A0001042C4F20202914201904ED0FFE70698F8
:1046B0000168012040F22842C4F2020291420190B6
:1046C00043D0FFE706980168012040F24042C4F25F
:1046D00002029142019038D0FFE70698016801205C
:1046E00040F25842C4F20202914201902DD0FFE7FD
:1046F00006980168012040F27042C4F20202914221
:10470000019022D0FFE706980168012040F288421C
:10471000C4F202029142019017D0FFE706980168A7
:10472000012040F2A042C4F20202914201900CD05A
:10473000FFE7069800684FF64831CBF6FD71084454
:10474000B0FA80F040090190FFE70198C007A8B1D6
:10475000FFE70698006800680B2161F344000699A2
:10476000096808600698006C38B1FFE70698016890
:10477000086840F008000860FFE714E00698006849
:104780000068052161F343000699096808600698EE
:10479000006C38B1FFE706980168086840F0040033
:1047A0000860FFE7FFE70698016801201022C4F2C5
:1047B00002029142009000F00381FFE70698016831
:1047C00001202822C4F202029142009000F0F880F9
:1047D000FFE70698016801204022C4F202029142DC
:1047E000009000F0ED80FFE7069801680120582254
:1047F000C4F202029142009000F0E280FFE70698C6
:10480000016801207022C4F202029142009000F07F
:10481000D780FFE70698016801208822C4F20202CF
:104820009142009000F0CC80FFE7069801680120DB
:10483000A022C4F202029142009000F0C180FFE782
:10484000069801680120B822C4F202029142009049
:1048500000F0B680FFE706980168012040F21042A0
:10486000C4F202029142009000F0AA80FFE706988D
:104870000168012040F22842C4F2020291420090F5
:1048800000F09E80FFE706980168012040F2404258
:10489000C4F202029142009000F09280FFE7069875
:1048A0000168012040F25842C4F202029142009095
:1048B00000F08680FFE706980168012040F2704210
:1048C000C4F20202914200907AD0FFE70698016894
:1048D000012040F28842C4F20202914200906FD05F
:1048E000FFE706980168012040F2A042C4F20202EC
:1048F0009142009064D0FFE706980168012040F2E1
:10490000B842C4F202029142009059D0FFE70698E3
:104910000168012045F20842C5F60202914200906A
:104920004ED0FFE706980168012045F21C42C5F60B
:1049300002029142009043D0FFE7069801680120EF
:1049400045F23042C5F602029142009038D0FFE7AE
:1049500006980168012045F24442C5F602029142E0
:1049600000902DD0FFE706980168012045F25842DB
:10497000C5F602029142009022D0FFE70698016836
:10498000012045F26C42C5F602029142009017D018
:10499000FFE706980168012045F28042C5F6020251
:1049A000914200900CD0FFE7069800684AF66C31FF
:1049B000CAF2FD710844B0FA80F040090090FFE7A8
:1049C0000098C007D0B1FFE70698006E0068C003EA
:1049D000002807D5FFE70698016E086840F480704C
:1049E0000860FFE70698C06E38B1FFE70698C16E11
:1049F000086840F480700860FFE7FFE706980068E9
:104A00001021C4F20201884200F08180FFE706987D
:104A100000682821C4F20201884278D0FFE7069896
:104A200000684021C4F20201884270D0FFE7069876
:104A300000685821C4F20201884268D0FFE7069856
:104A400000687021C4F20201884260D0FFE7069836
:104A500000688821C4F20201884258D0FFE7069816
:104A60000068A021C4F20201884250D0FFE70698F6
:104A70000068B821C4F20201884248D0FFE70698D6
:104A8000006840F21041C4F2020188423FD0FFE7C3
:104A90000698006840F22841C4F20201884236D0EC
:104AA000FFE70698006840F24041C4F202018842E4
:104AB0002DD0FFE70698006840F25841C4F2020189
:104AC000884224D0FFE70698006840F27041C4F2A3
:104AD000020188421BD0FFE70698006840F2884137
:104AE000C4F20201884212D0FFE70698006840F243
:104AF000A041C4F20201884209D0FFE7069800688D
:104B000040F2B841C4F20201884207D1FFE706989B
:104B10000168086840F00100086006E00698016836
:104B2000086840F001000860FFE70DE006994FF4C7
:104B300000604865FFE70699002081F83400FFE730
:104B400001208DF80B00FFE79DF80B008DF81F008A
:104B5000FFE79DF81F0008B080BD000000000000C6
:104B600080B584B0039001F00BFD02900398019092
:104B70000198013048B1FFE740F2EC10C2F200406A
:104B80000178019808440190FFE7FFE701F0F8FC85
:104B90000299401A0199884201D2FFE7F6E704B072
:104BA00080BD00000000000085B0039002910192DA
:104BB000039890F898008DF803009DF803000128F1
:104BC00005D0FFE79DF8030002285DD1FFE70298BA
:104BD00003990968896D084207D1FFE703980168C6
:104BE000C86D40F00100C86515E002980399096896
:104BF000896D08400299884207D1FFE70398016850
:104C0000C86D40F00200C86504E003980168032005
:104C1000C865FFE7FFE79DF809008007002809D570
:104C2000FFE7019A03980168D1F8E0001043C1F84A
:104C3000E000FFE79DF809004007002809D5FFE7DD
:104C4000019A03980168D1F8E4001043C1F8E40028
:104C5000FFE7FFE702984FF6FF71C3F6CF7100EA56
:104C6000010203980168486D10434865029A4AF6AC
:104C70001401C4F20001086840EA92700860FFE77E
:104C800000208DF813000AE00399D1F89C0040F051
:104C90000200C1F89C0001208DF81300FFE79DF889
:104CA000130005B07047000080B586B004900391F2
:104CB00002920398406808B9FFE700E0FFE7049814
:104CC00090F89800022845D1FFE704980068D0F8D2
:104CD000C00010F07C5F0BD1FFE70499D1F89C0075
:104CE00040F02000C1F89C0001208DF817003CE046
:104CF00004980068D0F8C400800200280BD5FFE7B4
:104D00000499D1F89C0040F40070C1F89C00012087
:104D10008DF8170029E004980068D0F8C400C0F3AB
:104D20000440019004980399029A019BFCF75CFDF2
:104D30000199012000FA01F1049A1268C2F8D0101A
:104D4000019988400499C1F89400FFE700208DF88C
:104D500017000AE00499D1F89C0040F00800C1F85F
:104D60009C0001208DF81700FFE79DF8170006B0A2
:104D700080BD00000000000082B00190009102B0F0
:104D8000704700000000000084B002900191009282
:104D9000019808B9FFE700E0FFE7029890F8980053
:104DA000012836D1FFE7019870B9FFE70298006843
:104DB000D0F8F00020F07C50009940EA01600299A0
:104DC0000968C1F8F00020E0019801280ED1FFE742
:104DD00002980068D0F8A00020F0FE40009940EA58
:104DE000016002990968C1F8A0000DE0029800680E
:104DF000D0F8B00020F0FE40009940EA016002992E
:104E00000968C1F8B000FFE7FFE700208DF80F0048
:104E10000AE00299D1F89C0040F00400C1F89C001F
:104E200001208DF80F00FFE79DF80F0004B07047D8
:104E300087B005900491059890F898008DF80300CC
:104E40009DF80300012805D0FFE79DF80300022824
:104E50006AD1FFE70498C068072801D1FFE7FFE7A0
:104E60000498006878BBFFE70498C068072801D061
:104E7000FFE7FFE70498C06807280CD1FFE7049A12
:104E800010699169D269000440EA0220084340F0A9
:104E9000605003900CE004998868CB680A694969FE
:104EA000800740EAC36040EA024008430390FFE7FE
:104EB0000598C06E0499496800EB81000190039841
:104EC000019908602CE00498C068072801D0FFE72A
:104ED000FFE70498C168006940EA417003900498B4
:104EE000C068072804D1FFE704988069029006E0B3
:104EF00004988168406940EA81700290FFE7059854
:104F0000006F0499496800EBC10001900398019972
:104F10000860019804300190029801990860FFE749
:104F200000208DF81B000AE00599D1F89C0040F0A4
:104F30000200C1F89C0001208DF81B00FFE79DF8DE
:104F40001B0007B07047000085B0DDF814C0039067
:104F5000029101920093039890F89800012812D1D1
:104F6000FFE702980001019940EA8100009940EAB8
:104F700041000599084303990968C1F880000020A1
:104F80008DF813000AE00399D1F89C0040F004006A
:104F9000C1F89C0001208DF81300FFE79DF8130075
:104FA00005B070470000000081B0009001B070476C
:104FB00082B00190009102B0704700000000000034
:104FC0008AB00890079106920593002001900898F6
:104FD00090F898008DF803009DF80300022840F037
:104FE0005C81FFE70798402851D1FFE708980068E7
:104FF000D0F8A00010F4FE0F0BD1FFE70899D1F80C
:105000009C0040F02000C1F89C0001208DF8270092
:105010004EE108980068D0F8A400400658B9FFE7B0
:105020000899D1F89C0040F48070C1F89C000120E0
:105030008DF827003CE108980068D0F8A40000F043
:1050400080710120B0EB116F0DD1FFE70898006867
:10505000D0F8A0100120B0EBD17F03D1FFE70120F1
:105060000190FFE7FFE708980068D0F8A40000F47B
:105070007C51019800EB112001900898426C406F20
:105080000199514300EB81000490FFE770E007981D
:10509000412851D1FFE708980068D0F8B00010F41B
:1050A000FE0F0BD1FFE70899D1F89C0040F02000DB
:1050B000C1F89C0001208DF82700F9E008980068ED
:1050C000D0F8B400400658B9FFE70899D1F89C0021
:1050D00040F48070C1F89C0001208DF82700E7E0C3
:1050E00008980068D0F8B40000F080710120B0EB9F
:1050F000116F0DD1FFE708980068D0F8B0100120BB
:10510000B0EBD17F03D1FFE701200190FFE7FFE77C
:1051100008980068D0F8B40000F47C51019800EBC6
:10512000112001900898C26C806F0199514300EBE7
:1051300081000490FFE71AE007980899096D8842FA
:105140000BD3FFE70899D1F89C0040F02000C1F88C
:105150009C0001208DF82700AAE00898426DC06FDE
:105160000799514300EB81000490FFE7FFE7FFE759
:105170000498006800F080400699486006984068EE
:1051800038B9FFE704980068C0F38A4006990860C0
:1051900006E00498006820F0604006990860FFE788
:1051A0000498006800F00050069988600498006830
:1051B00000F00040069908610498043004900498B7
:1051C00000880699C86104980068C0F303400699F6
:1051D000C8600498006800F480100699486104983B
:1051E000006800F400100699886104980068C0F314
:1051F00006600699086204980068C00F0699486224
:105200000498043004900498039000200290FFE773
:1052100002980699CA6844F6C411C0F60201895C76
:1052200088420AD2FFE70398029A805C0599885465
:10523000FFE7029801300290EAE70798402806D17C
:10524000FFE7019808990968C1F8A80021E00798CC
:10525000412806D1FFE7019808990968C1F8B8000C
:1052600016E007981F2808D8FFE707990120884013
:1052700008990968C1F8980009E0079800F01F0133
:105280000120884008990968C1F89C00FFE7FFE702
:10529000FFE700208DF827000AE00899D1F89C006C
:1052A00040F00800C1F89C0001208DF82700FFE7BE
:1052B0009DF827000AB0704781B0009001B0704798
:1052C00080B594B013904AF61000C4F20000006854
:1052D000800712904AF61400C4F200000168129888
:1052E00000EA8170129013980068006D00F470401D
:1052F000119013980068416D11980840119013980F
:105300000068006D00F00F00109013980068416D68
:1053100010980840109013980068006D00F0F0009D
:105320000F9013980068416D0F9808400F901398E4
:105330000068006D00F071500E9013980068416D88
:105340000E9808400E9013980068006D00F0607091
:105350000D9013980068416D0D9808400D901398BA
:105360000068406D039013980068006D01909DF8EF
:105370000D00C007B8B1FFE79DF80500C00788B170
:10538000FFE7FFE7139801684FF4807008654AF65D
:105390001001C4F2000100200860FFE71398FFF736
:1053A0008BFFFFE7FFE79DF80D0000F004010020F0
:1053B000B0EB910F28D0FFE79DF8050000F0040145
:1053C0000020B0EB910F1ED0FFE713980068D0F8D3
:1053D000DC000B9013980068D0F8E4100B9808409C
:1053E0000B90FFE7139801684FF4806008654AF658
:1053F0001001C4F2000100200860FFE713980B9928
:1054000000F07AFEFFE7FFE71298B8B1FFE7FFE789
:1054100012984FF6FF71C3F6CF71084013990968CF
:1054200008651298800F4AF61001C4F20001086066
:10543000FFE713981299FFF79FFCFFE71198B8B1A7
:10544000FFE7FFE711984FF6FF71C3F6CF710840F1
:105450001399096808651198800F4AF61001C4F283
:1054600000010860FFE71398119900F059FEFFE76B
:105470001098B8B1FFE7FFE710984FF6FF71C3F639
:10548000CF7108401399096808651098800F4AF693
:105490001001C4F200010860FFE71398109900F0B2
:1054A00023FDFFE70F98B8B1FFE7FFE70F984FF62E
:1054B000FF71C3F6CF7108401399096808650F980A
:1054C000800F4AF61001C4F200010860FFE713984C
:1054D0000F9900F065FDFFE79DF80D0000F0080151
:1054E0000020B0EBD10F1BD0FFE79DF8050000F0C6
:1054F00008010020B0EBD10F11D0FFE7FFE71398B0
:1055000001684FF4006008654AF61001C4F200011A
:1055100000200860FFE7139800F00AFEFFE7FFE7AE
:105520009DF80D0000F002010020B0EB510F28D0D3
:10553000FFE79DF8050000F002010020B0EB510FDD
:105540001ED0FFE713980068D0F8D8000C9013988D
:105550000068D0F8E0100C9808400C90FFE7139812
:1055600001684FF4007008654AF61001C4F20001AA
:1055700000200860FFE713980C9900F0C5FDFFE7D5
:10558000FFE79DF80E0000F008010020B0EBD10FFE
:105590001BD0FFE79DF8060000F008010020B0EBEB
:1055A000D10F11D0FFE7FFE7139801684FF40020F7
:1055B00008654AF61001C4F2000100200860FFE708
:1055C000139800F08DFCFFE7FFE79DF80E00C00781
:1055D000B8B1FFE79DF80600C00788B1FFE7FFE715
:1055E000139801684FF4803008654AF61001C4F240
:1055F000000100200860FFE7139800F079FDFFE745
:10560000FFE79DF80E0000F004010020B0EB910FC1
:105610001BD0FFE79DF8060000F004010020B0EB6E
:10562000910F11D0FFE7FFE7139801684FF4802036
:1056300008654AF61001C4F2000100200860FFE787
:10564000139800F051FDFFE7FFE79DF80E0000F012
:1056500002010020B0EB510F1FD0FFE79DF80600BC
:1056600000F002010020B0EB510F15D0FFE7FFE77B
:10567000139801684FF4003008654AF61001C4F22F
:10568000000100200860FFE71399D1F89C0040F06A
:105690008000C1F89C00FFE7FFE70D98B8B1FFE775
:1056A000FFE70D984FF6FF71C3F6CF7108401399CD
:1056B000096808650D98800F4AF61001C4F20001D0
:1056C0000860FFE713980D99FFF772FCFFE70E984B
:1056D000D0B1FFE7FFE70E984FF6FF71C3F6CF7129
:1056E00008401399096808650E98800F4AF6100162
:1056F000C4F200010860FFE70E9A1399D1F89C00EC
:105700001043C1F89C00FFE7139800684AF20001BB
:10571000C4F20001884240F0B980FFE71398406866
:1057200080688007002800F0B080FFE71398406889
:10573000006A00F00F000A9013984068416A0A98C6
:1057400008400A9013984068006A00F03000099001
:1057500013984068416A0998084009901398406876
:10576000006A00F4C070089013984068416A089875
:105770000840089013984068006A00F4FC400790C5
:1057800013984068416A079808400790139840684A
:10579000006A00F4F020069013984068416A069869
:1057A0000840069013984068406A02901398406839
:1057B000006A00900A9848B1FFE70A98139949686F
:1057C000086213980A9900F077FCFFE7099848B13E
:1057D000FFE709981399496808621398099900F03E
:1057E0007BFCFFE79DF8080000F040010020B0EBD3
:1057F000911F1FD0FFE79DF8000000F0400100203E
:10580000B0EB911F15D0FFE713984068C06B000CF8
:10581000059013984068C06B00F03F000490139807
:1058200041684020086213980599049A00F04CFCE6
:10583000FFE7FFE7089848B1FFE708981399496820
:1058400008621398089900F02FFCFFE7079860B1F1
:10585000FFE70798139949680862079A1399D1F8E6
:105860009C001043C1F89C00FFE7069860B1FFE779
:105870000698139949680862069A1399D1F89C0012
:105880001043C1F89C00FFE7FFE7FFE71398D0F84B
:105890009C0020B1FFE71398FFF786FBFFE714B0E9
:1058A00080BD00000000000080B598B0169044F65E
:1058B0006811C0F6020101A84C22FAF758FD1698AB
:1058C00020B9FFE701208DF85F00D9E11698006844
:1058D0004AF20001C4F20001884206D1FFE716999E
:1058E000086800F580704860FFE716988068B0F59A
:1058F000407F01D1FFE7FFE71698006C08B1FFE792
:10590000FFE71698806C08B1FFE7FFE71698006D77
:1059100008B1FFE7FFE71698006E08B1FFE7FFE761
:105920001699C86D096E084408B1FFE7FFE716989D
:1059300090F8980040B9FFE71699002081F8990087
:10594000169800F0A1F9FFE716980168886920F021
:105950001000886100F014FE1590FFE716980068AB
:1059600080690007002817D5FFE700F009FE1599A8
:10597000401A0B280FD3FFE71699D1F89C0040F08E
:105980000100C1F89C001699032081F898000120BD
:105990008DF85F0074E1E1E716980168886940F0CE
:1059A0000100886100F0ECFD1590FFE71698006893
:1059B0008069C007B8B9FFE700F0E2FD1599401A09
:1059C0000B280FD3FFE71699D1F89C0040F0010097
:1059D000C1F89C001699032081F8980001208DF8E9
:1059E0005F004DE1E2E716980168886940F0020027
:1059F00088611698007C012807D1FFE71698016896
:105A0000886920F04000886106E01698016888697E
:105A100040F040008861FFE71698407C012807D1DC
:105A2000FFE716980168886940F48040886106E0C5
:105A300016980168886920F480408861FFE716980D
:105A4000807C012807D1FFE716980168886920F457
:105A50008050886106E016980168886940F480509B
:105A60008861FFE716980068806920F44070169AF4
:105A7000116892681043886116980168886920F05F
:105A8000A400886116980168086920F01000086178
:105A90001698C068012807D1FFE716980168886941
:105AA00040F0040088612BE01698C06830B3FFE72F
:105AB0001698C068022819D0FFE71698016888690F
:105AC00040F08000886116980168086940F0100075
:105AD00008611698C068032807D1FFE71698016887
:105AE000886940F020008861FFE706E016980168A9
:105AF000886940F020008861FFE700E0FFE7FFE7EA
:105B0000169A116853699069D2F81CE0A0F1010C53
:105B10006FF0FF0000EB0E2040EA4C60126A013A81
:105B200010430022CFF6FF7202EB03421043C8611C
:105B300016988068B0F5407F1CD1FFE7169A11686F
:105B4000536A906AD2F82CE001386FF0FF0C0CEB2E
:105B50000E2C40EA0C00D2F830C06FF00F0202EBBE
:105B60000C1210430022CFF6FF7202EB03421043E7
:105B7000C860FFE71698006E48B1FFE71698016805
:105B8000426ED1F8C0001043C1F8C000FFE716997B
:105B9000C86D096E084480B1FFE716980068D0F818
:105BA000C80020F00700169A1168936E01AA52F8F7
:105BB00023201043C1F8C800FFE71698006C80B19D
:105BC000FFE716980068D0F8BC0020F00700169A8E
:105BD0001168536C01AA52F823201043C1F8BC008D
:105BE000FFE71698806C88B1FFE716980068D0F838
:105BF000BC0020F07000169A1168D36C01AA52F80C
:105C0000232040EA0210C1F8BC00FFE71698006D9F
:105C100088B1FFE716980068D0F8BC0020F4E06077
:105C2000169A1168536D01AA52F8232040EA022007
:105C3000C1F8BC00FFE7169800684AF20001C4F200
:105C40000001884207D1FFE716984168886820F074
:105C500003008860FFE716990020C1F894001699A8
:105C6000C1F89C001699012081F898001698FBF75E
:105C700057FC8DF853009DF853008DF85F00FFE747
:105C80009DF85F0018B080BD80B5C0B03F90002087
:105C90003E903D903C903B903A900CA8B821FAF78A
:105CA0007FFB3F9800684AF20001C4F2000188427D
:105CB00055D1FFE700200D904FF400400C904FF0BD
:105CC000805027900CA802F0FBF918B1FFE7FBF712
:105CD00007FCFFE740F23C40C2F20040016801319E
:105CE00001600068012810D1FFE7FFE744F2EC40B3
:105CF000C5F60200016841F480710160006800F49B
:105D000080700B900B98FFE7FFE7FFE744F2E0405D
:105D1000C5F60200016841F008010160006800F06A
:105D200008000A900A98FFE703203A9002203B906F
:105D3000002104913C913D9009203E9040F60040A6
:105D4000C5F602003AA900F01BFA049A1320059048
:105D5000114600F0D5FC059800F0C6FCBEE03F9867
:105D600000684AF20041C4F20001884255D1FFE7C1
:105D700000200D904FF400400C904FF08050279081
:105D80000CA802F09DF918B1FFE7FBF7A9FBFFE7AC
:105D900040F23C40C2F200400168013101600068FD
:105DA000012810D1FFE7FFE744F2EC40C5F60200FE
:105DB000016841F480710160006800F4807009900E
:105DC0000998FFE7FFE7FFE744F2E040C5F602006D
:105DD000016841F002010160006800F002000890D3
:105DE0000898FFE760203A9002203B900021029142
:105DF0003C913D9009203E9040F20040C5F60200E3
:105E00003AA900F0BDF9029A14200390114600F05F
:105E100077FC039800F068FC5FE03F9800684DF263
:105E20000041C4F20001884256D1FFE700200D90E6
:105E30004FF400400C904FF0805027900CA802F0D7
:105E40003FF918B1FFE7FBF74BFBFFE740F23C409F
:105E5000C2F200400168013101600068012810D1E0
:105E6000FFE7FFE744F2EC40C5F60200016841F4A9
:105E700080710160006800F4807007900798FFE768
:105E8000FFE7FFE744F2E040C5F60200016841F099
:105E900008010160006800F0080006900698FFE71E
:105EA0004FF440503A9002203B90002100913C91E9
:105EB0003D9005203E9040F60040C5F602003AA90C
:105EC00000F05EF9009A9F200190114600F018FC46
:105ED000019800F009FCFFE7FFE7FFE740B080BD55
:105EE00081B0009001B0704780B588B007900691EE
:105EF000079800684AF20001C4F20001884212D1FA
:105F0000FFE7079840F29021C2F2004104910A1D78
:105F1000059201F12C034021FFF752F804990598EE
:105F2000496B884737E0079800684AF20041C4F29D
:105F30000001884212D1FFE7079840F28031C2F297
:105F4000004102910A1D039201F12C034021FFF749
:105F500037F802990398496B88471BE00798006857
:105F60004DF20041C4F20001884212D1FFE70798C8
:105F700040F2D831C2F2004100910A1D019201F1B4
:105F80002C034021FFF71CF800990198496B8847C2
:105F9000FFE7FFE7FFE708B080BD0000000000005A
:105FA00080B588B007900691079800684AF2000112
:105FB000C4F20001884212D1FFE7079840F2902115
:105FC000C2F2004104910A1D059201F12C03412106
:105FD000FEF7F6FF04990598496B884737E0079864
:105FE00000684AF20041C4F20001884212D1FFE782
:105FF000079840F28031C2F2004102910A1D0392DB
:1060000001F12C034121FEF7DBFF02990398496B54
:1060100088471BE0079800684DF20041C4F2000178
:10602000884212D1FFE7079840F2D831C2F200410E
:1060300000910A1D019201F12C034121FEF7C0FFDE
:1060400000990198496B8847FFE7FFE7FFE708B031
:1060500080BD00000000000082B00090009890F821
:106060009800012811D1FFE70099022081F89800DB
:1060700000980168886920F001008861009900207B
:10608000C1F89C008DF807000AE00099D1F89C0047
:1060900040F00400C1F89C0001208DF80700FFE7E4
:1060A0009DF8070002B0704782B00190009102B0E5
:1060B000704700000000000082B00190009102B023
:1060C000704700000000000083B002900191009230
:1060D00003B070470000000082B00190009102B050
:1060E000704700000000000081B0009001B07047D0
:1060F00081B0009001B0704782B00190009102B071
:10610000704700000000000082B00190009145F649
:106110000C71C2F2004108680130086002B070479B
:1061200082B00190009102B07047000000000000B2
:1061300081B0009001B0704781B0ADF8020001B0AD
:10614000704700000000000080B582B0ADF8060086
:106150008820C5F600000068BDF8061008420BD084
:10616000FFE7BDF806008821C5F600010860BDF80C
:106170000600FFF7E1FFFFE702B080BD000000006E
:106180008FB00E900D9100200C908020C5F600007D
:106190000990FFE70D9800680C99C840002800F0AE
:1061A000C181FFE70D9800680C9A012191400840D9
:1061B0000B900B98002800F0B181FFE70D98406824
:1061C00000F00300012807D0FFE70D98406800F0B9
:1061D000030002282FD1FFE70E9880680A900C98E0
:1061E0004100032000FA01F10A9888430A900D98B3
:1061F000C0680C99490000FA01F10A9808430A9016
:106200000A980E9988600E9840680A900C990120AF
:1062100000FA01F10A9888430A900D984068C0F38B
:1062200000100C9900FA01F10A9808430A900A98A4
:106230000E994860FFE70D98406800F003000328BE
:1062400018D0FFE70E98C0680A900C984100032010
:1062500000FA01F10A9888430A900D9880680C9919
:10626000490000FA01F10A9808430A900A980E9929
:10627000C860FFE70D98406800F00300022826D1AF
:10628000FFE70E980C996FF0030202EA51010844EF
:10629000006A0A900C9800F0070081000F2000FAB5
:1062A00001F10A9888430A900D9800690C9901F051
:1062B0000701890000FA01F10A9808430A900A9838
:1062C0000E990C9B02EA530211440862FFE70E98F4
:1062D00000680A900C984100032000FA01F10A9826
:1062E00088430A900D98406800F003000C9949001B
:1062F00000FA01F10A9808430A900A980E9908607A
:106300000D9880798007002800F00781FFE7FFE7FC
:1063100044F2F440C5F60200016841F00201016058
:10632000006800F0020008900898FFE70C9820F041
:10633000030040F20841C5F6000140580A900C984D
:1063400000F0030081000F2000FA01F10A98884351
:106350000A900E980021C5F60201884203D1FFE79A
:10636000002007906CE00E9840F20041C5F6020153
:10637000884203D1FFE7012006905EE00E9840F6C8
:106380000001C5F60201884203D1FFE70220059013
:1063900050E00E9840F60041C5F60201884203D154
:1063A000FFE70320049042E00E9841F20001C5F699
:1063B0000201884203D1FFE70420039034E00E98E5
:1063C00041F20041C5F60201884203D1FFE70520F2
:1063D000029026E00E9841F60001C5F602018842BF
:1063E00003D1FFE70620019018E00E9841F6004126
:1063F000C5F60201884203D1FFE7072000900AE0BA
:106400000E9942F20042C5F602020A20914208BFEC
:1064100009200090FFE700980190FFE701980290A3
:10642000FFE702980390FFE703980490FFE70498C2
:106430000590FFE705980690FFE706980790FFE7AD
:1064400007980C9901F00301890000FA01F10A98FC
:1064500008430A900A980C9921F0030140F208427F
:10646000C5F6000288504FF0B04000680A900B99C2
:106470000A9888430A900D988079C006002805D5AF
:10648000FFE70B990A9808430A90FFE70A984FF034
:10649000B04108600420C5F6000000680A900B991E
:1064A0000A9888430A900D9880798006002805D5BF
:1064B000FFE70B990A9808430A90FFE70A9804211E
:1064C000C5F600010860099840680A900B990A987F
:1064D00088430A900D9880798007002805D5FFE74A
:1064E0000B990A9808430A90FFE70A9809994860AF
:1064F000099800680A900B990A9888430A900D98A9
:106500008079C00728B1FFE70B990A9808430A90E1
:10651000FFE70A9809990860FFE7FFE70C98013048
:106520000C9037E60FB0704783B00290ADF80610BC
:10653000029840690090009ABDF8060002EA000146
:10654000904340EA01400299886103B0704700001F
:1065500082B00190ADF802108DF801209DF8010085
:1065600028B1FFE7BDF802000199886105E0BDF898
:106570000200000401998861FFE702B07047000043
:1065800045F61870C2F20040006870470000000035
:1065900040F2EC10C2F20040027845F61871C2F2E7
:1065A00000410868104408607047000000000000C7
:1065B00080B582B0032000F0BBF803F019F844F274
:1065C0001842C5F602021168C1F3032344F6B41160
:1065D000C0F60201CB5C03F01F03D8400090009886
:1065E000126802F00F02895C01F01F01C84040F2FE
:1065F000E801C2F200410860009840F2E401C2F2F2
:1066000000410860072000F013F820B1FFE70120E7
:106610008DF8070005E000F04FF800208DF8070026
:10662000FFE79DF8070002B080BD000000000000F9
:1066300080B582B0009040F2EC10C2F200400078C9
:1066400020B9FFE701208DF8070030E040F2E400B8
:10665000C2F20040006840F2EC11C2F200410A7838
:106660004FF47A71B1FBF2F1B0FBF1F004F0F0FFFE
:1066700020B1FFE701208DF8070018E000980F28EF
:106680000DD8FFE700994FF0FF30002200F038F8F6
:10669000009840F2F011C2F20041086003E00120CE
:1066A0008DF8070003E000208DF80700FFE79DF854
:1066B000070002B080BD000080B582B0FFE744F261
:1066C000F440C5F60200016841F002010160006873
:1066D00000F0020001900198FFE7042000F028F884
:1066E00002B080BD0000000080B582B0ADF80600A9
:1066F000BDF906001BF028FD02B080BD00000000BF
:1067000080B586B0ADF81600049103921BF034FDFD
:106710000290BDF91600019002980499039A09F0BD
:1067200073FB014601981BF02FFD06B080BD0000F1
:1067300080B582B0019001981BF04AFD02B080BD87
:1067400082B0019001980068009001990120C1F881
:10675000D8040199002081F8CC04009A916941F095
:1067600000619161009A516D0323C1F20003194346
:10677000516502B07047000082B001908DF803109F
:1067800002B070470000000082B00190ADF8021026
:10679000BDF80200019909684862002002B0704704
:1067A00084B003908DF80B10ADF8082003980068B2
:1067B000406A00909DF80B0048B9FFE7BDF808104B
:1067C000009840EA014003990968886233E0039821
:1067D0000068816A009800EB1140009000208DF85D
:1067E0000700FFE79DF807009DF80B10013988426C
:1067F00013D2FFE7039800689DF8071000EB8100B3
:10680000D0F80411009800EB11400090FFE79DF8CC
:10681000070001308DF80700E4E7BDF80810009884
:1068200040EA0140039909689DF80B2001EB8201C1
:10683000C1F80001FFE7002004B07047000000002D
:1068400080B582B001900198D0F8E0040EF07CF899
:1068500002B080BD0000000080B582B001908DF8CC
:106860000310019AD2F8E0049DF8031001EBC10374
:1068700002EB8302126A0DF0C3FE02B080BD00007D
:1068800080B582B001908DF80310019AD2F8E0042F
:106890009DF8031001EBC10302EB8302D2F86022E2
:1068A0000DF076FF02B080BD80B582B001900198F6
:1068B000D0F8E0040EF050F802B080BD00000000F7
:1068C00080B584B003908DF80B109DF80B00000686
:1068D00000280CD5FFE703989DF80B1001F00F017D
:1068E00001EBC10100EB8100143001900CE0039832
:1068F0009DF80B1001F00F0101EBC10100EB8100CD
:1069000000F515700190FFE70398006801990FF0FA
:10691000CFFD8DF80A009DF80A0004B080BD00008C
:1069200080B584B002908DF807109DF8070000062E
:1069300000280FD5FFE702989DF8071001F00F011E
:1069400001EBC10100EB810014300090009901209F
:1069500048700FE002989DF8071001F00F0101EB5D
:10696000C10100EB810000F5157000900099002036
:106970004870FFE79DF8070000F00F0000990870CD
:10698000FFE7029890F89404012804D1FFE7022061
:106990008DF80F0014E00299012081F89404FFE7BC
:1069A000FFE70298006800990FF07AF8FFE7029974
:1069B000002081F89404FFE700208DF80F00FFE726
:1069C0009DF80F0004B080BD80B584B002908DF8B2
:1069D00007109DF8070000F00F000299097988421E
:1069E00004D9FFE701208DF80F004DE09DF8070066
:1069F000000600280FD5FFE702989DF8071001F068
:106A00000F0101EBC10100EB8100143000900099EF
:106A1000012048700FE002989DF8071001F00F0167
:106A200001EBC10100EB810000F5157000900099A9
:106A300000204870FFE70099002088709DF807004B
:106A400000F00F0000990870FFE7029890F8940496
:106A5000012804D1FFE702208DF80F0014E002990D
:106A6000012081F89404FFE7FFE70298006800998D
:106A70000FF086FAFFE70299002081F89404FFE7FF
:106A800000208DF80F00FFE79DF80F0004B080BDD7
:106A900082B001908DF8031001989DF8031001F069
:106AA0000F0101EBC10100EB8100D0F8680202B0D8
:106AB000704700000000000080B586B004908DF89B
:106AC0000F10ADF80C208DF80B3000208DF80A0067
:106AD0009DF80F00000600280FD5FFE704989DF8E9
:106AE0000F1001F00F0101EBC10100EB8100143028
:106AF00001900199012048700FE004989DF80F1053
:106B000001F00F0101EBC10100EB810000F51570F0
:106B10000190019900204870FFE79DF80F0000F0F8
:106B20000F0001990870BDF80C00019988609DF86C
:106B30000B00019908710198407820B1FFE7019995
:106B400008784883FFE79DF80B00022804D1FFE78F
:106B5000019900204871FFE7FFE7049890F894043A
:106B6000012804D1FFE702208DF8170015E00499F1
:106B7000012081F89404FFE7FFE704980068019979
:106B80000EF052FEFFE70499002081F89404FFE71D
:106B90009DF80A008DF81700FFE79DF8170006B072
:106BA00080BD00000000000080B586B005908DF823
:106BB00013100392029305989DF8131001F00F0132
:106BC00001EBC10100EB810000F515700190039805
:106BD0000199C860029801990861019900204861F3
:106BE000019948709DF8130000F00F00019908709A
:106BF00005988079012804D1FFE703980199C861BD
:106C0000FFE7059A1068019992790FF05DFA00206C
:106C100006B080BD0000000080B584B002908DF801
:106C200007109DF8070000F00F00029909798842CB
:106C300004D9FFE701208DF80F0058E09DF8070008
:106C4000000600280FD5FFE702989DF8071001F015
:106C50000F0101EBC10100EB81001430009000999D
:106C6000012048700DE002989DF8071001EBC1016A
:106C700000EB810000F5157000900099002048702D
:106C8000FFE70099012088709DF8070000F00F00D1
:106C900000990870FFE7029890F89404012804D145
:106CA000FFE702208DF80F0021E00299012081F812
:106CB0009404FFE7FFE70298006800990FF0B0F92D
:106CC0009DF80700000740B9FFE7029A1068917924
:106CD00002F29C420FF004F9FFE7FFE7029900205F
:106CE00081F89404FFE700208DF80F00FFE79DF87E
:106CF0000F0004B080BD000080B586B005908DF80F
:106D000013100392029305989DF8131001F00F01E0
:106D100001EBC10100EB810014300190039801994F
:106D2000C8600298019908610199002048610199A1
:106D3000012048709DF8130000F00F0001990870C1
:106D400005988079012804D1FFE703980199C8616B
:106D5000FFE7059A1068019992790FF0B5F90020C4
:106D600006B080BD0000000080B58CB00B900B9881
:106D700000680A900A9809900B9800680FF0D8FCF8
:106D8000002840F03384FFE70B9800680FF040FDC7
:106D900010B9FFE700F02ABC0998D0F80808C0F342
:106DA0000D200B99C1F8D4040B9800680FF030FD4A
:106DB0008007002807D5FFE70B980168486900F0B5
:106DC00002004861FFE70B9800680FF021FDC00644
:106DD000002862D5FFE70B980168886920F0100051
:106DE00088610A98006A02900B98029901F00F01DD
:106DF00001EBC10100EB810000F5157008900298CD
:106E000000F4F0110220B0EB514F23D1FFE7BDF8A1
:106E1000080047F6F07108421BD0FFE70A9808996E
:106E2000C968029AC2F30A120FF002FD029847F6EF
:106E3000F07100EA0103089AD06800EB1310D060EB
:106E4000029800EA01020899486900EB12104861B3
:106E5000FFE71BE0029800F4F0110620B0EB514F61
:106E600012D1FFE70A980B9901F29C4108220FF01A
:106E7000DFFC029847F6F07100EA010208994869C0
:106E800000EB1210486100E0FFE7FFE70B98016894
:106E9000886940F010008861FFE70B9800680FF0E8
:106EA000B7FC0003002840F1A680FFE70020049013
:106EB0000B9800680FF058FC0690FFE70698002832
:106EC00000F09880FFE79DF81800C007002800F048
:106ED0008A80FFE70B9800689DF810100FF080FC87
:106EE00005909DF81400C00760B1FFE70998049968
:106EF00000EB41110120C1F8080B0B98049909F02F
:106F00000BF8FFE79DF81400000700280CD5FFE7F9
:106F10000998049900EB41110820C1F8080B0B985F
:106F2000049908F0B1FFFFE79DF81400C00600289F
:106F300008D5FFE70998049900EB41111020C1F82A
:106F4000080BFFE79DF81400800700282DD5FFE708
:106F50000A9840690006002808D5FFE70999D1F88A
:106F6000040840F48060C1F80408FFE70B98049916
:106F700001EBC10100EB810000F515700890089845
:106F8000C078012809D1FFE708990020C8700B9844
:106F90009DF8101000F03CFBFFE70998049900EB06
:106FA00041110220C1F8080BFFE79DF8140080068C
:106FB000002808D5FFE70998049900EB411120202B
:106FC000C1F8080BFFE79DF815008006002809D5D9
:106FD000FFE70998049900EB41114FF40050C1F804
:106FE000080BFFE7FFE7049801300490069840087B
:106FF000069063E7FFE70B9800680FF009FC400379
:10700000002840F1C680FFE70B9800680FF098FB5E
:10701000069000200490FFE70698002800F0B88052
:10702000FFE79DF81800C007002800F0AA80FFE7DE
:107030000B9800689DF810100FF0AAFB05909DF8C2
:107040001400C00700283ED0FFE7049800F00F01AD
:10705000012000FA01F10391039B099AD2F8341838
:107060009943C2F834180999049A01EB4211C1F806
:1070700008090B98807901281FD1FFE70B98049924
:1070800001EBC10100EB8101CA69086A1044086282
:10709000049888B9FFE70B98049901EBC10100EB54
:1070A0008100406A40B9FFE70B99086801F29C42F1
:1070B00001210EF015FFFFE7FFE70B989DF8101078
:1070C000FFF7CAFBFFE79DF814000007002808D56A
:1070D000FFE70998049900EB41110820C1F808095D
:1070E000FFE79DF81400C006002808D5FFE70998BF
:1070F000049900EB41111020C1F80809FFE79DF841
:1071000014004006002808D5FFE70998049900EB11
:1071100041114020C1F80809FFE79DF814008007DD
:10712000002822D5FFE70A9804990FF099FA0B98E6
:10713000049901EBC10100EB81001430089008981C
:10714000C078012809D1FFE708990020C8700B9882
:107150009DF8101000F04CFAFFE70998049900EB35
:1071600041110220C1F80809FFE79DF8140000064C
:10717000002805D5FFE70B98049908F0B1FFFFE759
:10718000FFE704980130049006984008069043E712
:10719000FFE70B9800680FF03BFBC00F00B3FFE761
:1071A0000999D1F8040820F00100C1F804080B98EF
:1071B00090F8CC04012808D1FFE70B98002180F853
:1071C000CC140B98FFF7D8FA03E00B9800F0B8FB4B
:1071D000FFE70B980168486900F000404861FFE74D
:1071E0000B9800680FF014FB0005002811D5FFE78D
:1071F0000998D0F80808C00720B1FFE70B9800F005
:1072000033FCFFE70B980168486900F400604861AF
:10721000FFE70B9800680FF0FBFA0001002820D56B
:10722000FFE70B980168486900F0006048610B981F
:1072300090F8CC0480B9FFE70B98012180F8CC14BA
:107240000B980068406DC0F383000B9AC2F8D0041D
:107250000B98FFF791FA03E00B9800F005FCFFE7AD
:10726000FFE70B9800680FF0D3FAC004002840F144
:107270008680FFE70999D1F8040820F00100C1F8E1
:1072800004080B98006810210FF0EAF9002007901D
:10729000FFE707980B990979884231D2FFE70998EF
:1072A000079900EB41114FF67F30C1F808090999A1
:1072B000079A01EB4212D2F8001921F40011C2F82A
:1072C00000190999079A01EB4211C1F8080B0998B6
:1072D000079900EB4111D1F8000B20F40010C1F820
:1072E000000B0998079900EB4111D1F8000B40F011
:1072F0000060C1F8000BFFE7079801300790C8E76E
:107300000999D1F81C0840F00110C1F81C080B982D
:10731000C07B78B1FFE70999D1F8840840F00B00F1
:10732000C1F884080999D1F8440840F00B00C1F86D
:1073300044080FE00999D1F8140842F22B021043D7
:10734000C1F814080999D1F8100840F00B00C1F8F1
:107350001008FFE70999D1F8000820F4FE60C1F891
:1073600000080B9A1068917902F29C420EF0B8FD69
:107370000B980168486900F480504861FFE70B985A
:1073800000680FF045FA800400281FD5FFE70B982E
:1073900000680EF0B9FA0B9800680FF0A1F90B998C
:1073A000C8710B980068019002F0CEF80146019870
:1073B0000B9AD2790FF038FB0B9800F095FA0B98E6
:1073C0000168486900F400504861FFE70B980068C5
:1073D0000FF01EFA000700280AD5FFE70B9800F00F
:1073E000BBFA0B980168486900F008004861FFE7A4
:1073F0000B9800680FF00CFA0006002825D5FFE76F
:107400000A99886920F08000886101200490FFE7D4
:1074100004980B990979884216D2FFE70B980499D2
:1074200001EBC10100EB810090F85702012806D161
:10743000FFE70B989DF81010FFF742FAFFE7FFE710
:10744000049801300490E3E7FFE70B9800680FF021
:10745000DFF9C00200283CD5FFE701200490FFE7D8
:1074600004980B99097988422CD2FFE7099804996E
:1074700000EB4110D0F8000902900B98049901EB41
:10748000C10100EB8100007E012816D1FFE79DF8C5
:107490000B000006002810D5FFE70B98049901EBBC
:1074A000C10100EB81010120C8750B989DF81010F7
:1074B00041F08001FFF704FAFFE7FFE7049801308D
:1074C0000490CDE70B980168486900F4801048618A
:1074D000FFE70B9800680FF09BF98002002855D554
:1074E000FFE701200490FFE704980B99097988428F
:1074F00045D2FFE70998049900EB4110D0F8000B42
:1075000002900B98049901EBC10100EB810090F807
:10751000580201282ED1FFE79DF80B000006002835
:1075200028D5FFE7029800F480300B99D1F8D414E5
:1075300001F0010188421DD1FFE70B98049901EB8E
:10754000C10100EB8101012081F857020A99886985
:1075500040F0800088610A9840690006002808D43D
:10756000FFE70999D1F8040840F40070C1F8040855
:1075700005E0FFE7FFE7049801300490B4E70B98BB
:107580000168486900F400104861FFE70B98006843
:107590000FF03EF9400000280AD5FFE70B98FFF7EF
:1075A0004FF90B980168486900F080404861FFE797
:1075B0000B9800680FF02CF94007002815D5FFE75D
:1075C0000B980068406802909DF80800400700286A
:1075D00004D5FFE70B98FFF767F9FFE7029A0B98CE
:1075E0000168486810434860FFE7FFE70CB080BDC2
:1075F00080B582B001908DF803100198D0F8E004B6
:107600009DF803100DF04CFA02B080BD00000000A0
:1076100080B582B001908DF803100198D0F8E00495
:107620009DF803100DF074FA02B080BD0000000058
:1076300080B58CB00A900A9820B9FFE701208DF838
:107640002F000EE10A9890F8950440B9FFE70A99D7
:10765000002081F894040A9800F00AF9FFE70A99DB
:10766000032081F895040A9800680EF02DFC0A9B0F
:107670001868197C8DF8201059689A68DB680793A0
:10768000069205910599069A079BDDF820C0EE4603
:10769000CEF800C00EF050F940B1FFE70A99022081
:1076A00081F8950401208DF82F00DAE00A9800682F
:1076B00000210FF019F940B1FFE70A99022081F883
:1076C000950401208DF82F00CBE000208DF82700D5
:1076D000FFE79DF827000A990979884241DAFFE718
:1076E0000A989DF8271001EBC10100EB81010120F0
:1076F00048759DF827000A9900EBC00201EB820152
:1077000008759DF827000A9900EBC00201EB820181
:10771000C8850A989DF8271001EBC10100EB810193
:10772000002008760A999DF8272002EBC20201EB9F
:107730008201C8610A999DF8272002EBC20201EB81
:10774000820108620A999DF8272002EBC20201EB30
:1077500082014862FFE79DF8270001308DF827007D
:10776000B7E700208DF82700FFE79DF827000A996A
:10777000097988423EDAFFE70A989DF8271001EB65
:10778000C10100EB8101002081F855029DF827100E
:107790000A9A01EBC10302EB830282F854120A99A0
:1077A0009DF8272002EBC20201EB820181F858020A
:1077B0000A999DF8272002EBC20201EB8201C1F871
:1077C0005C020A999DF8272002EBC20201EB8201BC
:1077D000C1F860020A999DF8272002EBC20201EB72
:1077E0008201C1F86402FFE79DF8270001308DF89F
:1077F0002700BAE70A9B1868197C8DF810105968A1
:107800009A68DB680393029201910199029A039BA3
:10781000DDF810C0EE46CEF800C00EF00DFA40B113
:10782000FFE70A99022081F8950401208DF82F00C6
:1078300017E00A99002048740A99012081F89504FC
:107840000A98007B012804D1FFE70A98FEF778FF29
:10785000FFE70A9800680EF0D7F900208DF82F0096
:10786000FFE79DF82F000CB080BD00000000000075
:1078700080B5B2B0319002A8B821F8F791FD3198E7
:1078800000680021C4F2040188422BD1FFE70020E8
:1078900003904FF4802002904FF44010239002A8F0
:1078A00000F00EFC18B1FFE7F9F71AFEFFE700F051
:1078B0004FF9FFE744F2D840C5F60200016841F0F5
:1078C00000710160006800F0007001900198FFE70E
:1078D0004D20009000221146FEF712FF0098FEF79F
:1078E00003FFFFE732B080BD80B582B00190012078
:1078F0008DF803000198C07920B9FFE700208DF8CA
:1079000003000CE00198C079022804D1FFE70120B0
:107910008DF8030002E0F9F7E3FDFFE7FFE70198C8
:10792000D0F8E0049DF803100DF0FAF90198D0F8B2
:10793000E0040DF071F902B080BD0000000000000D
:1079400080B582B001900198D0F8E0040DF0B4F950
:1079500002B080BD0000000080B582B001900198A7
:10796000D0F8E0040DF0BCF902B080BD00000000CA
:1079700080B584B002908DF80710FFE7029890F868
:107980009404012804D1FFE702208DF80F0019E0CC
:107990000299012081F89404FFE7FFE79DF80700B2
:1079A00002994874029800689DF807100FF00CF8CF
:1079B000FFE70299002081F89404FFE700208DF88A
:1079C0000F00FFE79DF80F0004B080BD000000002D
:1079D00080B582B001900199D1F8E00401F29C4198
:1079E0000DF0CAF902B080BD80B584B00290029853
:1079F00000680190FFE7029890F89404012804D1F0
:107A0000FFE702208DF80F0028E00299012081F89D
:107A10009404FFE7FFE70198C068400600280BD5F3
:107A2000FFE70298407B012806D1FFE70199886BA8
:107A300040F480308863FFE7029800680EF0C8FDCC
:107A4000029800680EF0C8F8FFE70299002081F85C
:107A50009404FFE700208DF80F00FFE79DF80F006A
:107A600004B080BD0000000080B582B00190019894
:107A7000D0F8E0040DF008FA01980168D1F8000E82
:107A800040F00100C1F8000E0198C07A48B1FFE74C
:107A90004EF61051CEF20001086840F00600086072
:107AA000FFE702B080BD000080B584B0029044F6CC
:107AB0000C00C5F60200006800F004010020B0EBE5
:107AC000910F13D1FFE744F60C00C5F602000068E1
:107AD00000F007000299884204D0FFE701208DF8EA
:107AE0000F002EE000208DF80F002AE044F60C0174
:107AF000C5F60201086820F00700029A10430860EA
:107B0000FEF73EFD0190FFE744F60400C5F60200D3
:107B1000006800F400510020B0EB513F0DD1FFE7A9
:107B2000FEF72EFD0199401AB0F57A7F04D9FFE7E0
:107B300001208DF80F0004E0E6E700208DF80F002B
:107B4000FFE79DF80F0004B080BD000000000000BA
:107B500044F60C01C5F60201086840F08070086028
:107B6000704700000000000080B501F0EDFC44F219
:107B70002041C5F602010968C1F3021244F6B411AE
:107B8000C0F60201895C01F01F01C84080BD000001
:107B900088B0079044F22840C5F60200016801F061
:107BA000030106910068C0F30530059044F22C40B3
:107BB000C5F602000068C0F300100490049844F277
:107BC0003C41C5F60201096889B2C908484300EE84
:107BD000100AB8EE400A8DED020A0598002800F060
:107BE0001181FFE70698009048B1FFE7009801284F
:107BF00065D0FFE70098022800F08380A3E044F2FC
:107C00000040C5F60200006800F020010020B0EB43
:107C1000511F31D0FFE744F20040C5F60200006872
:107C2000C0F3C10149F20000C0F2D030C840039057
:107C30009DED030AB8EE400A9DED051AB8EE411A13
:107C400080EE010A44F23840C5F6020000686FF386
:107C50005F2001EE100AB8EE411A9DED022A9FED59
:107C60006F3A02EE031AB7EE002A31EE021A20EE46
:107C7000010A8DED010A21E09DED050AB8EE401ADA
:107C80009FED680A80EE010A44F23840C5F6020012
:107C900000686FF35F2001EE100AB8EE411A9DED07
:107CA000022A9FED5E3A02EE031AB7EE002A31EE89
:107CB000021A20EE010A8DED010AFFE765E09DED55
:107CC000050AB8EE401A9FED560A80EE010A44F20A
:107CD0003840C5F6020000686FF35F2001EE100A1D
:107CE000B8EE411A9DED022A9FED4C3A02EE031ABE
:107CF000B7EE002A31EE021A20EE010A8DED010ADC
:107D000043E09DED050AB8EE401A9FED430A80EE70
:107D1000010A44F23840C5F6020000686FF35F20A4
:107D200001EE100AB8EE411A9DED022A9FED3B3A92
:107D300002EE031AB7EE002A31EE021A20EE010A13
:107D40008DED010A21E09DED050AB8EE401A9FED88
:107D5000340A80EE010A44F23840C5F60200006899
:107D60006FF35F2001EE100AB8EE411A9DED022A72
:107D70009FED2A3A02EE031AB7EE002A31EE021AFC
:107D800020EE010A8DED010AFFE79DED010A44F2A4
:107D90003840C5F60200016889B2490A01EE101A9E
:107DA000B8EE411AB7EE002A31EE021A80EE010A4F
:107DB0000799BCEEC00A81ED000A9DED010A016839
:107DC000C1F3064101EE101AB8EE411A31EE021A63
:107DD00080EE010A0799BCEEC00A81ED010A9DED13
:107DE000010A0068C0F3066001EE100AB8EE411AFD
:107DF00031EE021A80EE010A0798BCEEC00A80ED4F
:107E0000020A07E00799002008600799486007996F
:107E10008860FFE708B07047001BB74B00000039CF
:107E20000024744A0024744C88B0079044F228401F
:107E3000C5F60200016801F0030106910068C0F375
:107E40000550059044F22C40C5F602000068C0F3CE
:107E500000200490049844F24441C5F602010968E8
:107E600089B2C908484300EE100AB8EE400A8DED09
:107E7000020A0598002800F01181FFE7069800909B
:107E800048B1FFE70098012865D0FFE70098022875
:107E900000F08380A3E044F20040C5F602000068D1
:107EA00000F020010020B0EB511F31D0FFE744F279
:107EB0000040C5F602000068C0F3C10149F20000AD
:107EC000C0F2D030C84003909DED030AB8EE400ADE
:107ED0009DED051AB8EE411A80EE010A44F24040C9
:107EE000C5F6020000686FF35F2001EE100AB8EEDD
:107EF000411A9DED022A9FED6F3A02EE031AB7EE8A
:107F0000002A31EE021A20EE010A8DED010A21E06D
:107F10009DED050AB8EE401A9FED680A80EE010A51
:107F200044F24040C5F6020000686FF35F2001EEA6
:107F3000100AB8EE411A9DED022A9FED5E3A02EE5C
:107F4000031AB7EE002A31EE021A20EE010A8DED77
:107F5000010AFFE765E09DED050AB8EE401A9FEDC6
:107F6000560A80EE010A44F24040C5F6020000685D
:107F70006FF35F2001EE100AB8EE411A9DED022A60
:107F80009FED4C3A02EE031AB7EE002A31EE021AC8
:107F900020EE010A8DED010A43E09DED050AB8EEE1
:107FA000401A9FED430A80EE010A44F24040C5F6B4
:107FB000020000686FF35F2001EE100AB8EE411A6C
:107FC0009DED022A9FED3B3A02EE031AB7EE002A1E
:107FD00031EE021A20EE010A8DED010A21E09DED3D
:107FE000050AB8EE401A9FED340A80EE010A44F209
:107FF0004040C5F6020000686FF35F2001EE100AF2
:10800000B8EE411A9DED022A9FED2A3A02EE031ABC
:10801000B7EE002A31EE021A20EE010A8DED010AB8
:10802000FFE79DED010A44F24040C5F602000168F9
:1080300089B2490A01EE101AB8EE411AB7EE002AC9
:1080400031EE021A80EE010A0799BCEEC00A81EDFA
:10805000000A9DED010A0168C1F3064101EE101A04
:10806000B8EE411A31EE021A80EE010A0799BCEE11
:10807000C00A81ED010A9DED010A0068C0F30660A7
:1080800001EE100AB8EE411A31EE021A80EE010A32
:108090000798BCEEC00A80ED020A07E007990020AD
:1080A00008600799486007998860FFE708B0704743
:1080B000001BB74B000000390024744A0024744CA4
:1080C00080B59AB0189000208DF857008DF85600B2
:1080D0001898C0780007002848D5FFE71898406E28
:1080E000149078B1FFE71498B0F5801F13D0FFE724
:1080F0001498B0F5001F16D0FFE71498B0F5401F94
:1081000019D019E044F22C41C5F60201086840F488
:108110000030086014E018980830022108F080F858
:108120008DF857000CE018982830022108F060F90B
:108130008DF8570004E003E001208DF85700FFE7B9
:108140009DF8570060B9FFE744F25041C5F60201BF
:10815000086820F44010189A526E1043086004E03A
:108160009DF857008DF85600FFE7FFE71898407814
:10817000C007002840D0FFE71898806D13900428AE
:1081800020D81399DFE801F0030C141C1D0044F201
:108190002C41C5F60201086840F40030086015E083
:1081A00018980830002108F03BF88DF857000DE0D2
:1081B00018982830002108F01BF98DF8570005E0C9
:1081C00004E003E001208DF85700FFE79DF8570019
:1081D00060B9FFE744F25041C5F60201086820F09B
:1081E0000700189A926D1043086004E09DF857004C
:1081F0008DF85600FFE7FFE7189840784007002801
:1082000056D5FFE71898D0F8A4001290C8B1FFE740
:108210001298B0F5001F1DD0FFE71298B0F5800F3F
:1082200020D0FFE71298B0F5C00F23D0FFE71298D7
:10823000B0F5000F1FD0FFE71298B0F5200F1BD04C
:108240001BE044F22C41C5F60201086840F40030FE
:10825000086016E018980830002107F0E1FF8DF85B
:1082600057000EE018982830002108F0C1F88DF86A
:10827000570006E005E004E003E001208DF8570018
:10828000FFE79DF8570068B9FFE744F25841C5F68B
:108290000201086820F46000189AD2F8A420104364
:1082A000086004E09DF857008DF85600FFE7FFE7EF
:1082B000189840780007002856D5FFE71898D0F89E
:1082C000A8001190C8B1FFE71198B0F1807F1DD0D0
:1082D000FFE71198B0F1007F20D0FFE71198B0F1CF
:1082E000407F23D0FFE71198B0F1806F1FD0FFE7E8
:1082F0001198B0F1A06F1BD01BE044F22C41C5F6E1
:108300000201086840F40030086016E01898083050
:10831000002107F085FF8DF857000EE018982830EF
:10832000002108F065F88DF8570006E005E004E04C
:1083300003E001208DF85700FFE79DF8570068B96A
:10834000FFE744F25841C5F60201086820F0E060FA
:10835000189AD2F8A8201043086004E09DF857004E
:108360008DF85600FFE7FFE71898C07880070028CF
:108370003ED5FFE71898C06C1090F0B1FFE7109859
:10838000102808D0FFE7109820280DD0FFE710989C
:10839000302811D012E044F22C41C5F602010868E1
:1083A00040F4003008600DE018980830022107F012
:1083B00037FF8DF8570005E004E003E001208DF859
:1083C0005700FFE79DF8570060B9FFE744F24C41C2
:1083D000C5F60201086820F03000189AD26C1043EC
:1083E000086004E09DF857008DF85600FFE7FFE7AE
:1083F00018984078C00600284ED5FFE71898C06D41
:108400000F90A0B1FFE70F98B0F5805F18D0FFE79D
:108410000F98B0F5005F1BD0FFE70F98B0F5405FF5
:108420001ED0FFE70F98B0F5804F1AD01AE044F243
:108430002C41C5F60201086840F40030086015E0E0
:1084400018980830002107F0EBFE8DF857000DE07A
:1084500018982830002107F0CBFF8DF8570005E071
:1084600004E003E001208DF85700FFE79DF8570076
:1084700060B9FFE744F25041C5F60201086820F4F4
:10848000E040189AD26D1043086004E09DF8570050
:108490008DF85600FFE7FFE718984078800600281F
:1084A0004CD5FFE71898006E0E90C8B1FFE70E9804
:1084B000B0F5803F15D0FFE70E98B0F5003F18D01B
:1084C000FFE70E98B0F5403F1BD0FFE70E98B0F5E0
:1084D000802F17D0FFE70E98B0F5A02F13D013E030
:1084E00016E018980830012107F09AFE8DF8570021
:1084F0000EE018982830012107F07AFF8DF8570018
:1085000006E005E004E003E001208DF85700FFE7F6
:108510009DF8570060B9FFE744F25041C5F60201EB
:10852000086820F4E020189A126E1043086004E0F6
:108530009DF857008DF85600FFE7FFE71898407840
:10854000400600284ED5FFE71898D0F8AC000D90F3
:10855000C8B1FFE70D98B0F1805F15D0FFE70D9827
:10856000B0F1005F18D0FFE70D98B0F1405F1BD06D
:10857000FFE70D98B0F1804F17D0FFE70D98B0F1ED
:10858000A04F13D013E016E018980830012107F02F
:1085900047FE8DF857000EE018982830012107F0AB
:1085A00027FF8DF8570006E005E004E003E0012016
:1085B0008DF85700FFE79DF8570068B9FFE744F2D0
:1085C0005841C5F60201086820F0E040189AD2F838
:1085D000AC201043086004E09DF857008DF8560069
:1085E000FFE7FFE718984078000600283BD5FFE733
:1085F0001898C06E0C90D8B1FFE70C98B0F1805F6E
:1086000005D0FFE70C98B0F1005F09D011E044F20B
:108610002C41C5F60201086840F4003008600CE007
:1086200018980830012107F0FBFD8DF8570004E091
:1086300003E001208DF85700FFE79DF8570060B96F
:10864000FFE744F25041C5F60201086820F04050AF
:10865000189AD26E1043086004E09DF857008DF818
:108660005600FFE7FFE71898C078C007002837D00A
:10867000FFE71898806C0B90032817D80B99DFE858
:1086800001F014020B1344F22C41C5F602010868F4
:1086900040F4003008600DE018980830022107F01F
:1086A000BFFD8DF8570005E004E003E001208DF8E0
:1086B0005700FFE79DF8570060B9FFE744F24C41CF
:1086C000C5F60201086820F00300189A926C104366
:1086D000086004E09DF857008DF85600FFE7FFE7BB
:1086E000189880784006002840F1B480FFE744F6EF
:1086F0000001C5F60201086840F480700860FDF7CB
:108700003FFF1690FFE744F60000C5F60200006840
:10871000C00500280CD4FFE7FDF732FF1699401A78
:10872000652804D3FFE703208DF8570000E0EAE74F
:108730009DF85700002840F08780FFE744F2704022
:10874000C5F60200006800F440701899D1F8B01026
:1087500001F44071884213D0FFE744F27041C5F63E
:108760000201086820F440701790086840F48030D7
:108770000860086820F48030086017980860FFE7F8
:108780001898D0F8B000B0F5807F1FD1FFE7FDF753
:10879000F7FE1690FFE744F27040C5F6020000684D
:1087A00000F002010020B0EB510F0ED1FFE7FDF702
:1087B000E7FE1699401A41F28931884204D3FFE757
:1087C00003208DF8570000E0E5E7FFE79DF857002C
:1087D000A0BBFFE7FFE71898D0F8B00000F44070A6
:1087E000B0F5407F13D1FFE744F21041C5F6020116
:1087F000086820F47C50189AD2F8B0204FF6F04365
:10880000C0F6FF731A4040EA1210086008E044F214
:108810001041C5F60201086820F47C500860FFE7AB
:108820001898D0F8B0206FF31F3244F27041C5F6AB
:108830000201086810430860FFE704E09DF8570054
:108840008DF85600FFE704E09DF857008DF85600BC
:10885000FFE7FFE718980068C007002800F04C8089
:10886000FFE71898806F0A9028282BD80A99DFE82C
:1088700001F01529292929292929162929292929F0
:1088800029291E2929292929292926292929292966
:1088900029292729292929292929280016E0189872
:1088A0000830012107F0BCFC8DF857000EE0189845
:1088B0002830012107F09CFD8DF8570006E005E007
:1088C00004E003E001208DF85700FFE79DF8570012
:1088D00060B9FFE744F25441C5F60201086820F090
:1088E0003800189A926F1043086004E09DF8570012
:1088F0008DF85600FFE7FFE71898007880070028FA
:1089000039D5FFE71898406F0990052819D80999BB
:10891000DFE801F003040C14151616E0189808306F
:10892000012107F07DFC8DF857000EE018982830E3
:10893000012107F05DFD8DF8570006E005E004E039
:1089400003E001208DF85700FFE79DF8570060B95C
:10895000FFE744F25441C5F60201086820F0070021
:10896000189A526F1043086004E09DF857008DF884
:108970005600FFE7FFE718980078400700283BD52E
:10898000FFE71898D0F890000890052819D80899A2
:10899000DFE801F003040C14151616E018980830EF
:1089A000012107F03DFC8DF857000EE018982830A3
:1089B000012107F01DFD8DF8570006E005E004E0F9
:1089C00003E001208DF85700FFE79DF8570068B9D4
:1089D000FFE744F25841C5F60201086820F007009D
:1089E000189AD2F890201043086004E09DF85700D0
:1089F0008DF85600FFE7FFE71898007880060028FA
:108A00004ED5FFE71898D0F88C000790C8B1FFE763
:108A10000798B0F1805F15D0FFE70798B0F1005FCD
:108A200018D0FFE70798B0F1405F1BD0FFE7079829
:108A3000B0F1804F17D0FFE70798B0F1A04F13D0E7
:108A400013E016E018980830002107F0E9FB8DF8D4
:108A500057000EE018982830022107F0C9FC8DF865
:108A6000570006E005E004E003E001208DF8570020
:108A7000FFE79DF8570068B9FFE744F25441C5F697
:108A80000201086820F0E040189AD2F88C201043C8
:108A9000086004E09DF857008DF85600FFE7FFE7F7
:108AA00018980078400600284ED5FFE71898D0F8AF
:108AB00098000690C8B1FFE70698B0F5806F15D012
:108AC000FFE70698B0F5006F18D0FFE70698B0F5FD
:108AD000406F1BD0FFE70698B0F5805F17D0FFE727
:108AE0000698B0F5A05F13D013E016E01898083090
:108AF000002107F095FB8DF857000EE018982830FC
:108B0000022107F075FC8DF8570006E005E004E04F
:108B100003E001208DF85700FFE79DF8570068B982
:108B2000FFE744F25841C5F60201086820F4E0501E
:108B3000189AD2F898201043086004E09DF8570076
:108B40008DF85600FFE7FFE7189800780006002828
:108B50004ED5FFE71898D0F89C000590C8B1FFE704
:108B60000598B0F5005F15D0FFE70598B0F5804F88
:108B700018D0FFE70598B0F5C04F1BD0FFE7059868
:108B8000B0F5004F17D0FFE70598B0F5204F13D090
:108B900013E016E018980830002107F041FB8DF82B
:108BA00057000EE018982830022107F021FC8DF8BC
:108BB000570006E005E004E003E001208DF85700CF
:108BC000FFE79DF8570068B9FFE744F25841C5F642
:108BD0000201086820F46040189AD2F89C201043E3
:108BE000086004E09DF857008DF85600FFE7FFE7A6
:108BF000189800780007002820D5FFE71898D0F8CB
:108C00008000B0F5805F0CD1FFE718982830022172
:108C100007F0EEFB20B1FFE701208DF85600FFE7DB
:108C2000FFE744F25441C5F60201086820F44050C1
:108C3000189AD2F8802010430860FFE7189800784F
:108C4000C006002820D5FFE71898D0F89400B0F5AA
:108C5000807F0CD1FFE718982830022107F0C8FB6D
:108C600020B1FFE701208DF85600FFE7FFE744F24F
:108C70005841C5F60201086820F44070189AD2F8ED
:108C8000942010430860FFE71898807800070028B8
:108C90003CD5FFE71898D0F8A000049050B1FFE74A
:108CA0000498B0F5803F0DD0FFE70498B0F5003F81
:108CB00010D010E018980830002107F0B1FA8DF8B4
:108CC00057000CE018982830022107F091FB8DF82E
:108CD000570004E003E001208DF85700FFE79DF8FE
:108CE000570068B9FFE744F25841C5F60201086829
:108CF00020F44030189AD2F8A0201043086004E015
:108D00009DF857008DF85600FFE7FFE71898807828
:108D1000400700283FD5FFE71898D0F8840003905B
:108D2000B0F5801F0AD0FFE70398B0F5001F0ED002
:108D3000FFE70398B0F5401F11D011E044F22C4139
:108D4000C5F60201086840F4003008600CE018988D
:108D50002830012107F04CFB8DF8570004E003E0B8
:108D600001208DF85700FFE79DF8570068B9FFE72D
:108D700044F25441C5F60201086820F44010189AE4
:108D8000D2F884201043086004E09DF857008DF865
:108D90005600FFE7FFE718988078C007A8B3FFE701
:108DA0001898006D029028B1FFE70298B0F5803F57
:108DB00009D010E044F22C41C5F60201086840F4E5
:108DC000003008600BE018980830022107F028FAFC
:108DD0008DF8570003E001208DF85700FFE79DF85C
:108DE000570060B9FFE744F24C41C5F6020108683C
:108DF00020F48030189A126D1043086004E09DF84A
:108E000057008DF85600FFE7FFE71898C0788006F6
:108E100000280CD5FFE718982830022107F0E8FA5F
:108E200020B1FFE701208DF85600FFE7FFE7189813
:108E30008078800700283AD5FFE71898C06F019026
:108E4000D0B1FFE70198B0F5807F0AD0FFE7019825
:108E5000B0F5007F0ED0FFE70198B0F5407F0AD053
:108E60000BE044F22C41C5F60201086840F40030E2
:108E7000086006E005E004E003E001208DF85700FB
:108E8000FFE79DF8570060B9FFE744F25441C5F68B
:108E90000201086820F44070189AD26F10430860ED
:108EA00004E09DF857008DF85600FFE7FFE718989B
:108EB0008078C00600280CD5FFE744F25041C5F683
:108EC0000201086820F00040189A126F10430860F1
:108ED000FFE718988078800600280CD5FFE744F259
:108EE0005041C5F60201086820F08070189A926E11
:108EF00010430860FFE71898C0784006002811D595
:108F0000FFE7FFE744F21041C5F60201086820F4CC
:108F1000004008601898D0F8B42008681043086032
:108F2000FFE7FFE71898C078000600280CD5FFE798
:108F300044F24C41C5F60201086820F04050189AEE
:108F4000526D10430860FFE71898807800060028EB
:108F50000DD5FFE744F25441C5F60201086820F43C
:108F60004000189AD2F8882010430860FFE718984C
:108F70000079C00790B1FFE718980830002107F08A
:108F80004FF98DF857009DF8570008B9FFE704E046
:108F90009DF857008DF85600FFE7FFE71898007915
:108FA0008007002812D5FFE718980830012107F044
:108FB00037F98DF857009DF8570008B9FFE704E02E
:108FC0009DF857008DF85600FFE7FFE718980079E5
:108FD0004007002812D5FFE718980830022107F053
:108FE0001FF98DF857009DF8570008B9FFE704E016
:108FF0009DF857008DF85600FFE7FFE718980079B5
:109000000007002812D5FFE718982830002107F044
:10901000EFF98DF857009DF8570008B9FFE704E015
:109020009DF857008DF85600FFE7FFE71898007984
:10903000C006002812D5FFE718982830012107F054
:10904000D7F98DF857009DF8570008B9FFE704E0FD
:109050009DF857008DF85600FFE7FFE71898007954
:109060008006002812D5FFE718982830022107F063
:10907000BFF98DF857009DF8570008B9FFE704E0E5
:109080009DF857008DF85600FFE7FFE79DF8560062
:1090900020B9FFE700208DF8670003E001208DF87C
:1090A0006700FFE79DF867001AB080BD0000000070
:1090B00080B586B004900391049820B9FFE70120A1
:1090C0008DF817003CE2039842F20001C5F200213E
:1090D000096801F00F01884216D9FFE742F200004B
:1090E000C5F20020016821F00F01039A11430160CD
:1090F000006800F00F000399884204D0FFE70120C8
:109100008DF817001CE2FFE704980078400700285C
:1091100019D5FFE70498006944F21841C5F6020129
:10912000096801F0700188420CD9FFE744F2184148
:10913000C5F60201086820F07000049A1269104315
:109140000860FFE7FFE7049800780007002819D5BA
:10915000FFE70498406944F21C41C5F60201096822
:1091600001F0700188420CD9FFE744F21C41C5F6BA
:109170000201086820F07000049A526910430860E8
:10918000FFE7FFE704980078C006002819D5FFE73D
:109190000498806944F21C41C5F60201096801F493
:1091A000E06188420CD9FFE744F21C41C5F6020198
:1091B000086820F4E060049A926910430860FFE7B1
:1091C000FFE7049800788006002819D5FFE7049887
:1091D000C06944F22041C5F60201096801F070013E
:1091E00088420CD9FFE744F22041C5F60201086825
:1091F00020F07000049AD26910430860FFE7FFE78F
:10920000049800788007002819D5FFE70498C06803
:1092100044F21841C5F60201096801F00F018842C5
:109220000CD9FFE744F21841C5F60201086820F0A6
:109230000F00049AD26810430860FFE7FFE7049824
:109240000078C007002800F08C80FFE744F2184146
:10925000C5F60201086820F47060049A9268104311
:10926000086004984068022811D1FFE744F20040EA
:10927000C5F60200006800F400310020B0EB514F49
:1092800004D1FFE701208DF8170059E13EE0049872
:109290004068032811D1FFE744F20040C5F6020000
:1092A000006800F000710020B0EB516F04D1FFE7BF
:1092B00001208DF8170043E127E004984068012859
:1092C00011D1FFE744F20040C5F60200006800F447
:1092D00080710020B0EB112F04D1FFE701208DF841
:1092E00017002DE110E044F20040C5F602000068CE
:1092F00000F004010020B0EB910F04D1FFE7012042
:109300008DF817001CE1FFE7FFE7FFE744F210418B
:10931000C5F60201086820F00700049A526810435D
:109320000860FDF72DF90190FFE744F21040C5F603
:109330000200006800F0380004994968B0EBC10FE2
:109340000ED0FFE7FDF71CF90199401A41F289316F
:10935000884204D3FFE703208DF81700F0E0E4E72C
:10936000FFE7049800788007002819D5FFE70498E4
:10937000C06844F21841C5F60201096801F00F0106
:1093800088420CD2FFE744F21841C5F60201086892
:1093900020F00F00049AD26810430860FFE7FFE74F
:1093A000039842F20001C5F20021096801F00F01A3
:1093B000884216D2FFE742F20000C5F200200168A1
:1093C00021F00F01039A11430160006800F00F00C3
:1093D0000399884204D0FFE701208DF81700AFE021
:1093E000FFE7049800784007002819D5FFE70498A4
:1093F000006944F21841C5F60201096801F07001E4
:1094000088420CD2FFE744F21841C5F60201086811
:1094100020F07000049A126910430860FFE7FFE72C
:10942000049800780007002819D5FFE704984069E0
:1094300044F21C41C5F60201096801F0700188423E
:109440000CD2FFE744F21C41C5F60201086820F087
:109450007000049A526910430860FFE7FFE7049820
:109460000078C006002819D5FFE70498806944F207
:109470001C41C5F60201096801F4E06188420CD282
:10948000FFE744F21C41C5F60201086820F4E060E1
:10949000049A926910430860FFE7FFE70498007898
:1094A0008006002819D5FFE70498C06944F22041DE
:1094B000C5F60201096801F0700188420CD2FFE78D
:1094C00044F22041C5F60201086820F07000049AB9
:1094D000D26910430860FFE7FFE700F089F844F223
:1094E0001842C5F602021168C1F3032344F6B41111
:1094F000C0F60201CB5C03F01F03D8400090009837
:10950000126802F00F02895C01F01F01C84040F2AE
:10951000E801C2F200410860009840F2E401C2F2A2
:109520000041086040F2F010C2F200400068FDF710
:109530007FF88DF80B009DF80B008DF81700FFE702
:109540009DF8170006B080BD80B582B000F050F8DD
:1095500044F21842C5F602021168C1F3032344F62F
:10956000B411C0F60201CB5C03F01F03D840019098
:109570000198126802F00F02895C01F01F0120FAC5
:1095800001F140F2E800C2F200400160019940F2AE
:10959000E402C2F200421160006802B080BD000027
:1095A00080B5FFF7D1FF44F21C41C5F602010968FE
:1095B000C1F3021244F6B411C0F60201895C01F055
:1095C0001F01C84080BD000080B5FFF7BDFF44F219
:1095D0001C41C5F602010968C1F3022244F6B41128
:1095E000C0F60201895C01F01F01C84080BD000087
:1095F0008AB044F21040C5F60200006800F038005E
:1096000001460191182800F25F810199DFE811F00D
:1096100019005C015C015C015C015C015C015C01A6
:109620003A005C015C015C015C015C015C015C0175
:1096300040005C015C015C015C015C015C015C015F
:10964000460044F20040C5F60200006800F0200128
:109650000020B0EB511F0ED0FFE744F20040C5F6EA
:1096600002000068C0F3C10149F20000C0F2D0302E
:10967000C840029005E049F20000C0F2D0300290EC
:10968000FFE727E140F60010C0F23D00029021E123
:1096900043F20060C0F26E1002901BE144F22840D9
:1096A000C5F60200016801F0030108910068C0F3EB
:1096B0000510079044F22C40C5F60200006800F047
:1096C00001000690069844F23441C5F6020109688B
:1096D00089B2C908484300EE100AB8EE400A8DED81
:1096E000040A0798002800F0EB80FFE70898009034
:1096F00048B1FFE70098012865D0FFE700980228ED
:1097000000F08380A3E044F20040C5F60200006848
:1097100000F020010020B0EB511F31D0FFE744F2F0
:109720000040C5F602000068C0F3C10149F2000024
:10973000C0F2D030C84005909DED050AB8EE400A51
:109740009DED071AB8EE411A80EE010A44F230404E
:10975000C5F6020000686FF35F2001EE100AB8EE54
:10976000411A9DED042A9FED5E3A02EE031AB7EE10
:10977000002A31EE021A20EE010A8DED030A21E0E3
:109780009DED070AB8EE401A9FED570A80EE010AD8
:1097900044F23040C5F6020000686FF35F2001EE2E
:1097A000100AB8EE411A9DED042A9FED4D3A02EEE3
:1097B000031AB7EE002A31EE021A20EE010A8DEDEF
:1097C000030AFFE765E09DED070AB8EE401A9FED3A
:1097D000450A80EE010A44F23040C5F602000068F6
:1097E0006FF35F2001EE100AB8EE411A9DED042AD6
:1097F0009FED3B3A02EE031AB7EE002A31EE021A51
:1098000020EE010A8DED030A43E09DED070AB8EE54
:10981000401A9FED320A80EE010A44F23040C5F64C
:10982000020000686FF35F2001EE100AB8EE411AE3
:109830009DED042A9FED2A3A02EE031AB7EE002AA4
:1098400031EE021A20EE010A8DED030A21E09DEDB2
:10985000070AB8EE401A9FED230A80EE010A44F28F
:109860003040C5F6020000686FF35F2001EE100A79
:10987000B8EE411A9DED042A9FED193A02EE031A43
:10988000B7EE002A31EE021A20EE010A8DED030A2E
:10989000FFE744F23040C5F60200006881B20120C3
:1098A00000EB512009909DED030A9DED091AB8EED9
:1098B000411A80EE010ABCEEC00A8DED020A02E0F8
:1098C00000200290FFE705E040F60010C0F23D00E6
:1098D0000290FFE702980AB0704700BF001BB74B29
:1098E000000000390024744A0024744C0000000079
:1098F00080B58CB00A900A9828B9FFE701208DF84E
:109900002F0000F001BD0A980078C007002800F081
:10991000B980FFE744F21040C5F60200006800F08D
:109920003800069044F22840C5F602000068059011
:10993000069810280AD0FFE7069818281CD1FFE7E0
:10994000059800F00300022816D1FFE744F200401A
:10995000C5F60200006800F400310020B0EB514F62
:1099600009D0FFE70A98406828B9FFE701208DF881
:109970002F0000F0C9BC84E0FFE70A984068B0F50A
:10998000803F09D1FFE744F20041C5F602010868B3
:1099900040F48030086032E00A98406868B9FFE718
:1099A00044F20041C5F60201086820F480300860E6
:1099B000086820F48020086020E00A984068B0F52C
:1099C000A02F0DD1FFE744F20041C5F6020108685F
:1099D00040F480200860086840F4803008600CE0A3
:1099E00044F20041C5F60201086820F480300860A6
:1099F000086820F480200860FFE7FFE7FFE7FFE743
:109A00000A984068F0B1FFE7FCF7BAFD0990FFE75C
:109A100044F20040C5F60200006800F40031002066
:109A2000B0EB514F0DD1FFE7FCF7AAFD0999401AA1
:109A3000652805D3FFE703208DF82F0000F064BCF4
:109A4000E6E71DE0FCF79CFD0990FFE744F20040CB
:109A5000C5F60200006800F400310020B0EB514F61
:109A60000DD0FFE7FCF78CFD0999401A652805D356
:109A7000FFE703208DF82F0000F046BCE6E7FFE784
:109A8000FFE7FFE70A9800788007002840F1C580CB
:109A9000FFE744F21040C5F60200006800F038000D
:109AA000049044F22840C5F6020000680390049830
:109AB00050B1FFE70498182850D1FFE79DF80C003B
:109AC000800700284AD1FFE744F20040C5F60200B3
:109AD000006800F004010020B0EB910F09D0FFE70F
:109AE0000A98C06828B9FFE701208DF82F0000F020
:109AF0000BBC44F20041C5F60201086820F01900D1
:109B00000A9AD26810430860FCF73AFD0990FFE713
:109B100044F20040C5F60200006800F00401002095
:109B2000B0EB910F0CD1FFE7FCF72AFD0999401A21
:109B3000032804D3FFE703208DF82F00E4E3E7E7D1
:109B400044F20441C5F60201086820F0FE400A9A7A
:109B5000126940EA02600860FFE75DE00A98C068A9
:109B6000A0B3FFE744F20041C5F60201086820F007
:109B700019000A9AD26810430860FCF701FD0990A9
:109B8000FFE744F20040C5F60200006800F004015F
:109B90000020B0EB910F0CD1FFE7FCF7F1FC099925
:109BA000401A032804D3FFE703208DF82F00ABE30E
:109BB000E7E744F20441C5F60201086820F0FE40E0
:109BC0000A9A126940EA0260086024E044F2004107
:109BD000C5F60201086820F001000860FCF7D0FC1F
:109BE0000990FFE744F20040C5F60200006800F06B
:109BF00004010020B0EB910F0CD0FFE7FCF7C0FC94
:109C00000999401A032804D3FFE703208DF82F0099
:109C10007AE3E7E7FFE7FFE7FFE70A980078C00687
:109C2000002840F1A080FFE744F21040C5F6020092
:109C3000006800F03800029044F22840C5F60200A7
:109C400000680190029808280AD0FFE702981828B7
:109C50002BD1FFE7019800F00300012825D1FFE791
:109C600044F20040C5F60200006800F48071002054
:109C7000B0EB112F09D0FFE70A98C069802804D003
:109C8000FFE701208DF82F003EE3FFE744F20C418F
:109C9000C5F60201086820F07C500A9A126A40EA70
:109CA00002600860FFE7FFE75CE00A98C06998B3CC
:109CB000FFE744F20041C5F60201086840F0800069
:109CC0000860FCF75DFC0990FFE744F20040C5F630
:109CD0000200006800F480710020B0EB112F0CD15D
:109CE000FFE7FCF74DFC0999401A032804D3FFE76E
:109CF00003208DF82F0007E3E7E7FFE744F20C416C
:109D0000C5F60201086820F07C500A9A126A40EAFF
:109D100002600860FFE724E044F20041C5F602015A
:109D2000086820F080000860FCF72AFC0990FFE733
:109D300044F20040C5F60200006800F48071002083
:109D4000B0EB112F0CD0FFE7FCF71AFC0999401A71
:109D5000032804D3FFE703208DF82F00D4E2E7E7C0
:109D6000FFE7FFE7FFE70A980078000700284FD5D4
:109D7000FFE70A98406928B3FFE744F27441C5F64B
:109D80000201086840F001000860FCF7F9FB099047
:109D9000FFE744F27440C5F60200006800F00201DB
:109DA0000020B0EB510F0CD1FFE7FCF7E9FB09995C
:109DB000401A032804D3FFE703208DF82F00A3E205
:109DC000E7E724E044F27441C5F60201086820F098
:109DD00001000860FCF7D4FB0990FFE744F27440EF
:109DE000C5F60200006800F002010020B0EB510F40
:109DF0000CD0FFE7FCF7C4FB0999401A032804D3F1
:109E0000FFE703208DF82F007EE2E7E7FFE7FFE79B
:109E10000A980078800600284FD5FFE70A988069E5
:109E200028B3FFE744F20041C5F60201086840F498
:109E300080500860FCF7A4FB0990FFE744F2004063
:109E4000C5F60200006800F400510020B0EB513F5D
:109E50000CD1FFE7FCF794FB0999401A032804D3BF
:109E6000FFE703208DF82F004EE2E7E724E044F2FD
:109E70000041C5F60201086820F480500860FCF734
:109E80007FFB0990FFE744F20040C5F6020000683E
:109E900000F400510020B0EB513F0CD0FFE7FCF77D
:109EA0006FFB0999401A032804D3FFE703208DF8BC
:109EB0002F0029E2E7E7FFE7FFE70A98007840076D
:109EC000002840F1A780FFE744F60001C5F6020133
:109ED000086840F480700860FCF752FB0990FFE7C7
:109EE00044F60000C5F602000068C00500280CD446
:109EF000FFE7FCF745FB0999401A652804D3FFE703
:109F000003208DF82F00FFE1EAE7FFE70A98806859
:109F1000012809D1FFE744F27041C5F60201086843
:109F200040F00100086031E00A98806868B9FFE7F6
:109F300044F27041C5F60201086820F00100086093
:109F4000086820F0040008601FE00A98806805286F
:109F50000DD1FFE744F27041C5F60201086840F0F8
:109F600004000860086840F0010008600CE044F25A
:109F70007041C5F60201086820F001000860086819
:109F800020F004000860FFE7FFE7FFE7FFE70A981B
:109F90008068F8B1FFE7FCF7F3FA0990FFE744F2B5
:109FA0007040C5F60200006800F002010020B0EB2E
:109FB000510F0ED1FFE7FCF7E3FA0999401A41F27D
:109FC0008931884204D3FFE703208DF82F009BE1FD
:109FD000E5E71EE0FCF7D4FA0990FFE744F2704091
:109FE000C5F60200006800F002010020B0EB510F3E
:109FF0000ED0FFE7FCF7C4FA0999401A41F2893103
:10A00000884204D3FFE703208DF82F007CE1E5E7C9
:10A01000FFE7FFE70A98406A002800F07181FFE738
:10A0200044F21040C5F60200006800F0380018281D
:10A0300000F0E080FFE70A98406A022840F0B48010
:10A04000FFE744F20041C5F60201086820F0807085
:10A050000860FCF795FA0990FFE744F20040C5F666
:10A060000200006800F000710020B0EB516F0CD0CE
:10A07000FFE7FCF785FA0999401A032804D3FFE7A4
:10A0800003208DF82F003FE1E7E7FFE744F2284186
:10A09000C5F60201086840F2F33290430A9B9A6ABF
:10A0A000DB6A42EA0312104308600A99086BD1F890
:10A0B00034C08B6BCA6B01386FF35F204FF60061C1
:10A0C000CFF6FF7101EB4C2189B208440021CFF695
:10A0D000FF7101EB034101F4FE0108444FF07F41A1
:10A0E00001EB026101F0FE41084444F23041C5F643
:10A0F00002010860FFE744F22C41C5F6020100911D
:10A10000086820F00100086044F23442C5F60202FB
:10A1100010684FF6F87398430A9B9B6C40EAC300A3
:10A120001060086820F00C000A9A126C1043086056
:10A13000086820F002000A9A526C10430860086810
:10A1400040F480300860086840F400300860086817
:10A1500040F480200860086840F00100086044F284
:10A160000041C5F60201086840F080700860FCF705
:10A1700007FA0990FFE744F20040C5F602000068C4
:10A1800000F000710020B0EB516F0CD1FFE7FCF73D
:10A19000F7F90999401A032804D3FFE703208DF843
:10A1A0002F00B1E0E7E724E044F20041C5F60201E8
:10A1B000086820F080700860FCF7E2F90990FFE77A
:10A1C00044F20040C5F60200006800F00071002073
:10A1D000B0EB516F0CD0FFE7FCF7D2F90999401AA8
:10A1E000032804D3FFE703208DF82F008CE0E7E776
:10A1F000FFE784E044F22840C5F6020000680890BA
:10A2000044F23040C5F60200006807900A98406AA0
:10A21000012837D0FFE7089800F003000A99896AFF
:10A2200088422FD1FFE7089800F47C710A98C06A31
:10A23000B0EB111F26D1FFE707986FF35F200A9953
:10A24000096B013988421DD1FFE7BDF81C100A983F
:10A25000406B0138B0EB512F14D1FFE7079800F4A1
:10A26000FE010A98806B0138B0EB114F0AD1FFE76D
:10A27000079800F0FE410A98C06B0138B0EB116FEF
:10A2800004D0FFE701208DF82F003DE044F2344078
:10A29000C5F60200006880B2C00808900A98806C79
:10A2A0000899884229D0FFE744F22C41C5F6020103
:10A2B000086820F001000860FCF762F90990FFE7E8
:10A2C000FCF75EF90999401A08B9FFE7F8E744F28C
:10A2D0003441C5F6020108684FF6F87290430A9AB5
:10A2E000926C40EAC200086044F22C41C5F60201BB
:10A2F000086840F001000860FFE7FFE7FFE7FFE7BD
:10A3000000208DF82F00FFE79DF82F000CB080BDD6
:10A3100081B0009001B0704780B588B00790079871
:10A3200000680069069007980068406905900698E3
:10A330000599084004900798006880680390002001
:10A340000290079890F881008DF807000798006840
:10A35000303000909DF815000007002810D5FFE769
:10A360009DF81800000700280AD5FFE70798016844
:10A37000886940F400608861079800F0C1FB91E1B2
:10A380009DF810004006002815D4FFE79DF8100046
:10A39000800600280FD4FFE79DF810004007002832
:10A3A00009D5FFE70798416F88470798016F8847ED
:10A3B00001200290FFE79DF810004006002811D40C
:10A3C000FFE79DF81000C00760B1FFE79DF810009F
:10A3D0004007002806D4FFE70798016F884701204F
:10A3E0000290FFE79DF810008006002812D4FFE7D6
:10A3F0009DF81000800700280CD5FFE79DF810009D
:10A400004007002806D4FFE70798416F88470120DE
:10A410000290FFE7029808B1FFE743E19DF81000C2
:10A420000007002840F18980FFE7079801688869E4
:10A4300040F00800886107980168886940F01000C2
:10A44000886107980168886940F40060886107980E
:10A450000168086920F008000861079800688068B2
:10A4600010F4404F3AD1FFE7FFE70798B0F86A00D1
:10A4700098B3FFE70798C06810280BD3FFE7079849
:10A480000068006B0799496E08600799486E0430B0
:10A4900048661BE00798C06808280AD3FFE70098C1
:10A4A00000880799496E08800799486E023048660F
:10A4B0000BE00798006890F830000799496E087023
:10A4C0000799486E01304866FFE7FFE70799B1F842
:10A4D0006A000138A1F86A00C7E7FFE7079806F0AD
:10A4E00077F80799012081F881000798D0F8840057
:10A4F00020B1FFE70798FFF70BFFD3E09DF80700B7
:10A50000052804D1FFE7079801F042F814E09DF810
:10A510000700042804D1FFE7079800F0EDFA0AE0ED
:10A520009DF80700032804D1FFE7079801F02CF8F5
:10A5300000E0FFE7FFE7FFE7B4E0BDF8100010F42C
:10A54000587F00F0AF80FFE79DF81000400600281C
:10A550000ED5FFE70799D1F8840040F00400C1F858
:10A56000840007980168886940F040008861FFE72F
:10A570009DF81100800700280ED5FFE70799D1F854
:10A58000840040F00100C1F88400079801688869E0
:10A5900040F400708861FFE79DF81100C00770B1BA
:10A5A000FFE70799D1F8840040F00800C1F8840063
:10A5B00007980168886940F480708861FFE79DF81A
:10A5C0001000800600280ED5FFE70799D1F8840017
:10A5D00040F08000C1F8840007980168886940F065
:10A5E00020008861FFE70798D0F88400002858D041
:10A5F000FFE707980168086820F0010008600798E5
:10A600000168086940F26B3290430861039800F4D6
:10A610004040B0F5404F3BD1FFE70798016888689C
:10A6200020F4404088600798C06FB0B1FFE70798FA
:10A63000C16F40F2E960C0F6010008650798C06F7D
:10A64000F7F71AFE40B1FFE70799D1F8840040F010
:10A650004000C1F88400FFE7FFE70798806FB0B1C2
:10A66000FFE70798816F40F2E960C0F601000865D6
:10A670000798806FF7F700FE40B1FFE70799D1F820
:10A68000840040F04000C1F88400FFE7FFE707E0E6
:10A690000799012081F881000798FFF739FEFFE74D
:10A6A000FFE7FFE708B080BD80B586B0049004984E
:10A6B00020B9FFE701208DF817003AE10498406ABD
:10A6C00008B9FFE7FFE70499002088620498006852
:10A6D00043F20001C4F2010188421BD0FFE7049855
:10A6E000006843F60001C4F20001884212D0FFE77F
:10A6F0000498006843F60041C4F20001884209D082
:10A70000FFE70498C068102804D3FFE701208DF804
:10A7100017000EE1049806F04FF8029004980068C4
:10A7200043F20001C4F20101884216D0FFE7049809
:10A73000006843F60001C4F2000188420DD0FFE733
:10A740000498006843F60041C4F20001884204D036
:10A75000FFE7029808281FD8FFE70498006843F233
:10A760000001C4F20101884212D0FFE7049800689A
:10A7700043F60001C4F20001884209D0FFE70498C3
:10A78000006843F60041C4F20001884208D1FFE7A7
:10A790000298112804D3FFE701208DF81700C8E0C4
:10A7A000049890F8810040B9FFE70499002081F8EF
:10A7B0008000049800F0C4F8FFE70499022081F8B3
:10A7C000810004980168086820F00100086004987E
:10A7D0000068806800F4F810039004988069B0F174
:10A7E000806F1BD1FFE704984068B0F5800F04D15B
:10A7F000FFE70498806B50B1FFE70498406868B9A0
:10A80000FFE70498806BB0F1805F07D1FFE7049801
:10A810000168086840F480500860FFE70498807978
:10A820004006002810D5FFE70498C06807280BD31E
:10A83000FFE704980068006820F48070049A1168AB
:10A84000126D1043086006E004980168086820F45F
:10A8500080700860FFE7049B1968DA68D869D3F84C
:10A8600028C040EA0C00DDF80CC040EA0C00DB6BAD
:10A87000184310438860049A0192506B516A084350
:10A88000916B0843916908431168D2F804C093683A
:10A89000D2F810E040EA0E00D2F814E040EA0E00D0
:10A8A000D2F820E040EA0E0040EA0C00D2F84CC09A
:10A8B00040EA0C001843936C1843926D1043C86033
:10A8C0000498406898B9FFE70498006880680121FF
:10A8D00061F3CC2004990968886004980068806856
:10A8E000022161F34A20049909688860FFE704980F
:10A8F0000168086D20F00100086504988079400621
:10A9000000280BD5FFE704980068C06820F00040DD
:10A91000049A1168526D1043C860FFE70499002043
:10A92000C1F88400049A012182F881108DF8170083
:10A93000FFE79DF8170006B080BD00000000000092
:10A9400080B5C0B03F9000203E903D903C903B9041
:10A950003A900CA8B821F5F723FD3F98006843F61C
:10A960000001C4F20001884240F0C480FFE70020EB
:10A970000D904FF480510C9123900CA8FDF7A0FB93
:10A9800018B1FFE7F6F7ACFDFFE7FFE744F2E84058
:10A99000C5F60200016841F480410160006800F4DE
:10A9A00080400B900B98FFE7FFE744F2E040C5F6CC
:10A9B0000200016841F004010160006800F0040039
:10A9C0000A900A98FFE7FFE744F2E040C5F602006C
:10A9D000016841F002010160006800F00200099086
:10A9E0000998FFE706203A90022003903B90002050
:10A9F00007903C90032004903D90052005903E90E8
:10AA000040F60000C5F602003AA90691FBF7B8FB34
:10AA1000DDF80CC0049A05980699079B4FF4005E78
:10AA2000CDF8E8E0CDF8ECC03C933D923E9040F28A
:10AA30000040C5F60200FBF7A3FB079944F6E4507B
:10AA4000C2F2004008904022C4F2020202602722B3
:10AA500042608160C1604FF4806202614161816146
:10AA6000C1614FF4403202624162F9F745F818B112
:10AA7000FFE7F6F735FDFFE7FFE73F9844F6E451BF
:10AA8000C2F20041C1673F988863FFE744F65C600B
:10AA9000C2F2004002902821C4F202010160282184
:10AAA0004160402181600021C1604FF480620261F9
:10AAB00041618161C1614FF4003202624162F9F784
:10AAC0001BF818B1FFE7F6F70BFDFFE7FFE73F982C
:10AAD00044F65C61C2F2004181673F988863FFE7FA
:10AAE0002420019000221146FBF70AFE0198FBF793
:10AAF000FBFDFFE740B080BD81B0009001B0704722
:10AB000081B0009001B0704780B590B0DDF848C0CA
:10AB10000E900D910C92ADF82E300E9800682030FA
:10AB20000A900E980068303009900E98C16B012091
:10AB300000EB5110ADF81200FBF722FD0890BDF8B4
:10AB40002E00ADF81600BDF82E00ADF814000E98DA
:10AB500090F88100012804D0FFE702208DF83F0023
:10AB600050E30D9838B1FFE70C9820B1FFE7BDF82E
:10AB70002E0020B9FFE701208DF83F0042E3FFE7F8
:10AB80000E9890F88000012804D1FFE702208DF88C
:10AB90003F0037E30E99012081F88000FFE7FFE7CF
:10ABA0000E99052081F881000E990020C1F88400DB
:10ABB0000C990E9A5166BDF82E100E9AA2F86A10E2
:10ABC000BDF82E100E9AA2F868100D990E9AD16554
:10ABD000BDF82E100E9AA2F86210BDF82E100E9A33
:10ABE000A2F860100E9908670E9948670E980068E1
:10ABF000C06820F4C0200E990968C8600E980068EB
:10AC000043F20001C4F20101884212D0FFE70E981E
:10AC1000006843F60001C4F20001884209D0FFE752
:10AC20000E98006843F60041C4F20001884203D147
:10AC3000FFE71020079002E008200790FFE70E983A
:10AC4000006840684FF6FF718843BDF82E10084435
:10AC50000E99096848600E980168086840F0010084
:10AC600008600E984068B0F5800F07D1FFE70E9896
:10AC70000168086840F400700860FFE70E98C0683B
:10AC80001028C0F0B580FFE7079880080790FFE71D
:10AC9000BDF816100120039039B9FFE7BDF8140084
:10ACA000002818BF01200390FFE70398C007002881
:10ACB00000F09D80FFE70E9800684069800700283B
:10ACC00022D5FFE7BDF81600F0B1FFE7BDF814008C
:10ACD000BDF81610079A1144884215D2FFE70E9866
:10ACE0000168C06D006808620E99C86D0430C865BF
:10ACF0000E99B1F862000138A1F862000E98B0F820
:10AD00006200ADF81600FFE70E98006840690690F3
:10AD1000BDF81400002869D0FFE70E98006840696C
:10AD2000C007B0B1FFE70E980068006B0E99496E3E
:10AD300008600E99486E043048660E99B1F86A00B2
:10AD40000138A1F86A000E98B0F86A00ADF8140056
:10AD50004BE0BDF81400BDF8121088421CDAFFE782
:10AD60009DF819000006002816D5FFE70E98006828
:10AD7000006B0E99496E08600E99486E0430486663
:10AD80000E99B1F86A000138A1F86A000E98B0F87F
:10AD90006A00ADF8140027E0FBF7F2FB0899401AAF
:10ADA0001299884204D3FFE71298013018B9FFE7DF
:10ADB0001298C0B9FFE70E9805F00AFC0E99D1F879
:10ADC000840040F48070C1F884000E99012081F85D
:10ADD0008100FFE70E99002081F88000FFE7032043
:10ADE0008DF83F000EE2FFE7FFE7FFE750E7DCE109
:10ADF0000E98C0680828C0F0DE80FFE7079840087A
:10AE00000790FFE7BDF816100120029039B9FFE75F
:10AE1000BDF81400002818BF01200290FFE7029837
:10AE2000C007002800F0C680FFE70E980068406960
:10AE30008007002822D5FFE7BDF81600F0B1FFE734
:10AE4000BDF81400BDF81610079A1144884215D2B7
:10AE5000FFE70E98C06D00880A9908800E99C86DAA
:10AE60000230C8650E99B1F862000138A1F862009D
:10AE70000E98B0F86200ADF81600FFE70E98006873
:10AE800040690690BDF81400002800F09280FFE7AA
:10AE90000E9800684069C007A8B1FFE709980088CC
:10AEA0000E99496E08800E99486E023048660E99D8
:10AEB000B1F86A000138A1F86A000E98B0F86A008B
:10AEC000ADF8140074E0BDF81400BDF8121088420B
:10AED00024DAFFE79DF81900000600281ED5FFE7D9
:10AEE000099800880E99496E08800E99486E0230C4
:10AEF0004866099800880E99496E08800E99486E38
:10AF0000023048660E99B1F86A000238A1F86A006A
:10AF10000E98B0F86A00ADF8140048E0BDF81400CF
:10AF200001281BD1FFE79DF819008006002815D5E0
:10AF3000FFE7099800880E99496E08800E99486EBF
:10AF4000023048660E99B1F86A000138A1F86A002B
:10AF50000E98B0F86A00ADF8140027E0FBF710FB7C
:10AF60000899401A1299884204D3FFE712980130D9
:10AF700018B9FFE71298C0B9FFE70E9805F028FB53
:10AF80000E99D1F8840040F48070C1F884000E99C5
:10AF9000012081F88100FFE70E99002081F88000F0
:10AFA000FFE703208DF83F002CE1FFE7FFE7FFE715
:10AFB000FFE727E7F8E0FFE7BDF816100120019052
:10AFC00039B9FFE7BDF81400002818BF012001902F
:10AFD000FFE70198C007002800F0E580FFE70E9822
:10AFE000006840698007002823D5FFE7BDF81600F8
:10AFF000F8B1FFE7BDF81400BDF81610079A114428
:10B00000884216D2FFE70E980168C06D007881F87B
:10B0100020000E99C86D0130C8650E99B1F8620024
:10B020000138A1F862000E98B0F86200ADF8160081
:10B03000FFE70E98006840690690BDF814000028EC
:10B0400000F0B080FFE70E9800684069C007B8B113
:10B05000FFE70E98006890F830000E99496E08706E
:10B060000E99486E013048660E99B1F86A000138B1
:10B07000A1F86A000E98B0F86A00ADF8140090E0EC
:10B08000BDF81400BDF8121088423EDAFFE79DF8C3
:10B0900019000006002838D5FFE70E98006890F8E0
:10B0A00030000E99496E08700E99486E013048665E
:10B0B0000E98006890F830000E99496E08700E994D
:10B0C000486E013048660E98006890F830000E997E
:10B0D000496E08700E99486E013048660E980068F7
:10B0E00090F830000E99496E08700E99486E013044
:10B0F00048660E99B1F86A000438A1F86A000E9803
:10B10000B0F86A00ADF814004AE0BDF81400032856
:10B110001DD8FFE79DF8190010F0600F17D0FFE76A
:10B120000E98006890F830000E99496E08700E99DC
:10B13000486E013048660E99B1F86A000138A1F8EE
:10B140006A000E98B0F86A00ADF8140027E0FBF72B
:10B1500017FA0899401A1299884204D3FFE7129807
:10B16000013018B9FFE71298C0B9FFE70E9805F053
:10B170002FFA0E99D1F8840040F48070C1F8840051
:10B180000E99012081F88100FFE70E99002081F8D7
:10B190008000FFE703208DF83F0033E0FFE7FFE783
:10B1A000FFE7FFE708E7FFE7FFE70E98129B089924
:10B1B0006A4611600821002205F0E6FB40B1FFE776
:10B1C0000E99D1F8840040F02000C1F88400FFE718
:10B1D0000E9805F0FDF90E99012081F88100FFE736
:10B1E0000E99002081F88000FFE70E98D0F88400C7
:10B1F00020B1FFE701208DF83F0003E000208DF82B
:10B200003F00FFE79DF83F0010B080BD0000000048
:10B2100080B586B0049003910292ADF80630049890
:10B2200090F88100012804D0FFE702208DF8170074
:10B23000A4E1039838B1FFE7029820B1FFE7BDF819
:10B24000060020B9FFE701208DF8170096E1FFE71F
:10B25000049890F88000012804D1FFE702208DF8BF
:10B2600017008BE10499012081F88000FFE7FFE7D8
:10B270000499052081F8810004990020C1F8840018
:10B280000399049AD165BDF80610049AA2F86010DB
:10B29000BDF80610049AA2F862100299049A516649
:10B2A000BDF80610049AA2F86810BDF80610049ABA
:10B2B000A2F86A100499086704994867049800681E
:10B2C000C06820F4C02004990968C8600498016827
:10B2D000886820F4404088600498C068102807D32C
:10B2E000FFE70498C06F8069B0F5804F13D1FFE786
:10B2F0000498C068082818D3FFE70498C06F8069D5
:10B30000B0F5005F11D0FFE70498C06F8069B0F519
:10B31000804F0AD0FFE7FFE70499002081F8800002
:10B32000FFE701208DF8170028E10498C06807287E
:10B3300041D8FFE70498806F8069B0F5005F09D1BC
:10B34000FFE70498B0F86200013040080499A1F8C2
:10B350006200FFE70498806F8069B0F5804F09D1E3
:10B36000FFE70498B0F86200033080080499A1F860
:10B370006200FFE70498C06F8069B0F5005F09D1F3
:10B38000FFE70498B0F86A00013040080499A1F87A
:10B390006A00FFE70498C06F8069B0F5804F09D15B
:10B3A000FFE70498B0F86A00033080080499A1F818
:10B3B0006A00FFE727E00498C0680F2821D8FFE75C
:10B3C0000498806F8069B0F5804F09D1FFE7049839
:10B3D000B0F86200013040080499A1F86200FFE76C
:10B3E0000498C06F8069B0F5804F09D1FFE70498D9
:10B3F000B0F86A00013040080499A1F86A00FFE73C
:10B4000000E0FFE7FFE70498C16F40F25970C0F613
:10B41000010008640498C16F40F27170C0F6010029
:10B42000C8630498C16F40F21970C0F60100C86487
:10B430000498C16F00200865049B19685A6ED86F84
:10B440003031B3F86A30F9F707F8A8B1FFE704998B
:10B45000D1F8840040F01000C1F884000499012064
:10B4600081F88100FFE70499002081F88000FFE760
:10B4700001208DF8170081E004980168886840F485
:10B48000804088600498816F002008640499896F67
:10B49000C8630499896F08650498816F40F2197038
:10B4A000C0F60100C864049B1A68D96D986F2032F9
:10B4B000B3F86230F8F7D0FFC8B1FFE70498C06F67
:10B4C000F6F71EFA0499D1F8840040F01000C1F894
:10B4D00084000499012081F88100FFE7049900208D
:10B4E00081F88000FFE701208DF8170046E00498FE
:10B4F000806FC069B0F5807F0AD1FFE704980068CB
:10B5000040684FF6FF7188430499096848600CE071
:10B510000498006840684FF6FF718843BDF8061034
:10B520000844049909684860FFE70498016888683E
:10B5300040F40040886004980168086940F458703D
:10B54000086104980168086840F0010008600498E8
:10B550004068B0F5800F07D1FFE7049801680868DC
:10B5600040F400700860FFE7FFE70499002081F8CD
:10B570008000FFE700208DF81700FFE79DF8170017
:10B5800006B080BD0000000081B0009001B070479F
:10B5900080B584B003900398006843F20001C4F2C0
:10B5A0000101884213D1FFE740F23C51C2F2004151
:10B5B000029148680989FAF7B7FF0299D1F810316A
:10B5C000B1F80A2101F10A008A31984739E003985D
:10B5D000006843F60001C4F20001884213D1FFE77E
:10B5E00040F25061C2F20041019148680989FAF7BE
:10B5F0009BFF0199D1F81031B1F80A2101F10A003D
:10B600008A3198471CE00398006843F60041C4F271
:10B610000001884213D1FFE740F26471C2F2004199
:10B62000009148680989FAF77FFF0099D1F8103135
:10B63000B1F80A2101F10A008A319847FFE7FFE7D4
:10B64000FFE704B080BD000081B0009001B07047FA
:10B6500080B582B00190019805F0EAF902B080BD92
:10B6600081B0009001B0704781B0009001B0704788
:10B6700081B0009001B0704785B003900291FFE760
:10B68000039890F83C00012804D1FFE702208DF8D0
:10B690001300ABE00399012081F83C00FFE7FFE7CE
:10B6A0000399022081F83D000398006840680190EA
:10B6B0000398006880680090039800680021C4F235
:10B6C0000101884209D0FFE70398006840F2004179
:10B6D000C4F2010188420AD1FFE7019820F470000A
:10B6E000019002984168019808430190FFE7019892
:10B6F00020F07000019002980168019808430190C1
:10B700000198039909684860039800680021C4F211
:10B71000010188424ED0FFE703980068B0F1804FE6
:10B7200048D0FFE70398006840F20041C4F20001EE
:10B7300088423FD0FFE70398006840F60001C4F25A
:10B740000001884236D0FFE70398006840F60041C8
:10B75000C4F2000188422DD0FFE70398006840F250
:10B760000041C4F20101884224D0FFE70398006839
:10B7700041F60001C4F2000188421BD0FFE70398A4
:10B78000006844F20001C4F20101884212D0FFE7D0
:10B79000039800684EF20001C4F20001884209D00B
:10B7A000FFE7039800684EF20041C4F200018842AE
:10B7B0000ED1FFE7009820F0800000900298816889
:10B7C0000098084300900098039909688860FFE793
:10B7D0000399012081F83D00FFE70399002081F8DB
:10B7E0003C00FFE700208DF81300FFE79DF81300F1
:10B7F00005B070470000000080B582B0009000984E
:10B8000020B9FFE701208DF8070045E0009890F887
:10B810003D0040B9FFE70099002081F83C00009806
:10B8200000F03EF8FFE70099022081F83D00009902
:10B8300051F8040B05F048FA0099012081F84800FE
:10B84000FFE70099012081F83E00009981F83F0050
:10B85000009981F84000009981F84100009981F831
:10B860004200009981F84300FFE7FFE700990120BB
:10B8700081F84400009981F84500009981F846005C
:10B88000009981F84700FFE70099012081F83D0009
:10B8900000208DF80700FFE79DF8070002B080BD8B
:10B8A00080B588B007900798006840F20041C4F264
:10B8B0000001884210D1FFE7FFE744F2E840C5F6F7
:10B8C0000200016841F002010160006800F002001E
:10B8D00006900698FFE75FE00798006840F60001D1
:10B8E000C4F20001884219D1FFE7FFE744F2E840C3
:10B8F000C5F60200016841F004010160006800F033
:10B90000040005900598FFE71E2002900121002207
:10B91000FAF7F6FE0298FAF7E7FE3CE007980068AF
:10B9200040F60041C4F20001884219D1FFE7FFE769
:10B9300044F2E840C5F60200016841F008010160E8
:10B94000006800F0080004900498FFE7322001909E
:10B9500001210022FAF7D4FE0198FAF7C5FE19E09A
:10B960000798006841F60001C4F20001884210D136
:10B97000FFE7FFE744F2E840C5F60200016841F046
:10B9800040010160006800F0400003900398FFE769
:10B99000FFE7FFE7FFE7FFE708B080BD000000001A
:10B9A00083B00190019890F83D00012804D0FFE792
:10B9B00001208DF80B0083E00199022081F83D0001
:10B9C00001980168C86840F00100C86001980068EB
:10B9D0000021C4F2010188424ED0FFE701980068BF
:10B9E000B0F1804F48D0FFE70198006840F2004175
:10B9F000C4F2000188423FD0FFE70198006840F69A
:10BA00000001C4F20001884236D0FFE701980068C7
:10BA100040F60041C4F2000188422DD0FFE70198B2
:10BA2000006840F20041C4F20101884224D0FFE7DF
:10BA30000198006841F60001C4F2000188421BD061
:10BA4000FFE70198006844F20001C4F20101884256
:10BA500012D0FFE7019800684EF20001C4F2000125
:10BA6000884209D0FFE7019800684EF20041C4F215
:10BA70000001884219D1FFE701980068806807211A
:10BA8000C0F2010108400090009806280CD0FFE7A2
:10BA90000098B0F5803F07D0FFE70198016808687B
:10BAA00040F001000860FFE706E0019801680868BF
:10BAB00040F001000860FFE700208DF80B00FFE771
:10BAC0009DF80B0003B0704780B586B004900391D9
:10BAD00000208DF80B00FFE7049890F83C00012847
:10BAE00004D1FFE702208DF81700D1E0049901206E
:10BAF00081F83C00FFE7FFE70499022081F83D0050
:10BB0000049800688068019001984FF68871CFF61C
:10BB1000CE7108400190019820F47F400190019877
:10BB2000049909688860039800680090002800F074
:10BB30009580FFE70098102800F09080FFE70098BC
:10BB4000202800F08B80FFE70098302800F08680E6
:10BB5000FFE70098402874D0FFE70098502856D09F
:10BB6000FFE7009860285FD0FFE7009870282AD090
:10BB7000FFE70098B0F5805F24D0FFE70098B0F5AC
:10BB8000005F35D0FFE70098B0F5801F66D0FFE773
:10BB90000098B0F1101F61D0FFE700982021C0F29B
:10BBA000100188425AD0FFE700983021C0F21001FE
:10BBB000884253D0FFE700984021C0F2100188422C
:10BBC0004CD052E055E004980068039B5A6899688D
:10BBD000DB6805F01DFA0498006880680190019800
:10BBE00040F077000190019804990968886040E06E
:10BBF00004980068039B5A689968DB6805F008FAA6
:10BC000004980168886840F48040886031E00498B6
:10BC10000068039A5168D26805F022FE0498006813
:10BC2000502105F011FA24E004980068039A516845
:10BC3000D26805F03DFE04980068602105F004FA22
:10BC400017E004980068039A5168D26805F008FE6E
:10BC500004980068402105F0F7F90AE004980068AC
:10BC60000399096805F0F0F903E001208DF80B0055
:10BC7000FFE70499012081F83D00FFE704990020C7
:10BC800081F83C00FFE79DF80B008DF81700FFE7F7
:10BC90009DF8170006B080BD81B0009001B07047DC
:10BCA00080B584B0039003980068C0680290039840
:10BCB0000068006901909DF804008007002824D5E1
:10BCC000FFE79DF80800800700281DD5FFE70398CF
:10BCD00001686FF00200086103990120087703985A
:10BCE00000688069800720B1FFE70398FFF7D4FF61
:10BCF00006E0039800F058F9039800F089FAFFE78E
:10BD0000039900200877FFE7FFE79DF8040040074C
:10BD1000002825D5FFE79DF80800400700281ED51C
:10BD2000FFE7039801686FF004000861039902209F
:10BD3000087703980068806910F4407F04D0FFE71B
:10BD40000398FFF7A9FF06E0039800F02DF9039888
:10BD500000F05EFAFFE7039900200877FFE7FFE7AE
:10BD60009DF804000007002824D5FFE79DF808008F
:10BD7000000700281DD5FFE7039801686FF0080051
:10BD8000086103990420087703980068C069800758
:10BD900020B1FFE70398FFF77FFF06E0039800F06C
:10BDA00003F9039800F034FAFFE7039900200877BD
:10BDB000FFE7FFE79DF80400C006002825D5FFE750
:10BDC0009DF80800C00600281ED5FFE7039801680B
:10BDD0006FF0100008610399082008770398006845
:10BDE000C06910F4407F04D0FFE70398FFF754FFC9
:10BDF00006E0039800F0D8F8039800F009FAFFE78E
:10BE0000039900200877FFE7FFE79DF80400C007CB
:10BE100078B1FFE79DF80800C00748B1FFE7039835
:10BE200001686FF001000861039800F009FCFFE76A
:10BE3000FFE7019800F08000802806D0FFE79DF81A
:10BE400005008006002810D5FFE79DF808000006D1
:10BE5000002809D5FFE7039801686FF402500861D4
:10BE60000398FFF701FCFFE7FFE79DF80500C00717
:10BE700080B1FFE79DF808000006002809D5FFE71C
:10BE8000039801686FF4807008610398FFF7E8FB7E
:10BE9000FFE7FFE79DF804004006002810D5FFE704
:10BEA0009DF808004006002809D5FFE703980168BF
:10BEB0006FF040000861039800F04AFCFFE7FFE7DD
:10BEC0009DF804008006002810D5FFE79DF80800C3
:10BED0008006002809D5FFE7039801686FF020006D
:10BEE00008610398FFF7C4FBFFE7FFE704B080BDDC
:10BEF00080B588B0079000200690059004900390CC
:10BF000002900798006840F20041C4F200018842A4
:10BF10001ED1FFE7FFE744F2E040C5F602000168EA
:10BF200041F002010160006800F0020001900198F8
:10BF3000FFE70220029003900021049105910690F2
:10BF400040F20040C5F6020002A9FAF719F929E00B
:10BF50000798006841F60001C4F20001884220D130
:10BF6000FFE7FFE744F2E040C5F60200016841F058
:10BF700002010160006800F0020000900098FFE7F5
:10BF80004FF400400290022003900021049105919B
:10BF9000069040F20040C5F6020002A9FAF7F0F858
:10BFA000FFE7FFE708B080BD81B0009001B07047A7
:10BFB00080B586B004900391029200208DF80700AE
:10BFC000FFE7049890F83C00012804D1FFE7022025
:10BFD0008DF81700C0E00499012081F83C00FFE7CC
:10BFE000FFE702980090142800F2A7800099DFE88C
:10BFF00001F00BA4A4A424A4A4A43EA4A4A457A424
:10C00000A4A471A4A4A48A0004980068039905F06C
:10C01000CBF804980168886940F0080088610498AA
:10C020000168886920F00400886103980269049817
:10C03000016888691043886183E004980068039967
:10C0400005F05AF904980168886940F40060886135
:10C0500004980168886920F4806088610398026907
:10C0600004980168886940EA0220886169E00498C0
:10C070000068039905F0F8F904980168C86940F070
:10C080000800C86104980168C86920F00400C8610C
:10C090000398026904980168C8691043C86150E0B8
:10C0A00004980068039905F097FA04980168C86934
:10C0B00040F40060C86104980168C86920F4806099
:10C0C000C8610398026904980168C86940EA0220BF
:10C0D000C86136E004980068039905F0EDFA049809
:10C0E0000168486D40F00800486504980168486D93
:10C0F00020F0040048650398026904980168486DBF
:10C10000104348651DE004980068039905F03CFB66
:10C1100004980168486D40F400604865049801681F
:10C12000486D20F4806048650398026904980168AE
:10C13000486D40EA0220486503E001208DF80700C1
:10C14000FFE7FFE70499002081F83C00FFE79DF836
:10C1500007008DF81700FFE79DF8170006B080BDB7
:10C1600080B582B00090009820B9FFE701208DF8DB
:10C17000070045E0009890F83D0040B9FFE70099BE
:10C18000002081F83C00009800F03EF8FFE700999D
:10C19000022081F83D00009951F8040B04F094FD51
:10C1A0000099012081F84800FFE70099012081F8FB
:10C1B0003E00009981F83F00009981F84000009905
:10C1C00081F84100009981F84200009981F843000C
:10C1D000FFE7FFE70099012081F84400009981F80A
:10C1E0004500009981F84600009981F84700FFE773
:10C1F0000099012081F83D0000208DF80700FFE73D
:10C200009DF8070002B080BD81B0009001B070477A
:10C2100081B0009001B0704780B590B00E900D9144
:10C220000D9828B9FFE70E9890F83E000B9034E087
:10C230000D98042805D1FFE70E9890F83F000A906A
:10C2400028E00D98082805D1FFE70E9890F84000E7
:10C2500009901CE00D980C2805D1FFE70E9890F886
:10C260004100089010E00D98102805D1FFE70E98C6
:10C2700090F84200079004E00E9890F84300079071
:10C28000FFE707980890FFE708980990FFE70998EB
:10C290000A90FFE70A980B90FFE70B98012804D05B
:10C2A000FFE701208DF83F0003E10D9828B9FFE773
:10C2B0000E99022081F83E0038E00D98042806D13E
:10C2C000FFE70E99022081F83F0006902CE00D98C0
:10C2D000082806D1FFE70E99022081F8400005905A
:10C2E0001FE00D980C2806D1FFE70E99022081F877
:10C2F0004100049012E00D98102806D1FFE70E9936
:10C30000022081F84200039005E00E99022081F896
:10C3100043000390FFE703980490FFE7049805901B
:10C32000FFE705980690FFE70698FFE70E9800687C
:10C330000D990122019204F04FFE01980E990968AF
:10C340000022C4F20102914202902DD0FFE70E9824
:10C350000168012040F20042C4F2010291420290C1
:10C3600022D0FFE70E980168012044F20002C4F2D7
:10C3700001029142029017D0FFE70E980168012058
:10C3800044F20042C4F20102914202900CD0FFE755
:10C390000E9800684BF60001CBF6FE710844B0FA27
:10C3A00080F040090290FFE70298C00738B1FFE72C
:10C3B0000E980168486C40F400404864FFE70E980E
:10C3C00000680021C4F2010188424ED0FFE70E98B8
:10C3D0000068B0F1804F48D0FFE70E98006840F247
:10C3E0000041C4F2000188423FD0FFE70E98006888
:10C3F00040F60001C4F20001884236D0FFE70E98F3
:10C40000006840F60041C4F2000188422DD0FFE7E9
:10C410000E98006840F20041C4F20101884224D025
:10C42000FFE70E98006841F60001C4F2000188425F
:10C430001BD0FFE70E98006844F20001C4F201012E
:10C44000884212D0FFE70E9800684EF20001C4F255
:10C450000001884209D0FFE70E9800684EF20041C3
:10C46000C4F20001884219D1FFE70E980068806885
:10C470000721C0F2010108400C900C9806280CD04E
:10C48000FFE70C98B0F5803F07D0FFE70E980168F2
:10C49000086840F001000860FFE706E00E980168B8
:10C4A000086840F001000860FFE700208DF83F00B9
:10C4B000FFE79DF83F0010B080BD000000000000C5
:10C4C00080B588B007900691079800680699002209
:10C4D00004F082FD0798016801200022C4F20102E5
:10C4E000914205902DD0FFE707980168012040F2A6
:10C4F0000042C4F201029142059022D0FFE7079862
:10C500000168012044F20002C4F201029142059048
:10C5100017D0FFE707980168012044F20042C4F2F7
:10C520000102914205900CD0FFE7079800684BF696
:10C530000001CBF6FE710844B0FA80F04009059086
:10C54000FFE70598C007D8B1FFE7FFE70798006845
:10C55000006A41F21111084210D1FFE70798006804
:10C56000006A40F24441084207D1FFE7079801689A
:10C57000486C20F400404864FFE7FFE7FFE7FFE76F
:10C58000FFE707980068006A41F21111084210D1D4
:10C59000FFE707980068006A40F24441084207D16B
:10C5A000FFE707980168086820F001000860FFE7CE
:10C5B000FFE7FFE7069828B9FFE70799012081F810
:10C5C0003E0038E00698042806D1FFE707990120CD
:10C5D00081F83F0004902CE00698082806D1FFE778
:10C5E0000799012081F8400003901FE006980C286D
:10C5F00006D1FFE70799012081F84100029012E07F
:10C600000698102806D1FFE70799012081F842001B
:10C61000019005E00799012081F843000190FFE7B0
:10C6200001980290FFE702980390FFE703980490B7
:10C63000FFE70498FFE7002008B080BD000000007D
:10C6400080B582B00190019800680021C4F2010118
:10C65000884207D1FFE740F68800C2F200404068F8
:10C66000804773E001980068B0F1804F07D1FFE781
:10C6700040F69000C2F200404068804765E00198B3
:10C68000006840F20041C4F20001884207D1FFE790
:10C6900040F69800C2F200404068804754E001989C
:10C6A000006840F60001C4F20001884207D1FFE7AC
:10C6B00040F6A000C2F200404068804743E0019885
:10C6C000006840F60041C4F20001884207D1FFE74C
:10C6D00040F6A800C2F200404068804732E001986E
:10C6E000006841F20001C4F20001884207D1FFE76F
:10C6F00040F6B000C2F200404068804721E0019857
:10C70000006841F20041C4F20001884207D1FFE70E
:10C7100040F6B800C2F200404068804710E001983F
:10C72000006840F20041C4F20101884207D1FFE7EE
:10C7300040F6C000C2F2004040688047FFE7FFE7D4
:10C74000FFE7FFE7FFE7FFE7FFE7FFE702B080BD96
:10C7500081B0009001B0704783B00190FFE701986D
:10C7600090F88400012804D1FFE702208DF80B0027
:10C770002CE00199012081F88400FFE7FFE701998F
:10C780002420C1F888000198006800680090019892
:10C790000168086820F001000860009820F000504F
:10C7A0000090019900204866009801990968086086
:10C7B00001992020C1F88800FFE70199002081F845
:10C7C0008400FFE700208DF80B00FFE79DF80B00C9
:10C7D00003B070470000000080B586B0049003915C
:10C7E000ADF80A200498D0F88C00202844D1FFE747
:10C7F000039820B1FFE7BDF80A0020B9FFE7012048
:10C800008DF817003CE004990120C86604990020C7
:10C81000086704980399BDF80A2006F0C9FB8DF853
:10C8200009009DF8090010BBFFE70498C06E0128BD
:10C8300018D1FFE70498016810200862FFE7FFE7BE
:10C840000498006850E8000F40F010000190FFE7E6
:10C8500001990498026842E800100028F0D1FFE72F
:10C86000FFE703E001208DF80900FFE7FFE79DF8EF
:10C8700009008DF8170003E002208DF81700FFE78C
:10C880009DF8170006B080BD80B58AB00990ADF85C
:10C8900022100998006841F20001C4F201018842A7
:10C8A00040F0EC80FFE7BDF8221040F6D810C2F24D
:10C8B00000400690A0F80811D0F80C21BDF8221015
:10C8C000843007909047069A07990998B2F8042196
:10C8D000520092B2FFF780FF45F21C20C2F20040E6
:10C8E00000681021C4F20201884200F0B280FFE724
:10C8F00045F21C20C2F2004000682821C4F2020167
:10C90000884200F0A680FFE745F21C20C2F20040FA
:10C9100000684021C4F20201884200F09A80FFE7DB
:10C9200045F21C20C2F2004000685821C4F2020106
:10C93000884200F08E80FFE745F21C20C2F20040E2
:10C9400000687021C4F20201884200F08280FFE793
:10C9500045F21C20C2F2004000688821C4F20201A6
:10C96000884276D0FFE745F21C20C2F20040006802
:10C97000A021C4F2020188426BD0FFE745F21C20DF
:10C98000C2F200400068B821C4F20201884260D0BF
:10C99000FFE745F21C20C2F20040006840F210415F
:10C9A000C4F20201884254D0FFE745F21C20C2F2D3
:10C9B0000040006840F22841C4F20201884248D099
:10C9C000FFE745F21C20C2F20040006840F24041FF
:10C9D000C4F2020188423CD0FFE745F21C20C2F2BB
:10C9E0000040006840F25841C4F20201884230D051
:10C9F000FFE745F21C20C2F20040006840F270419F
:10CA0000C4F20201884224D0FFE745F21C20C2F2A2
:10CA10000040006840F28841C4F20201884218D008
:10CA2000FFE745F21C20C2F20040006840F2A0413E
:10CA3000C4F2020188420CD0FFE745F21C20C2F28A
:10CA40000040006840F2B841C4F2020188420AD1B5
:10CA5000FFE745F21C20C2F200400168086820F0A0
:10CA60000800086009E045F21C20C2F2004001689D
:10CA7000086820F004000860FFE7B5E10998006845
:10CA800045F20001C4F2000188422FD1FFE7BDF852
:10CA9000220040F61861C2F200410591A1F8080198
:10CAA0000998B1F804215200843192B2FFF794FE44
:10CAB0000599B1F80801B1F8041188420BDCFFE7D1
:10CAC00040F61860C2F20040D0F80C21BDF82210E8
:10CAD0008430904709E040F61860C2F20040B0F898
:10CAE00004118430F3F75CFCFFE77CE109980068EF
:10CAF00047F60001C4F20001884211D1FFE7BDF8FA
:10CB0000220041F23801C2F20041A1F8080109985F
:10CB1000B1F804215200843192B2FFF75DFE61E169
:10CB20000998006847F60041C4F2000188422DD1FF
:10CB3000FFE7BDF8220041F24811C2F20041049122
:10CB4000A1F808010998B1F804218431FFF744FEE7
:10CB50000499B1F80801B1F8041188420BDCFFE731
:10CB600041F24810C2F20040D0F80C21BDF822106A
:10CB70008430904709E041F24810C2F20040B0F81A
:10CB800004118430F3F70CFCFFE72AE109980068F0
:10CB900041F60001C4F2010188422DD1FFE7BDF842
:10CBA000220041F25821C2F200410391A1F808018C
:10CBB0000998B1F804218431FFF70EFE0399B1F80A
:10CBC0000801B1F8041188420BDCFFE741F258205C
:10CBD000C2F20040D0F80C21BDF8221084309047FA
:10CBE00009E041F25820C2F20040B0F8041184304C
:10CBF000F3F7D6FBFFE7F3E00998006841F6004140
:10CC0000C4F20101884240F0EA80FFE7BDF822103B
:10CC100040F6C800C2F200400190A0F80811D0F818
:10CC20000C21BDF82210843002909047019A02999D
:10CC30000998B2F80421FFF7CFFD45F2A410C2F223
:10CC4000004000681021C4F20201884200F0B28066
:10CC5000FFE745F2A410C2F2004000682821C4F2A8
:10CC60000201884200F0A680FFE745F2A410C2F25C
:10CC7000004000684021C4F20201884200F09A801E
:10CC8000FFE745F2A410C2F2004000685821C4F248
:10CC90000201884200F08E80FFE745F2A410C2F244
:10CCA000004000687021C4F20201884200F08280D6
:10CCB000FFE745F2A410C2F2004000688821C4F2E8
:10CCC0000201884276D0FFE745F2A410C2F200408C
:10CCD0000068A021C4F2020188426BD0FFE745F250
:10CCE000A410C2F200400068B821C4F202018842D8
:10CCF00060D0FFE745F2A410C2F20040006840F2A5
:10CD00001041C4F20201884254D0FFE745F2A4105A
:10CD1000C2F20040006840F22841C4F20201884299
:10CD200048D0FFE745F2A410C2F20040006840F28C
:10CD30004041C4F2020188423CD0FFE745F2A41012
:10CD4000C2F20040006840F25841C4F20201884239
:10CD500030D0FFE745F2A410C2F20040006840F274
:10CD60007041C4F20201884224D0FFE745F2A410CA
:10CD7000C2F20040006840F28841C4F202018842D9
:10CD800018D0FFE745F2A410C2F20040006840F25C
:10CD9000A041C4F2020188420CD0FFE745F2A41082
:10CDA000C2F20040006840F2B841C4F20201884279
:10CDB0000AD1FFE745F2A410C2F2004001680868FA
:10CDC00020F00800086009E045F2A410C2F200401B
:10CDD0000168086820F004000860FFE7FFE7FFE74C
:10CDE000FFE7FFE7FFE7FFE70AB080BD00000000B4
:10CDF00081B0009001B0704780B584B0029001917D
:10CE0000FFE7029890F88400012804D1FFE7022090
:10CE10008DF80F0032E00299012081F88400FFE7CD
:10CE2000FFE702992420C1F8880002980068006892
:10CE3000009002980168086820F0010008600298DC
:10CE40000068806820F060600199084302990968D1
:10CE50008860029804F0F4FD00980299096808605F
:10CE600002992020C1F88800FFE70299002081F88C
:10CE70008400FFE700208DF80F00FFE79DF80F000A
:10CE800004B080BD0000000080B584B00290019124
:10CE9000FFE7029890F88400012804D1FFE7022000
:10CEA0008DF80F0032E00299012081F88400FFE73D
:10CEB000FFE702992420C1F8880002980068006802
:10CEC000009002980168086820F00100086002984C
:10CED0000068806820F06040019908430299096861
:10CEE0008860029804F0ACFD009802990968086017
:10CEF00002992020C1F88800FFE70299002081F8FC
:10CF00008400FFE700208DF80F00FFE79DF80F0079
:10CF100004B080BD0000000081B0009001B07047F7
:10CF200081B0009001B0704780B586B0049004983D
:10CF3000D0F8880003900498D0F88C0002900498F0
:10CF4000006880680006002836D5FFE7039821288E
:10CF500032D1FFE7FFE7FFE70498006850E8020FCF
:10CF600020F080000190FFE701990498026842E8F0
:10CF700002100028F0D1FFE7FFE70498C06FB8B1B6
:10CF8000FFE70498C06FF4F7BBFC80B1FFE704989B
:10CF9000C06FF5F7C9FC202808D1FFE704991020DD
:10CFA000C1F8900003208DF8170049E0FFE7FFE784
:10CFB000049805F031F8FFE704980068806840069F
:10CFC000002839D5FFE70298222835D1FFE7FFE78F
:10CFD000FFE70498006850E8020F20F0400000903E
:10CFE000FFE700990498026842E802100028F0D197
:10CFF000FFE7FFE70498D0F88000C8B1FFE7049886
:10D00000D0F88000F4F77CFC88B1FFE70498D0F8F2
:10D010008000F5F789FC202808D1FFE7049910204B
:10D02000C1F8900003208DF8170009E0FFE7FFE743
:10D03000049804F07DFFFFE700208DF81700FFE75C
:10D040009DF8170006B080BD81B0009001B0704718
:10D0500080B592B0119011980068C0691090119835
:10D06000006800680F901198006880680E90109812
:10D0700040F60F0108400D900D98E0B9FFE79DF8CC
:10D0800040008006002815D5FFE79DF83C0080068B
:10D09000002806D4FFE79DF83B00C006002809D50C
:10D0A000FFE71198406F20B1FFE71198416F884763
:10D0B000FFE72FE3FFE70D98002800F00C81FFE762
:10D0C0000E980121C1F20001084209D1FFE70F9833
:10D0D00040F22011C0F20041084200F0FC80FFE75E
:10D0E0009DF84000C00788B1FFE79DF83D00C007EC
:10D0F00060B1FFE711980168012008621199D1F829
:10D10000900040F00100C1F89000FFE79DF840005A
:10D110008007002811D5FFE79DF83800C00760B1EF
:10D12000FFE711980168022008621199D1F8900078
:10D1300040F00400C1F89000FFE79DF84000400770
:10D14000002811D5FFE79DF83800C00760B1FFE760
:10D1500011980168042008621199D1F8900040F0FC
:10D160000200C1F89000FFE79DF84000000700288A
:10D1700019D5FFE79DF83C008006002807D4FFE79B
:10D180000E980121C1F2000108420CD0FFE711986E
:10D190000168082008621199D1F8900040F0080059
:10D1A000C1F89000FFE79DF841000007002813D563
:10D1B000FFE79DF83F00400700280DD5FFE71198D5
:10D1C00001684FF4006008621199D1F8900040F0B6
:10D1D0002000C1F89000FFE71198D0F890000028D7
:10D1E00078D0FFE79DF840008006002815D5FFE7BE
:10D1F0009DF83C008006002806D4FFE79DF83B0020
:10D20000C006002809D5FFE71198406F20B1FFE75D
:10D210001198416F8847FFE7FFE71198D0F8900019
:10D220000C9011980068806800F04000402806D0FB
:10D23000FFE79DF8300010F0280F42D0FFE711986B
:10D2400004F076FE1198006880684006002833D507
:10D25000FFE7FFE7FFE71198006850E8020F20F0B2
:10D2600040000B90FFE70B991198026842E802100A
:10D270000028F0D1FFE7FFE71198D0F88000B0B1A7
:10D28000FFE71198D0F8801041F65950C0F6010020
:10D2900008651198D0F88000F4F7EEFF30B1FFE791
:10D2A0001198D0F88000016D8847FFE703E01198DE
:10D2B000FFF7CAFEFFE703E01198FFF7C5FEFFE79F
:10D2C00007E01198FFF7C0FE11990020C1F8900007
:10D2D000FFE7FFE71EE21198C06E012840F0BB8116
:10D2E000FFE79DF84000C006002840F1B481FFE749
:10D2F0009DF83C00C006002840F1AD81FFE7119881
:10D3000001681020086211980068806840060028B3
:10D3100040F13F81FFE71198D0F8800000681021AC
:10D32000C4F20201884200F0A280FFE71198D0F811
:10D33000800000682821C4F20201884200F0978032
:10D34000FFE71198D0F8800000684021C4F2020184
:10D35000884200F08C80FFE71198D0F880000068C8
:10D360005821C4F20201884200F08180FFE7119841
:10D37000D0F8800000687021C4F20201884276D0A3
:10D38000FFE71198D0F8800000688821C4F20201FC
:10D3900088426CD0FFE71198D0F880000068A02187
:10D3A000C4F20201884262D0FFE71198D0F88000F1
:10D3B0000068B821C4F20201884258D0FFE71198F2
:10D3C000D0F88000006840F21041C4F202018842A7
:10D3D0004DD0FFE71198D0F88000006840F2284156
:10D3E000C4F20201884242D0FFE71198D0F88000D1
:10D3F000006840F24041C4F20201884237D0FFE7A2
:10D400001198D0F88000006840F25841C4F202013F
:10D4100088422CD0FFE71198D0F88000006840F2D5
:10D420007041C4F20201884221D0FFE71198D0F880
:10D430008000006840F28841C4F20201884216D0A0
:10D44000FFE71198D0F88000006840F2A041C4F2D4
:10D45000020188420BD0FFE71198D0F880000068E5
:10D4600040F2B841C4F20201884207D1FFE71198A7
:10D47000D0F8800000684068019006E01198D0F86C
:10D480008000006840680190FFE70198ADF82A002D
:10D49000BDF82A0000287BD0FFE7BDF82A001199CB
:10D4A000B1F85C10884273DAFFE7BDF82A001199E1
:10D4B000A1F85E001198D0F88000C069B0F5807FB7
:10D4C00059D0FFE7FFE7FFE71198006850E8000F29
:10D4D00020F480700990FFE709991198026842E8EA
:10D4E00000100028F0D1FFE7FFE7FFE7FFE7119802
:10D4F000006850E8020F20F001000890FFE708994B
:10D500001198026842E802100028F0D1FFE7FFE717
:10D51000FFE7FFE71198006850E8020F20F0400095
:10D520000790FFE707991198026842E80210002867
:10D53000F0D1FFE7FFE711992020C1F88C00119985
:10D540000020C866FFE7FFE71198006850E8000F69
:10D5500020F010000690FFE706991198026842E853
:10D5600000100028F0D1FFE7FFE71198D0F8800005
:10D57000F4F7C6F9FFE71199022008671198B0F88F
:10D580005C10B0F85E20891A89B2FFF77DF9FFE7D9
:10D59000C0E01199B1F85C00B1F85E10401AADF826
:10D5A00016001198B0F85E00002853D0FFE7BDF8D0
:10D5B000160000284ED0FFE7FFE7FFE7119800684C
:10D5C00050E8000F20F490700490FFE70499119840
:10D5D000026842E800100028F0D1FFE7FFE7FFE70C
:10D5E000FFE71198006850E8020F4FF6FE71CEF683
:10D5F000FF7108400390FFE703991198026842E821
:10D6000002100028EDD1FFE7FFE711992020C1F8B3
:10D610008C0011990020C86611994867FFE7FFE761
:10D620001198006850E8000F20F010000290FFE70A
:10D6300002991198026842E800100028F0D1FFE733
:10D64000FFE71199022008671198BDF81610FFF73F
:10D650001BF9FFE75EE09DF84200C00600280FD5E9
:10D66000FFE79DF83A004006002809D5FFE711982A
:10D6700001684FF4801008621198FFF751FC49E0EF
:10D680009DF840000006002815D5FFE79DF83C00F6
:10D690000006002806D4FFE79DF83A00000600289F
:10D6A00009D5FFE71198806F20B1FFE71198816FCE
:10D6B0008847FFE72EE09DF84000400600280AD585
:10D6C000FFE79DF83C004006002804D5FFE71198CD
:10D6D00004F07EFC1EE09DF84200000600280AD5FA
:10D6E000FFE79DF83F004006002804D5FFE71198AA
:10D6F000FFF712FC0EE09DF84300C00750B1FFE7B2
:10D700009DF83F000006002804D5FFE71198FFF7B9
:10D710006FFBFFE712B080BD80B582B0009000982B
:10D7200020B9FFE701208DF8070046E000988069E6
:10D7300008B1FFE700E0FFE70098D0F8880040B9A3
:10D74000FFE70099002081F88400009800F03CF881
:10D75000FFE700992420C1F8880000980168086854
:10D7600020F0010008600098806A20B1FFE700986F
:10D7700004F0AAF9FFE7009804F0F2FE012804D1B2
:10D78000FFE701208DF8070017E00098016848685E
:10D7900020F49040486000980168886820F02A00D2
:10D7A000886000980168086840F0010008600098EF
:10D7B00004F02EFA8DF80700FFE79DF8070002B08D
:10D7C00080BD00000000000080B5E0B05F90002048
:10D7D0005E905D905C905B905A902CA8B821F2F717
:10D7E000DFFD5F98006845F20001C4F20001884245
:10D7F00040F09880FFE700202D9002212C91499065
:10D800002CA8FAF75DFC18B1FFE7F3F769FEFFE714
:10D81000FFE744F2E840C5F60200016841F48011D8
:10D820000160006800F480102B902B98FFE7FFE761
:10D8300044F2E040C5F60200016841F004010160D5
:10D84000006800F004002A902A98FFE7FFE744F2FE
:10D85000E040C5F60200016841F00801016000687F
:10D8600000F0080029902998FFE74FF480505A9063
:10D8700002201A905B9000201D905C905D90082023
:10D880001B905E9040F60000C5F602005AA91C915C
:10D89000F8F776FC1A9B1B981C991D9A4FF0040C04
:10D8A000CDF868C15B935C925D925E9040F600405B
:10D8B000C5F60200F8F764FC1D9944F6D460C2F284
:10D8C00000401E901022C4F2020202604122426017
:10D8D0008160C1604FF480620261416181614FF4F7
:10D8E0008072C2614FF4403202624162F6F704F97D
:10D8F00018B1FFE7F3F7F4FDFFE7FFE75F9844F6A1
:10D90000D461C2F20041C0F880105F988863FFE7DD
:10D910003520199003210022F8F7F2FE1998F8F744
:10D92000E3FE12E35F98006847F60001C4F20001CD
:10D93000884271D1FFE700202D9002212C9149905F
:10D940002CA8FAF7BDFB18B1FFE7F3F7C9FDFFE715
:10D95000FFE744F2E840C5F60200016841F080416B
:10D960000160006800F0804028902898FFE7FFE7FA
:10D9700044F2E040C5F60200016841F01001016088
:10D98000006800F0100027902798FFE74FF4C07060
:10D990005A9002205B90002017905C905D900720C9
:10D9A0005E9041F20000C5F602005AA9F8F7E8FBC4
:10D9B000179944F64C70C2F2004018908822C4F2C5
:10D9C000020202604F2242608160C1604FF48062B7
:10D9D0000261416181614FF48072C2610162416202
:10D9E000F6F78AF818B1FFE7F3F77AFDFFE7FFE7EC
:10D9F0005F9844F64C71C2F20041C0F880105F9805
:10DA00008863FFE75220169002210122F8F778FE82
:10DA10001698F8F769FE97E25F98006847F60041AC
:10DA2000C4F20001884240F09980FFE700202D9069
:10DA300002212C9149902CA8FAF742FB18B1FFE77C
:10DA4000F3F74EFDFFE7FFE744F2E840C5F60200BA
:10DA5000016841F000410160006800F0004026903C
:10DA60002698FFE7FFE744F2E040C5F602000168B0
:10DA700041F010010160006800F010002590259829
:10DA8000FFE703205A9002205B90002014905C90E6
:10DA90005D9008205E9041F20000C5F602005AA990
:10DAA000F8F76EFB149944F6C470C2F2004015906A
:10DAB000A022C4F202020260512242608160C16071
:10DAC0004FF480620261416181614FF48072C261F2
:10DAD00001624162F6F710F818B1FFE7F3F700FDB5
:10DAE000FFE7FFE75F9844F6C471C2F20041C0F857
:10DAF00080105F988863FFE745F23C00C2F2004067
:10DB00001390B821C4F2020101605221416040210A
:10DB100081600021C1604FF48062026141618161D6
:10DB2000C16101624162F5F7E7FF18B1FFE7F3F762
:10DB3000D7FCFFE7FFE75F9845F23C01C2F20041E6
:10DB4000C1675F988863FFE753201290022100228B
:10DB5000F8F7D6FD1298F8F7C7FDF4E15F98006872
:10DB600041F60001C4F20101884240F09B80FFE7CA
:10DB700000202D9001212C914A902CA8FAF7A0FAB0
:10DB800018B1FFE7F3F7ACFCFFE7FFE744F2F04022
:10DB9000C5F60200016841F040010160006800F034
:10DBA000400024902498FFE7FFE744F2E040C5F6E8
:10DBB0000200016841F008010160006800F00800FF
:10DBC00023902398FFE74FF440405A9002205B9047
:10DBD000002010905C905D900B205E9040F600401D
:10DBE000C5F602005AA9F8F7CBFA109945F2B4002D
:10DBF000C2F20040119040F21042C4F202020260F0
:10DC0000742242608160C1604FF4806202614161B0
:10DC100081614FF48072C26101624162F5F76CFF6D
:10DC200018B1FFE7F3F75CFCFFE7FFE75F9845F209
:10DC3000B401C2F20041C0F880105F988863FFE72A
:10DC400045F22C10C2F200400F907021C4F2020184
:10DC5000016075214160402181600021C1604FF465
:10DC60008062026141618161C16101624162F5F7D7
:10DC700043FF18B1FFE7F3F733FCFFE7FFE75F98D7
:10DC800045F22C11C2F20041C1675F988863FFE73B
:10DC90009B200E9001210022F8F732FD0E98F8F734
:10DCA00023FD4FE15F98006841F20001C4F20101D9
:10DCB000884240F0A980FFE700202D9001212C919F
:10DCC0004A902CA8FAF7FCF918B1FFE7F3F708FC23
:10DCD000FFE7FFE744F2F040C5F60200016841F0BB
:10DCE00010010160006800F0100022902298FFE708
:10DCF000FFE744F2E040C5F60200016841F001018F
:10DD00000160006800F0010021902198FFE74FF4C6
:10DD1000C0605A9002205B9000200C905C90032021
:10DD20000B905D9007205E900020C5F602005AA976
:10DD3000F8F726FA0B9A0C9945F21C20C2F2004023
:10DD40000D9040F22843C4F202030360292343608C
:10DD50008160C1604FF48063036141618161C16191
:10DD60004FF400330362042343628262C1620163A1
:10DD7000F5F7C2FE18B1FFE7F3F7B2FBFFE7FFE7E5
:10DD80005F9845F21C21C2F20041C0F880105F98F4
:10DD90008863FFE745F29420C2F200400A9040F207
:10DDA0004041C4F2020101602A21416040218160AA
:10DDB0000021C1604FF48062026141618161C161F3
:10DDC0004FF4803202620422426203228262C16204
:10DDD0000163F5F791FE18B1FFE7F3F781FBFFE769
:10DDE000FFE75F9845F29421C2F20041C1675F9856
:10DDF0008863FFE72520099002210022F8F780FCC4
:10DE00000998F8F771FC9CE05F98006841F60041C2
:10DE1000C4F20101884240F09380FFE700202D907A
:10DE200001212C914A902CA8FAF74AF918B1FFE782
:10DE3000F3F756FBFFE7FFE744F2F040C5F60200B8
:10DE4000016841F080010160006800F080002090CE
:10DE50002098FFE7FFE744F2E040C5F602000168C2
:10DE600041F010010160006800F010001F901F9841
:10DE7000FFE7042005905A90022102915B91002156
:10DE800007915C91032106915D915E9041F2000043
:10DE9000C5F6020003905AA90491F8F771F9DDF86C
:10DEA00008C003980499069A079B4FF0080ECDF816
:10DEB00068E1CDF86CC15C935D920B225E92F8F73D
:10DEC0005FF9059B069A079945F2A410C2F200403B
:10DED000089040F2580CC4F2020CC0F800C04FF099
:10DEE000760CC0F804C08160C1604FF4806CC0F84B
:10DEF00010C041618161C1614FF4003CC0F820C095
:10DF000043628262C1620163F5F7F6FD18B1FFE773
:10DF1000F3F7E6FAFFE7FFE75F9845F2A411C2F2D4
:10DF20000041C0F880105F988863FFE79C20019053
:10DF300001210022F8F7E4FB0198F8F7D5FBFFE791
:10DF4000FFE7FFE7FFE7FFE7FFE760B080BD000006
:10DF500081B0009001B0704781B0009001B070476F
:10DF600081B0009001B07047FFE7FEE700000000BD
:10DF700080B58AB08DED090ACDED080A8DED071A3E
:10DF8000CDED061A8DED052ACDED042A03900399F7
:10DF90000120087009980399C1F8B4010898039901
:10DFA000C1F8B80107980399C1F8BC0103994CF670
:10DFB0007740C3F22B20C1F8D0010399002081F8EB
:10DFC00038010399C1F84401C1F840010399C1F82F
:10DFD0004C01C1F8480104980399C1F8AC019DEDCA
:10DFE000060AB7EE001AB4EE410AF1EE10FA04DDAB
:10DFF000FFE74FF07E500690FFE706980399C1F8BF
:10E00000D40105980399C1F89001039804300621C2
:10E0100000220092032300F09FFB039901F5E270B8
:10E0200001F5E67301220192114614F0D1F900992D
:10E030000198039AD2F8EC304FF07E521A60039A9E
:10E04000D2F8EC205160039AD2F8EC209160039A48
:10E05000D2F8EC20D160039A47F6B141C0F6010135
:10E06000C2F8D010039A48F2E121C0F60101C2F8CB
:10E07000D410039A47F64931C0F60101C2F8D8100E
:10E08000039A47F60151C0F60101C2F8DC1003996A
:10E0900081F82E00039981F82F000398D0F804012D
:10E0A00044F60421C0F6020190220292F2F75FF9D1
:10E0B000029A0398D0F8FC0040F25401C2F20041E9
:10E0C000F2F755F90AB080BD80B590B009A9069164
:10E0D00081ED060AC1ED050A81ED041AC1ED031AAE
:10E0E00081ED022AC1ED012A81ED003A08900898DD
:10E0F000007880B9FFE70898B2EE040ADFEDD20A93
:10E100009FEDD21AF7EE001ADFEDD12AB0EE622AA7
:10E11000FFF72EFFFFE706980999089AC2F8C01189
:10E1200090ED060A089991ED581A30EE410A81EDFA
:10E130005B0A90ED050A089991ED591A30EE410AF3
:10E1400081ED5C0A90ED040A089991ED5A1A30EEBF
:10E15000410A81ED5D0A089991ED5B0AB6EE001A5D
:10E1600020EE010A90ED002A20EE020A42F2C4716C
:10E17000C2F20041059181ED000A089991ED5C0A17
:10E1800020EE010A90ED002A20EE020A42F2C87148
:10E19000C2F20041049181ED000A089991ED5D0AF7
:10E1A00020EE010A90ED001A20EE010A42F2CC7036
:10E1B000C2F20040039080ED000A0898D0F80401F4
:10E1C00044F60421C0F602019022F2F7D0F8039A37
:10E1D0000499059890ED000AB1EE400A089BD3F827
:10E1E000043183ED010A91ED000AB1EE400A089B6B
:10E1F000D3F8043183ED020A92ED000AB1EE400A31
:10E20000089BD3F8043183ED030A0368DDF820C0CE
:10E21000DCF804C1CCF818301368DDF820C0DCF855
:10E2200004C1CCF8203091ED000AB1EE400A089B01
:10E23000D3F8043183ED090A0B68DDF820C0DCF85F
:10E2400004C1CCF8303092ED000AB1EE400A089BD0
:10E25000D3F8043183ED0D0A0368DDF820C0DCF843
:10E2600004C1CCF83C301268089BD3F804319A649E
:10E270000968089AD2F80421D16490ED000AB1EE41
:10E28000400A0898D0F8040180ED140A0899D1F8E2
:10E290004801D1F84C11084368B9FFE70C98089978
:10E2A000C1F878010B980899C1F87C010A9808997F
:10E2B000C1F88001FFE70699089890ED5E0A90ED9D
:10E2C000641A90ED703A20EE010A33EE012A80EED6
:10E2D000020A91ED031A21EE031A81EE021A30EEC2
:10E2E000010A80ED5E0A089890ED5F0A90ED641ACD
:10E2F00090ED703A20EE010A33EE012A80EE020A18
:10E3000091ED021A21EE031A81EE021A30EE010A93
:10E3100080ED5F0A089890ED600A90ED641A90ED28
:10E32000703A20EE010A33EE012A80EE020A91EDE6
:10E33000011A21EE031A81EE021A30EE010A80ED75
:10E34000600A089890ED5E2A90ED5F0A90ED601AE1
:10E3500020EE000AA2EE020AA1EE010A0AF0F8F885
:10E3600042F2C070C2F2004080ED000A00208DF839
:10E370001F00FFE79DF81F0002281BDCFFE708983D
:10E380009DF81F1000EB810292ED5E0A42F2C0720E
:10E39000C2F2004292ED001A20EE010A806800EB02
:10E3A000810080ED000AFFE79DF81F0001308DF825
:10E3B0001F00DFE7089890ED5B2A90ED5C0A90ED76
:10E3C0005D1A20EE000AA2EE020AA1EE010A0AF08E
:10E3D000BFF8B0EE401AB7EE000A80EE011A0898B6
:10E3E00080ED651A42F2C070C2F2004090ED001A52
:10E3F00080EE010A089880ED660A089890ED650A9B
:10E400009FEDAE1AB4EE410AF1EE10FA22DAFFE700
:10E41000089890ED660A9FEDAA1AB4EE410AF1EE53
:10E4200010FA17DDFFE7089890ED660A9FEDA51A30
:10E43000B4EE410AF1EE10FA0CDAFFE70899012078
:10E4400081F839010BE000BF6F12833A8096184BB8
:10E45000000000000899002081F83901FFE70898C2
:10E4600090ED6D0A90ED701A20EE010AD0F81801B7
:10E4700080ED000A089890ED6D0A90ED701A20EE7C
:10E48000010AD0F8180180ED070A089890ED6D0A8E
:10E4900090ED701A20EE010AD0F8180180ED0E0AF6
:10E4A000089890ED6D0A90ED701A20EE010AD0F8F0
:10E4B000180180ED150A089890ED6E0A90ED701A1B
:10E4C00020EE010AD0F8180180ED1C0A089890EDA2
:10E4D0006E0A90ED701A20EE010AD0F8180180ED56
:10E4E000230A0898D0F81C11D0F8BC0108600898DD
:10E4F000D0F81C11D0F8BC0108610898D0F81C11A4
:10E50000D0F8BC0108620899081D00F055FD089973
:10E5100048680068C1F85001089948684068C1F827
:10E520005401089948688068C1F8580108994868FA
:10E53000C068C1F85C01089948680069C1F86001C9
:10E54000089948684069C1F864010899D1F8AC019C
:10E55000C1F86801089890ED542A90ED551A90ED95
:10E56000560A90ED573A21EE000AA2EE030A30EE69
:10E57000000A21EE011AA2EE021AB0EE002A8DED79
:10E58000012AFFEE000ACDED000AE1EE020A15F0C5
:10E590003BF9DDED000A9DED012A9FED4B1A8DED53
:10E5A000021A20EE010A089880ED6A0A089890ED98
:10E5B000543A90ED554A90ED560A90ED571A20EED8
:10E5C000010AA3EE040A30EE000A21EE011AA3EEBE
:10E5D000031AE1EE020A15F017F99DED021A20EE7A
:10E5E000010A089880ED690A089890ED540A90EDA8
:10E5F000551A90ED563A90ED572A20EE030A91EE07
:10E60000020AB8EE001A20EE010A15F067F89DED37
:10E61000021A20EE010A089880ED680A089890ED29
:10E620006A0A90ED771A30EE410A9FED281AB4EE8F
:10E63000410AF1EE10FA07DDFFE70899B1F8D801B9
:10E640000138A1F8D80116E0089890ED6A0A90ED1B
:10E65000771A30EE410A9FED1E1AB4EE410AF1EE30
:10E6600010FA07DAFFE70899B1F8D8010130A1F8EC
:10E67000D801FFE7FFE70898B0F9D81100EE101AAB
:10E68000B8EEC01A90ED6A0A9FED122AA1EE020AB6
:10E6900080ED6C0A0899D1F8A801C1F8DC0108994D
:10E6A000D1F84821D1F84C01013240F10000C1F805
:10E6B0004821C1F84C0110B080BD00BF9A99993E25
:10E6C000CDCC1441CDCC2441E12E65420000344331
:10E6D000000034C30000B44383B0029001918DF870
:10E6E000032000208DF802008DF80200FFE79DF85E
:10E6F00002009DF80310884229DAFFE70298000F14
:10E70000092809D8FFE70298000F303001999DF8D9
:10E71000022001F8120009E00299372000EB117085
:10E7200001999DF8022001F81200FFE7029800010C
:10E73000029001989DF8021000EB41010020487002
:10E74000FFE79DF8020001308DF80200CFE703B02B
:10E75000704700000000000080B58AB009908DF875
:10E7600023108DF822208DF8213045F61271C2F267
:10E77000004106910420088045F61071C2F2004164
:10E78000082008809DF82300099908739DF822004D
:10E79000099948739DF82100099988730999002007
:10E7A00008749DF8210015F0FDFF0999486109984A
:10E7B00040699DF82110F1F7F3FD069800889DF857
:10E7C0002110484315F0EEFF0699099A90610998C7
:10E7D000806909889DF821205143F1F7E1FD0698F1
:10E7E00000889DF82110484315F0DCFF0699099A2E
:10E7F000D0610998C06909889DF821205143F1F73B
:10E80000CFFD069800889DF82310484315F0CAFFF5
:10E810000699099A10620998006A09889DF82320D0
:10E820005143F1F7BDFD9DF8210015F0BBFF09999B
:10E8300048620998406A9DF82110F1F7B1FD0698E9
:10E8400000889DF82310484315F0ACFF0699099AFB
:10E8500010600998006809889DF823205143F1F75A
:10E860009FFD069800889DF82110484315F09AFFF7
:10E870000699099A50600998406809889DF82120F6
:10E880005143F1F78DFD069800889DF8221048430A
:10E8900015F088FF0699099A9060099880680988A0
:10E8A0009DF822205143F1F77BFD069800889DF8E2
:10E8B0002310484315F076FF0699099AC2F8E8003C
:10E8C0000998D0F8E80009889DF823205143F1F712
:10E8D00067FD099A02F13000117BD2F8E83001227D
:10E8E000079213F075FD069800889DF823104843A1
:10E8F00015F058FF0699099AC2F8EC000998D0F86B
:10E90000EC0009889DF823205143F1F749FD079A4F
:10E91000099B03F13800197BD3F8EC3013F058FD54
:10E920009DF8220010B3FFE745F61270C2F20040D6
:10E93000059000889DF82210484315F033FF059993
:10E94000099AC2F8F0000998D0F8F00009889DF8FB
:10E9500022205143F1F724FD099A02F14000517B36
:10E96000D2F8F030012213F033FDFFE745F61270C4
:10E97000C2F20040049000889DF82110484315F031
:10E9800011FF0499099AC2F8F4000998D0F8F4002C
:10E9900009889DF821205143F1F702FD099A02F1FF
:10E9A0004800917BD2F8F430012213F011FD049855
:10E9B00000889DF823104843484315F0F3FE04995E
:10E9C000099AC2F8F8000998D0F8F80009889DF86B
:10E9D000232051435143F1F7E3FC099901F1500021
:10E9E0000A7BD1F8F830114613F0F2FC0498008845
:10E9F0009DF823104843484315F0D4FE0499099A22
:10EA0000C2F8FC000998D0F8FC0009889DF8232082
:10EA100051435143F1F7C4FC099901F158000A7BB5
:10EA2000D1F8FC30114613F0D3FC049800889DF80F
:10EA300023104843484315F0B5FE01460498099A4F
:10EA4000C2F8001100889DF823104843484315F090
:10EA5000A9FE0499099AC2F804010998D0F80001A6
:10EA600009889DF8232051435143F1F799FC0499FB
:10EA70000998D0F8040109889DF823205143514397
:10EA8000F1F78EFC099901F160000A7BD1F80031A1
:10EA9000114613F09DFC099901F168000A7BD1F839
:10EAA0000431114613F094FC9DF8220040B3FFE7B7
:10EAB00045F61270C2F20040039000889DF82310C2
:10EAC00048439DF82210484315F06CFE0399099ABB
:10EAD000C2F808010998D0F8080109889DF8232098
:10EAE00051439DF822205143F1F75AFC099B03F151
:10EAF0007000197B5A7BD3F8083113F069FCFFE7EB
:10EB000045F61270C2F20040019000889DF8211075
:10EB100048439DF82310484315F044FE01460198F0
:10EB2000099AC2F80C1100889DF8231048439DF8FB
:10EB30002110484315F036FE0199099AC2F81001D8
:10EB40000998D0F80C0109889DF8212051439DF8BF
:10EB500023205143F1F724FC01990998D0F81001C2
:10EB600009889DF8232051439DF821205143F1F756
:10EB700017FC099B03F178001A7B997BD3F80C31C1
:10EB800013F026FC099B03F18000197B9A7BD3F8D4
:10EB9000103113F01DFC019800889DF823104843A4
:10EBA000484315F0FFFD0199099AC2F8140109982C
:10EBB000D0F8140109889DF8232051435143F1F7FF
:10EBC000EFFB099901F188000A7BD1F81431114655
:10EBD00013F0FEFB019800889DF82110484348433C
:10EBE00015F0E0FD0199099AC2F818010998D0F8CA
:10EBF000180109889DF8212051435143F1F7D0FBBA
:10EC0000099901F190008A7BD1F81831114613F06F
:10EC1000DFFB019800889DF8231048439DF82110E0
:10EC2000484315F0BFFD0199099AC2F81C010998E3
:10EC3000D0F81C0109889DF8232051439DF821201C
:10EC40005143F1F7ADFB099B03F19800197B9A7BC7
:10EC5000D3F81C3113F0BCFB019800880999097B9B
:10EC60004843484315F09EFD01460198099AC2F8B1
:10EC7000201100880999097B4843484315F092FD0B
:10EC800001460198099AC2F8241100880999097B64
:10EC90004843484315F086FD01460198099AC2F899
:10ECA000281100880999097B484315F07BFD01462E
:10ECB0000198099AC2F82C1100880999097B4843E8
:10ECC00015F070FD0999C1F83001099901F1A00012
:10ECD0000A7BD1F82031114613F07AFB099901F132
:10ECE000A8000A7BD1F82431114613F071FB099971
:10ECF00001F1B0000A7BD1F82831114613F068FB0E
:10ED0000099A02F1B800117BD2F82C31012202924B
:10ED100013F05EFB029A099B03F1C000197BD3F844
:10ED2000303113F055FB0999002081F8280009992A
:10ED300081F82900099981F82A00099981F82B00A6
:10ED4000099981F82C000AB080BD00000000000085
:10ED500080B582B001900198C07B20B1FFE7019897
:10ED600008F0F2FD16E0019BD3F8F400596845F66F
:10ED70001272C2F20042009212889B7B5A43F1F752
:10ED8000F6FA0099019A50680988927B5143F1F78D
:10ED900007FBFFE7019BD3F8F000996845F6127274
:10EDA000C2F2004212885B7B5A43F1F7E0FA02B0EC
:10EDB00080BD00000000000080B582B00190019885
:10EDC00090F82C00B0BBFFE70199B1F89800A1F8CA
:10EDD000A8000199B1F87A00A1F8AA000199B1F848
:10EDE000A800A1F8B0000199B1F85A00A1F8B2004A
:10EDF000019A02F1980002F17801A83213F0DCFDCB
:10EE0000019981F8C800019A02F1A80002F15801A5
:10EE1000B03213F0D1FD019981F8C800019A02F1D6
:10EE2000580002F1B001503213F082FE019981F8CE
:10EE3000C800FFE702B080BD80B582B001900198A4
:10EE400090F82900A8BBFFE7019901F16000683143
:10EE500013F0A2FE019981F8C800019A02F1600046
:10EE600002F15001583213F0A7FD019981F8C80052
:10EE70000199B1F85800A1F8A8000199B1F86A0009
:10EE8000A1F8AA00019A02F1580002F16801A83223
:10EE900013F092FD019981F8C800019A02F1A800CF
:10EEA00002F18801583213F05FFA019981F8C80025
:10EEB000FFE702B080BD000080B582B001900198EC
:10EEC00090F82A00002872D1FFE7019901F178003B
:10EED000803113F061FE019981F8C8000199B1F801
:10EEE0007800A1F8A8000199B1F85A00A1F8AA0089
:10EEF000019A02F1780002F15801A83213F05CFD8A
:10EF0000019981F8C8000199B1F8A800A1F8B000F2
:10EF10000199B1F88200A1F8B200019A02F1A800AB
:10EF200002F18001B03213F047FD019981F8C80069
:10EF30000199B1F89000A1F8A0000199B1F89200F0
:10EF4000A1F8A200019A02F1B00002F19001A032F2
:10EF500013F00AFA019981F8C800019901F1A000A3
:10EF6000B03113F049FA019981F8C8000199B1F85C
:10EF70005800A1F8A8000199B1F88200A1F8AA00F0
:10EF8000019A02F1580002F18001A83213F014FD39
:10EF9000019981F8C800019A02F1A80002F1B001BC
:10EFA000983213F009FD019981F8C800FFE702B01B
:10EFB00080BD00000000000080B584B00390029185
:10EFC0000398FFF7C5FE0398D0F8CC0030B1FFE7F7
:10EFD0000398D0F8CC2002999047FFE7039800F0FF
:10EFE000BBF80398D0F8D00030B1FFE70398D0F811
:10EFF000D02002999047FFE70398FFF71DFF039881
:10F00000D0F8D40030B1FFE70398D0F8D4200299AB
:10F010009047FFE70398007C20B9FFE70398C07B87
:10F0200000BBFFE70398FFF747FF0398D0F8D8002D
:10F0300030B1FFE70398D0F8D82002999047FFE756
:10F04000039800F0DDF80398D0F8DC0030B1FFE75A
:10F050000398D0F8DC2002999047FFE70398FFF768
:10F06000ABFE1BE0039BD3F8E800D3F8EC1045F6A9
:10F070001272C2F20042009212881B7B5A43F1F7CF
:10F0800076F9009A039BD3F8F800D3F8FC101288A5
:10F090001B7B5A435A43F1F76AF9FFE70398D0F80C
:10F0A000E00030B1FFE70398D0F8E02002999047E4
:10F0B000FFE700208DF80700FFE79DF807000399A0
:10F0C000097B88422CDAFFE70398D0F8F8209DF8F6
:10F0D0000710037B11FB031302EB830292ED000A7E
:10F0E000006A00EB810090ED001AB4EE410AF1EEE7
:10F0F00010FA0EDAFFE7039B186A9DF8072050F814
:10F100002200D3F8F8101B7B12FB032241F82200E7
:10F11000FFE7FFE79DF8070001308DF80700CCE717
:10F12000039B1868D3F8E81045F61272C2F2004249
:10F1300012881B7B5A43F1F71AF90398D0F8E400C0
:10F1400030B1FFE70398D0F8E42002999047FFE739
:10F150000398006804B080BD80B582B0019001982A
:10F1600090F82800002846D1FFE70198407B01284D
:10F1700034DBFFE70199087BA1F8B8000199012071
:10F180000090A1F8BA00019A02F1600002F130018A
:10F19000B83213F011FC01460098019A82F8C810A9
:10F1A000019A117BA2F8C0100199A1F8C200019A3E
:10F1B00002F1700002F14001C03213F0FDFB019931
:10F1C00081F8C800019A02F1B80002F1C00138329A
:10F1D00013F0CAF8019981F8C8000BE0019A02F116
:10F1E000600002F13001383213F0E6FB019981F83A
:10F1F000C800FFE7FFE702B080BD0000000000008C
:10F2000080B582B00190019890F82B0000284BD176
:10F21000FFE70199B1F87800A1F8B8000199012041
:10F220000090A1F8BA00019A02F1780002F13801C9
:10F23000B83213F0C1FB01460098019A82F8C81059
:10F24000019AB2F84810A2F8C0100199A1F8C200C2
:10F25000019A02F1480002F1B801C03213F068FCD3
:10F2600001460098019A82F8C810019AB2F89810E5
:10F27000A2F8B8100199A1F8BA00019A02F1980019
:10F2800002F1C001B83213F097FB019981F8C80070
:10F29000019A02F1380002F1B801303213F064F83B
:10F2A000019981F8C800FFE702B080BD00000000AE
:10F2B00080B590B0FFE744F2D840C5F6020001687F
:10F2C00041F001010160006800F001000F900F980B
:10F2D000FFE7FFE744F2D840C5F60200016841F0BD
:10F2E00002010160006800F002000E900E98FFE736
:10F2F0000B20019003210B9101220C92F7F700FAE9
:10F300000198F7F7F1F90B990C9A0C200290F7F796
:10F31000F7F90298F7F7E8F90B990C9A0D2003908A
:10F32000F7F7EEF90398F7F7DFF90B990C9A0E202F
:10F330000490F7F7E5F90498F7F7D6F90B990C9ACA
:10F340000F200590F7F7DCF90598F7F7CDF90B9941
:10F350000C9A10200690F7F7D3F90698F7F7C4F93E
:10F360000B990C9A11200790F7F7CAF90798F7F74D
:10F37000BBF90C9A2F2008900021F7F7C1F90898E3
:10F38000F7F7B2F90B990C9A38200990F7F7B8F90A
:10F390000998F7F7A9F90B990C9A39200A90F7F711
:10F3A000AFF90A98F7F7A0F90B990C9A3A200D904B
:10F3B000F7F7A6F90D98F7F797F910B080BD0000A0
:10F3C00080B582B045F20C30C2F2004000904AF2A3
:10F3D0000001C4F200010160002201928260C2605B
:10F3E00002744274012181744FF0030EC0F814E0DE
:10F3F0000A2383614FF01D0CC0F81CC00362C0F8E3
:10F4000024E08362C0F82CC0036342638163C2635B
:10F410000C230364042141648264C1640265416574
:10F420008265C265036642668166F6F73DFA18B1E9
:10F43000FFE7F2F755F8FFE702B080BD00000000DB
:10F4400080B582B045F2AC30C2F2004000904AF282
:10F450000041C4F200010160002201928260C2609A
:10F4600002744274012181744FF0030EC0F814E05D
:10F470000A2383614FF01D0CC0F81CC00362C0F862
:10F4800024E08362C0F82CC0036340F25633436328
:10F490008163C2630264042141640C238364C164F8
:10F4A000026541658265C265036642668166F6F75C
:10F4B000FBF918B1FFE7F2F713F8FFE702B080BDE0
:10F4C00080B582B045F24C40C2F2004000904DF24F
:10F4D0000041C4F200010160002201928260C2601A
:10F4E00002744274012181744FF0030EC0F814E0DD
:10F4F0000A2383614FF01D0CC0F81CC00362C0F8E2
:10F5000024E08362C0F82CC0036340F2AB63436322
:10F510008163C2630C230364042141648264C16477
:10F52000026541658265C265036642668166F6F7DB
:10F53000BBF918B1FFE7F1F7D3FFFFE702B080BDD9
:10F5400080B592B00020119010900F900E900D9009
:10F55000FFE744F2E040C5F60200016841F0100107
:10F560000160006800F010000C900C98FFE7FFE7C6
:10F5700044F2E040C5F60200016841F00401016078
:10F58000006800F004000B900B98FFE7FFE744F2DF
:10F59000E040C5F60200016841F0800101600068AA
:10F5A00000F080000A900A98FFE7FFE744F2E0408D
:10F5B000C5F60200016841F001010160006800F039
:10F5C000010009900998FFE7FFE744F2E040C5F623
:10F5D0000200016841F002010160006800F00200D1
:10F5E00008900898FFE7FFE744F2E040C5F6020004
:10F5F000016841F008010160006800F00800079010
:10F600000798FFE740F60000C5F60200009048F2B8
:10F61000090101220392F6F79BFF03990020C5F62A
:10F620000200029000220592F6F792FF0098039ADA
:10F6300005994FF400430D930E920F9110910DA96F
:10F640000491F6F79DFD0098039A049909230D9300
:10F650000E920F92022201921092F6F791FD019AFA
:10F660000298DDF80CC00499059BCDF834C04FF02A
:10F67000110CCDF838C00F931092F6F781FD039866
:10F6800004994FF4A0520D924FF404120E920F9071
:10F6900041F20000C5F60200F6F772FD059A282037
:10F6A00006901146F7F72CF80698F7F71DF812B0F8
:10F6B00080BD00000000000080B582B045F6D0108B
:10F6C000C2F20040009043F60001C4F20001016064
:10F6D0004FF4800141600021019181600722C260E6
:10F6E0004FF0007202614FF0807242614FF0806211
:10F6F00082614FF04052C261016241628162C16227
:10F700004FF0804242638163C1630164416481645C
:10F71000C164016541658165FAF7C6FF18B1FFE76D
:10F72000F1F7DEFEFFE702B080BD00000000000040
:10F7300080B590B0002101910F910E910D910C9127
:10F740000B910A91099108910791069105910491F5
:10F750000391029145F65820C2F2004041F60002A2
:10F76000C4F200020260EF224260816040F2E732A0
:10F77000C26001618161FCF73FF818B1FFE7F1F762
:10F78000AFFEFFE74FF480500C9045F65820C2F2D0
:10F7900000400CA9FCF798F918B1FFE7F1F7A0FEBB
:10F7A000FFE745F65820C2F20040FCF7D9FC18B13B
:10F7B000FFE7F1F795FEFFE7002009900B9045F673
:10F7C0005820C2F2004009A9FBF756FF18B1FFE725
:10F7D000F1F786FEFFE7602002900020039004907E
:10F7E000069045F65820C2F2004002A90422FCF718
:10F7F000DFFB18B1FFE7F1F773FEFFE745F658208E
:10F80000C2F20040FCF774FB10B080BD00000000A5
:10F8100080B590B0002101910F910E910D910C9146
:10F820000B910A9109910891079106910591049114
:10F830000391029145F6A420C2F2004040F200423A
:10F84000C4F20002026017224260816042F20F722D
:10F85000C260016180218161FBF7CEFF18B1FFE733
:10F86000F1F73EFEFFE74FF480500C9045F6A420E0
:10F87000C2F200400CA9FCF727F918B1FFE7F1F735
:10F880002FFEFFE745F6A420C2F20040FCF768FC1B
:10F8900018B1FFE7F1F724FEFFE7002009900B9075
:10F8A00045F6A420C2F2004009A9FBF7E5FE18B115
:10F8B000FFE7F1F715FEFFE76020029000200390BC
:10F8C0000490069045F6A420C2F2004002A90C2242
:10F8D000FCF76EFB18B1FFE7F1F702FEFFE745F614
:10F8E000A420C2F20040FCF703FB10B080BD000072
:10F8F00080B588B00021009107910691059104918F
:10F9000003910291019145F6F020C2F2004040F6C9
:10F910000002C4F200020260EF224260816040F205
:10F92000E732C26001618161FBF766FF18B1FFE752
:10F93000F1F7D6FDFFE74FF48050049045F6F02034
:10F94000C2F2004004A9FCF7BFF818B1FFE7F1F7D5
:10F95000C7FDFFE700200190039045F6F020C2F2BA
:10F96000004001A9FBF788FE18B1FFE7F1F7B8FDE9
:10F97000FFE708B080BD000080B588B0002100918D
:10F98000079106910591049103910291019145F629
:10F990003C30C2F2004040F60042C4F20002026075
:10F9A000EF224260816040F2E732C2600161816112
:10F9B000FBF722FF18B1FFE7F1F792FDFFE74FF4E5
:10F9C0008050049045F63C30C2F2004004A9FCF798
:10F9D0007BF818B1FFE7F1F783FDFFE70020019006
:10F9E000039045F63C30C2F2004001A9FBF744FE0B
:10F9F00018B1FFE7F1F774FDFFE708B080BD000024
:10FA000080B582B045F6B040C2F20040019045F2A8
:10FA10000001C4F20001016048F2A061C0F20101DE
:10FA200041604FF4805181604FF40051C1604FF448
:10FA3000806101610421416100218161C161016234
:10FA400041628162FDF768FE18B1FFE7F1F748FDFA
:10FA5000FFE745F6B040C2F200400021FDF714FA7E
:10FA600018B1FFE7F1F73CFDFFE745F6B040C2F201
:10FA700000400021FDF7C0F918B1FFE7F1F730FDB4
:10FA8000FFE745F6B040C2F20040FCF765FE18B152
:10FA9000FFE7F1F725FDFFE702B080BD00000000A1
:10FAA00080B582B045F64450C2F20040009047F65F
:10FAB0000001C4F2000101604FF4E1314160002116
:10FAC00001918160C16001610C2242618161C1616B
:10FAD000016241628162FDF71FFE18B1FFE7F1F795
:10FAE000FFFCFFE745F64450C2F200400021FDF75D
:10FAF000CBF918B1FFE7F1F7F3FCFFE745F6445007
:10FB0000C2F200400021FDF777F918B1FFE7F1F7E5
:10FB1000E7FCFFE745F64450C2F20040FCF71CFE4C
:10FB200018B1FFE7F1F7DCFCFFE702B080BD000091
:10FB300080B582B045F6D850C2F20040009047F63A
:10FB40000041C4F2000101604FF4E1314160002145
:10FB500001918160C16001610C2242618161C161DA
:10FB6000016241628162FDF7D7FD18B1FFE7F1F74D
:10FB7000B7FCFFE745F6D850C2F200400021FDF780
:10FB800083F918B1FFE7F1F7ABFCFFE745F6D85072
:10FB9000C2F200400021FDF72FF918B1FFE7F1F79D
:10FBA0009FFCFFE745F6D850C2F20040FCF7D4FDB9
:10FBB00018B1FFE7F1F794FCFFE702B080BD000049
:10FBC00080B582B045F66C60C2F20040009041F60C
:10FBD0000001C4F2010101604FF4E13141600021F4
:10FBE00001918160C16001610C2242618161C1614A
:10FBF000016241628162FDF78FFD18B1FFE7F1F705
:10FC00006FFCFFE745F66C60C2F200400021FDF793
:10FC10003BF918B1FFE7F1F763FCFFE745F66C60CD
:10FC2000C2F200400021FDF7E7F818B1FFE7F1F755
:10FC300057FCFFE745F66C60C2F20040FCF78CFD14
:10FC400018B1FFE7F1F74CFCFFE702B080BD000000
:10FC500080B582B045F61C40C2F20040019041F6EA
:10FC60000041C4F2010101604FF4E1314160002123
:10FC70008160C16001610C2242618161C1610162E8
:10FC80004162102181624FF48051C163FDF744FD50
:10FC900018B1FFE7F1F724FCFFE745F61C40C2F27C
:10FCA00000400021FDF7F0F818B1FFE7F1F718FC6C
:10FCB000FFE745F61C40C2F200400021FDF79CF82A
:10FCC00018B1FFE7F1F70CFCFFE745F61C40C2F264
:10FCD0000040FCF741FD18B1FFE7F1F701FCFFE739
:10FCE00002B080BD0000000080B582B045F68830CB
:10FCF000C2F20040009041F20001C4F20101016033
:10FD00004FF461214160002101918160C160016176
:10FD10000C2242618161C161016241628162FDF731
:10FD2000FBFC18B1FFE7F1F7DBFBFFE745F6883096
:10FD3000C2F200400021FDF7A7F818B1FFE7F1F784
:10FD4000CFFBFFE745F68830C2F200400021FDF707
:10FD500053F818B1FFE7F1F7C3FBFFE745F688302A
:10FD6000C2F20040FCF7F8FC18B1FFE7F1F7B8FB6E
:10FD7000FFE702B080BD000080B544F60830C2F253
:10FD8000004040F23401C2F20041012204F0C0FB05
:10FD900018B1FFE7F1F7A4FBFFE744F60830C2F221
:10FDA000004040F2EC01C2F2004105F0DDF818B16C
:10FDB000FFE7F1F795FBFFE744F60830C2F2004099
:10FDC00040F28811C2F2004103F08EFD18B1FFE746
:10FDD000F1F786FBFFE744F60830C2F2004005F079
:10FDE00053FA18B1FFE7F1F77BFBFFE7F7F7B0FE37
:10FDF00080BD000000000000FFE7FEE700000000FB
:10FE0000FFE7FEE70000000088B00790069105922A
:10FE1000079800F0070004900498C0F10700052837
:10FE200003D3FFE70420019004E00498C0F1070029
:10FE30000190FFE70198039004980430062803D846
:10FE4000FFE70020009003E0049803380090FFE7EC
:10FE50000098029006980399012202FA01F10139F3
:10FE60000840029B984005999A40013A1140084386
:10FE700008B070470000000080B545F2EC40C2F2C7
:10FE80000040F6F771FF80BD80B586B00590049103
:10FE9000059800680390039802900398006C019005
:10FEA0000298049900EB4110D0F8080B00900198DB
:10FEB00043F20B01C4F6547188420FD3FFE79DF85B
:10FEC00001000006002809D5FFE70298049900EB1D
:10FED00041114FF40040C1F8080BFFE70598F7F710
:10FEE00077FD019843F20B01C4F6547188420DD39B
:10FEF000FFE705988079012808D1FFE70599086890
:10FF000001F29C42012105F0EBFFFFE7002006B063
:10FF100080BD00000000000080B588B00790069109
:10FF2000079800680490049803900498006C02906D
:10FF30000398069900EB4110D0F8080B0190079840
:10FF40008079012840F08180FFE79DF804000007D8
:10FF5000002818D5FFE7029843F20B01C4F654714C
:10FF600088420FD3FFE79DF805000006002809D559
:10FF7000FFE70398069900EB41114FF40040C1F8E8
:10FF8000080BFFE760E09DF804008006002808D514
:10FF9000FFE70398069900EB41112020C1F8080BF8
:10FFA00051E09DF8040010F0280F4AD1FFE70298B5
:10FFB00043F20B01C4F6547188420FD3FFE79DF85A
:10FFC00005000006002809D5FFE70398069900EB15
:10FFD00041114FF40040C1F8080B31E00798069931
:10FFE00001EBC10100EB810000F51570059005984B
:10FFF000006A0399069A01EB4211D1F8101B6FF3C6
:020000040801F1
:10000000DF41401A05994861069898B9FFE70598BD
:10001000006940B9FFE70799086801F29C42012195
:1000200005F05EFF05E00599C8684A691044C8609C
:10003000FFE7FFE707989DF81810F6F721FCFFE7A8
:1000400000E0FFE7FFE7FFE747E0029843F20A110D
:10005000C4F65471884224D1FFE79DF805000006DC
:10006000002809D5FFE70398069900EB41114FF4EA
:100070000040C1F8080B13E09DF80400800600283A
:1000800008D5FFE70398069900EB41112020C1F83D
:10009000080BFFE707989DF81810F6F7F1FBFFE74C
:1000A0001AE0069890B9FFE70798069901EBC1019D
:1000B00000EB8100D0F8640240B9FFE707990868B7
:1000C00001F29C42002105F00BFFFFE707989DF825
:1000D0001810F6F7D5FBFFE7FFE7002008B080BD5A
:1000E00080B58CB00A9009910A9800680890089829
:1000F00007900A98099901EBC10100EB81001430C7
:100100000690069801694069884204D9FFE70120FA
:100110008DF82F0079E0069908694969401A059021
:10012000059806998968884204D9FFE7069880688F
:100130000590FFE70598033080080490FFE70798D3
:10014000099900EB4110D0F8180981B2049A0020F7
:10015000914202900FD3FFE706980269416900209F
:100160009142029007D2FFE706980069002818BF65
:1001700001200290FFE70298C00770B3FFE70699DD
:1001800008694969401A0590059806998968884266
:1001900004D9FFE7069880680590FFE705980330CB
:1001A0008008049008980699C9689DF82420BDF835
:1001B0001430DDF828C09CF806C0EE46CEF800C02A
:1001C00006F012FD059A0699C8681044C860059AA1
:1001D0000699486910444861B1E706990869496978
:1001E00088420ED8FFE7099800F00F0101208840EF
:1001F0000390039A0799D1F834089043C1F8340862
:10020000FFE700208DF82F00FFE79DF82F000CB0CE
:1002100080BD0000000000007047000000000000EA
:1002200080B586B00490039100208DF8070044F259
:100230002840C5F60200006800F00300032804D13E
:10024000FFE701208DF81700CBE044F20041C5F62E
:100250000201086820F080600860F6F791F90290CA
:10026000FFE744F20040C5F60200006800F00061BC
:100270000020B0EBD16F0CD0FFE7F6F781F90299BF
:10028000401A032804D3FFE703208DF81700A8E0E5
:10029000E7E7FFE744F22841C5F60201086820F4C9
:1002A0007C30049A126840EA023008600499486879
:1002B000D1F808C0CB680A6901386FF35F204FF6A8
:1002C0000061CFF6FF7101EB4C2189B20844002197
:1002D000CFF6FF7101EB034101F4FE0108444FF03A
:1002E0007F4101EB026101F0FE41084444F23841D4
:1002F000C5F602010860FFE744F22C41C5F6020191
:100300000091086820F0C000049A52691043086008
:10031000086820F02000049A926910430860086879
:1003200020F01000086044F23C42C5F6020210685A
:100330004FF6F8739843049BDB6940EAC3001060F2
:10034000086840F010000860039848B9FFE744F2DD
:100350002C41C5F60201086840F40020086016E050
:100360000398012809D1FFE744F22C41C5F60201A8
:10037000086840F48010086008E044F22C41C5F69B
:100380000201086840F400100860FFE7FFE744F24C
:100390000041C5F60201086840F080600860F6F789
:1003A000EFF80290FFE744F20040C5F60200006853
:1003B00000F000610020B0EBD16F0CD1FFE7F6F741
:1003C000DFF80299401A032804D3FFE703208DF8D1
:1003D000170006E0E7E7FFE79DF807008DF8170034
:1003E000FFE79DF8170006B080BD00000000000088
:1003F00080B586B00490039100208DF8070044F288
:100400002840C5F60200006800F00300032804D16C
:10041000FFE701208DF81700CBE044F20041C5F65C
:100420000201086820F080500860F6F7A9F80290F1
:10043000FFE744F20040C5F60200006800F00051FA
:100440000020B0EB517F0CD0FFE7F6F799F8029946
:10045000401A032804D3FFE703208DF81700A8E013
:10046000E7E7FFE744F22841C5F60201086820F0FB
:100470007C70049A126840EA025008600499486847
:10048000D1F808C0CB680A6901386FF35F204FF6D6
:100490000061CFF6FF7101EB4C2189B208440021C5
:1004A000CFF6FF7101EB034101F4FE0108444FF068
:1004B0007F4101EB026101F0FE41084444F24041FA
:1004C000C5F602010860FFE744F22C41C5F60201BF
:1004D0000091086820F44060049A52691043086053
:1004E000086820F40070049A926910430860086854
:1004F00020F48070086044F24442C5F6020210689D
:100500004FF6F8739843049BDB6940EAC300106020
:10051000086840F480700860039848B9FFE744F227
:100520002C41C5F60201086840F48000086016E01E
:100530000398012809D1FFE744F22C41C5F60201D6
:10054000086840F40000086008E044F22C41C5F659
:100550000201086840F080700860FFE7FFE744F29E
:100560000041C5F60201086840F080500860F6F7C7
:1005700007F80290FFE744F20040C5F60200006869
:1005800000F000510020B0EB517F0CD1FFE7F5F7F0
:10059000F7FF0299401A032804D3FFE703208DF8E0
:1005A000170006E0E7E7FFE79DF807008DF8170062
:1005B000FFE79DF8170006B080BD000000000000B6
:1005C00080B545F6D010C2F20040F9F7A5FE80BD17
:1005D00082B001900198006840690090019801681C
:1005E000886940F00800886101980168886940F0D6
:1005F0001000886101980168086820F00100086017
:1006000001980168086940F26F32904308610198CF
:100610000168886820F440408860019890F8810063
:10062000042815D0FFE79DF80000800600280ED5AD
:10063000FFE70199D1F8840040F08000C1F8840000
:1006400001980168886940F020008861FFE7FFE7B2
:10065000019890F88100032815D0FFE79DF800006D
:10066000400600280ED5FFE70199D1F8840040F03C
:100670000400C1F8840001980168886940F04000D6
:100680008861FFE7FFE79DF80100800700280ED58D
:10069000FFE70199D1F8840040F00100C1F884001F
:1006A00001980168886940F400708861FFE79DF84F
:1006B0000100C00770B1FFE70199D1F8840040F054
:1006C0000800C1F8840001980168886940F48070CE
:1006D0008861FFE701990020A1F862000199A1F863
:1006E0006A0002B07047000080B582B001900198A6
:1006F000806B009000990020A1F86A000099A1F891
:1007000062000099012081F881000098F9F700FE4D
:1007100002B080BD0000000080B582B00190019859
:10072000806B00900198F2F7FFF8022812D0FFE7E3
:100730000098FFF74DFF0099D1F8840040F01000B9
:10074000C1F884000099012081F881000098F9F730
:10075000DFFDFFE702B080BD80B582B00190019857
:10076000806B00900098FAF76FFF02B080BD000028
:1007700080B582B001900198806B0090009890F84D
:100780008100072813D0FFE70098806FC069B0F59B
:10079000807F04D1FFE70098FAF7FAFE06E00098A0
:1007A0000168086940F008000861FFE7FFE702B050
:1007B00080BD00000000000083B002900298C16B71
:1007C000012000EB511001900298C06801300090A8
:1007D00000980730C008009000980199484303B082
:1007E000704700000000000082B001900091019865
:1007F000006843F20001C4F2010188420AD1FFE718
:10080000019840F23C51C2F2004108600098C1F8E2
:10081000100127E00198006843F60001C4F20001CE
:1008200088420AD1FFE7019840F25061C2F20041CC
:1008300008600098C1F8100113E00198006843F6C1
:100840000041C4F2000188420AD1FFE7019840F25A
:100850006471C2F2004108600098C1F81001FFE71E
:10086000FFE7FFE702B0704780B586B0844608987E
:10087000CDF810C00391ADF80A20ADF80830ADF8FE
:1008800006000498006843F20001C4F201018842A6
:100890001FD1FFE7039840F23C52C2F20042506081
:1008A000BDF80A001081BDF80800A2F80A01BDF8E1
:1008B0000600A2F80C0104986B464FF47A71196097
:1008C00002F10A018A320123FAF71EF98DF81700A6
:1008D00054E00498006843F60001C4F20001884225
:1008E0001FD1FFE7039840F25062C2F2004250600D
:1008F000BDF80A001081BDF80800A2F80A01BDF891
:100900000600A2F80C0104986B464FF47A71196046
:1009100002F10A018A320123FAF7F6F88DF817007E
:100920002CE00498006843F60041C4F200018842BC
:1009300020D1FFE7039840F26472C2F20042506097
:10094000BDF80A001081BDF80800A2F80A01BDF840
:100950000600A2F80C010498BDF80810BDF8063096
:1009600019448BB202F10A018A32FAF751FC8DF870
:10097000170003E000208DF81700FFE79DF817002F
:1009800006B080BD0000000080B586B0DDF820C054
:10099000049003918DF80B200193FFE70498006801
:1009A000406903990840401AB0FA80F040099DF868
:1009B0000B10884214D1FFE7F5F7E2FD0899401AC1
:1009C0000199884204D3FFE70198013018B9FFE785
:1009D000019820B9FFE703208DF8170004E0DDE758
:1009E00000208DF81700FFE79DF8170006B080BDC6
:1009F000704700000000000084B00390039800904E
:100A000000980078ADF80800009801300090009838
:100A10000078ADF80600BDF80610BDF8080040EA01
:100A20000120ADF80A00BDF80A0004B070470000CC
:100A300080B582B0009000980138B0F1807F03D378
:100A4000FFE70120019019E0009801384EF21401EF
:100A5000CEF2000108604FF0FF300F2111F094FB3F
:100A60004EF21801CEF20001002008604EF2100292
:100A7000CEF20002072111600190FFE7019802B059
:100A800080BD00000000000080B5F5F781FD80BD4D
:100A900080B59EB00BA84C21EFF782FC002001909E
:100AA0000A90099008900790069005900490039092
:100AB0000220F6F7F9FFFFE70020029044F6180045
:100AC000C5F60200016821F440410160006800F4AD
:100AD000404002900298FFE7FFE744F61800C5F691
:100AE0000200006800F40050B0F5005F01D0FFE79D
:100AF000F3E729200B904FF480300C9001211091E6
:100B00001191022014901590169028221792189196
:100B1000042119911A900C201B9000201C901D900C
:100B20000BA8F8F7E5FE18B1FFE7F0F7D9FCFFE7EF
:100B30003F20039003210491002005900820069097
:100B40004020079008904FF4806209920A9003A811
:100B5000F8F7AEFA18B1FFE7F0F7C2FCFFE71EB0F6
:100B600080BD0000000000004EF68851CEF200016A
:100B7000086840F47000086042F20000C5F20020EE
:100B8000006800F00F0006280AD8FFE742F20001D3
:100B9000C5F200210868072262F303000860FFE73E
:100BA00044F20041C5F60201086840F00100086007
:100BB00044F21042C5F602020020106008684EF6AA
:100BC0007F52CEF6F6221040086042F20000C5F2D5
:100BD0000020006800F00F0008280AD3FFE742F267
:100BE0000001C5F200210868072262F303000860D3
:100BF000FFE744F21841C5F602010020086044F204
:100C00001C41C5F60201086044F22041C5F602010C
:100C1000086044F22842C5F6020240F20021C0F208
:100C20000221116044F22C42C5F602020021C0F2FA
:100C3000FF11116044F23042C5F6020240F28021F9
:100C4000C0F20111116044F23442C5F60202106094
:100C500044F23842C5F60202116044F23C42C5F645
:100C60000202106044F24042C5F60202116044F2F2
:100C70004441C5F60201086044F20042C5F6020292
:100C8000116821F48021116044F26041C5F602012F
:100C9000086044F20001C5F2002143F2D20008606E
:100CA000704700000000000080B545F6F020C2F259
:100CB0000040FAF7F5FF80BD80B545F63C30C2F242
:100CC0000040FAF7EDFF80BD83B0029001910298D9
:100CD0000068009002980021C4F20101884225D0EA
:100CE000FFE70298B0F1804F20D0FFE7029840F272
:100CF0000041C4F20001884218D0FFE7029840F694
:100D00000001C4F20001884210D0FFE7029840F6CB
:100D10000041C4F20001884208D0FFE7029840F287
:100D20000041C4F2010188420AD1FFE7009820F097
:100D30007000009001984168009808430090FFE718
:100D400002980021C4F2010188424DD0FFE70298C9
:100D5000B0F1804F48D0FFE7029840F20041C4F262
:100D60000001884240D0FFE7029840F60001C4F23B
:100D70000001884238D0FFE7029840F60041C4F2F3
:100D80000001884230D0FFE7029840F20041C4F2EF
:100D90000101884228D0FFE7029844F20001C4F222
:100DA0000101884220D0FFE7029844F20041C4F2DA
:100DB0000101884218D0FFE7029844F60001C4F20E
:100DC0000101884210D0FFE702984EF20001C4F200
:100DD0000001884208D0FFE702984EF20041C4F2B9
:100DE000000188420AD1FFE7009820F4407000908B
:100DF0000198C168009808430090FFE7009820F030
:100E000080000199496908430090009802990860A0
:100E1000019880680299C862019800680299886206
:100E200002980021C4F20101884220D0FFE7029815
:100E300040F20041C4F20101884218D0FFE7029855
:100E400044F20001C4F20101884210D0FFE7029889
:100E500044F20041C4F20101884208D0FFE7029841
:100E600044F60001C4F20101884205D1FFE7019870
:100E7000006902990863FFE702990120486102981E
:100E80000069C00730B1FFE70299086920F001004E
:100E90000861FFE703B0704780B584B042F2D170BB
:100EA000C2F2004001780131017042F2D072C2F208
:100EB000004211780131117042F2D272C2F2004246
:100EC000117801311170007805283ED1FFE742F218
:100ED000D171C2F200410020087045F2AC30C2F27C
:100EE0000040039040F26832C2F2004277210823AA
:100EF0000293EFF7EDFB029B039840F27032C2F2CF
:100F000000427821EFF7E4FB029B039840F278322D
:100F1000C2F200427921EFF7DBFB029B45F20C3075
:100F2000C2F2004040F24022C2F200424FF400718F
:100F30000191EFF7CDFB0199029B039840F2183223
:100F4000C2F20042EFF7C4FBFFE742F2D070C2F2F8
:100F500000400078022820D1FFE745F2AC30C2F211
:100F6000004040F22832C2F20042F12108230093EF
:100F7000EFF7AEFB009B45F20C30C2F2004040F2AE
:100F8000C822C2F20042A021EFF7A2FB42F2D071C8
:100F9000C2F20041002008700DE045F2AC30C2F210
:100FA000004040F2D022C2F2004240F24111082338
:100FB000EFF78EFBFFE742F2D270C2F200400078FA
:100FC0000A2807D1FFE742F2D271C2F200410020A5
:100FD0000870FFE704B080BD84B0039002910192D5
:100FE000029800F01F01012088400090009A0399A8
:100FF000086A904308620198029901F01F0100FA03
:1010000001F20399086A1043086204B070470000B7
:1010100085B0049003910292019304988068009037
:10102000009820F47F40009003980299019A41EAC9
:1010300002210143009808430090009804998860B9
:1010400005B070470000000083B002900191029843
:101050008068009000984FF68F71CFF6CF710840EE
:10106000009001980099084340F007000090009814
:101070000299886003B0704782B001900091019896
:1010800000680021C4F20101884209D1FFE70198FC
:1010900040F68801C2F2004108600098486081E093
:1010A00001980068B0F1804F09D1FFE7019840F640
:1010B0009001C2F2004108600098486071E0019818
:1010C000006840F20041C4F20001884209D1FFE704
:1010D000019840F69801C2F200410860009848600B
:1010E0005EE00198006840F60001C4F20001884209
:1010F00009D1FFE7019840F6A001C2F20041086063
:10110000009848604BE00198006840F60041C4F246
:101110000001884209D1FFE7019840F6A801C2F218
:10112000004108600098486038E00198006841F28A
:101130000001C4F20001884209D1FFE7019840F69E
:10114000B001C2F2004108600098486025E00198B3
:10115000006841F20041C4F20001884209D1FFE772
:10116000019840F6B801C2F200410860009848605A
:1011700012E00198006840F20041C4F20101884287
:1011800009D1FFE7019840F6C001C2F200410860B2
:1011900000984860FFE7FFE7FFE7FFE7FFE7FFE7AB
:1011A000FFE7FFE702B0704785B004900391049811
:1011B000006A01900499086A20F00100086204980E
:1011C0004068009004988069029002984FF68F71F1
:1011D000CFF6FE7108400290029820F003000290C2
:1011E00003980168029808430290019820F00200D9
:1011F00001900398816801980843019004980021A8
:10120000C4F20101884220D0FFE7049840F2004177
:10121000C4F20101884218D0FFE7049844F20001AB
:10122000C4F20101884210D0FFE7049844F2004163
:10123000C4F20101884208D0FFE7049844F6000197
:10124000C4F2010188420ED1FFE7019820F00800A6
:1012500001900398C168019808430190019820F01B
:1012600004000190FFE704980021C4F201018842C4
:1012700020D0FFE7049840F20041C4F20101884207
:1012800018D0FFE7049844F20001C4F2010188423B
:1012900010D0FFE7049844F20041C4F201018842F3
:1012A00008D0FFE7049844F60001C4F20101884227
:1012B00013D1FFE7009820F480700090009820F48C
:1012C00000700090039841690098084300900398CB
:1012D0008169009808430090FFE7009804994860EE
:1012E00002980499886103984068049948630198BA
:1012F0000499086205B0704785B004900391049882
:10130000006A01900499086A20F0100008620498AD
:1013100040680090049880690290029848F6FF7136
:10132000CFF6FF6108400290029820F440700290CE
:1013300003980168029840EA01200290019820F089
:101340002000019003988168019840EA0110019003
:1013500004980021C4F20101884229D0FFE70498D3
:1013600040F20041C4F20101884221D0FFE7049815
:1013700044F20001C4F20101884203D1FFE70020DA
:10138000B0B9FFE7049844F20041C4F20101884279
:1013900003D1FFE7002058B9FFE7049844F60001A5
:1013A000C4F20101884212D1FFE7012078B9FFE7BA
:1013B000019820F0800001900398C168019840EAEC
:1013C00001100190019820F040000190FFE704987F
:1013D0000021C4F20101884220D0FFE7049840F2C6
:1013E0000041C4F20101884218D0FFE7049844F29A
:1013F0000001C4F20101884210D0FFE7049844F2D2
:101400000041C4F20101884208D0FFE7049844F685
:101410000001C4F20101884215D1FFE7009820F4D1
:1014200080600090009820F400600090039841696B
:10143000009840EA8100009003988169009840EA92
:1014400081000090FFE70098049948600298049991
:101450008861039840680499886301980499086238
:1014600005B070470000000085B004900391049817
:10147000006A01900499086A20F480700862049858
:10148000406800900498C069029002984FF68F71EE
:10149000CFF6FE7108400290029820F003000290FF
:1014A00003980168029808430290019820F40070A4
:1014B000019003988168019840EA01200190049806
:1014C0000021C4F20101884229D0FFE7049840F2CC
:1014D0000041C4F20101884221D0FFE7049844F2A0
:1014E0000001C4F20101884203D1FFE70020B0B936
:1014F000FFE7049844F20041C4F20101884203D19D
:10150000FFE7002058B9FFE7049844F60001C4F251
:101510000101884212D1FFE7012078B9FFE7019865
:1015200020F4006001900398C168019840EA01200E
:101530000190019820F480600190FFE70498002159
:10154000C4F20101884220D0FFE7049840F2004134
:10155000C4F20101884218D0FFE7049844F2000168
:10156000C4F20101884210D0FFE7049844F2004120
:10157000C4F20101884208D0FFE7049844F6000154
:10158000C4F20101884215D1FFE7009820F4805091
:101590000090009820F40050009003984169009852
:1015A00040EA0110009003988169009840EA011018
:1015B0000090FFE700980499486002980499C86178
:1015C000039840680499C86301980499086205B0BB
:1015D000704700000000000085B00490039104985B
:1015E000006A01900499086A20F480500862049807
:1015F000406800900498C0690290029848F6FF7114
:10160000CFF6FF6108400290029820F440700290EB
:1016100003980168029840EA01200290019820F4A2
:101620000050019003988168019840EA01300190D0
:1016300004980021C4F20101884220D0FFE70498F9
:1016400040F20041C4F20101884218D0FFE704983B
:1016500044F20001C4F20101884210D0FFE704986F
:1016600044F20041C4F20101884208D0FFE7049827
:1016700044F60001C4F2010188420BD1FFE7009853
:1016800020F48040009003984169009840EA81105E
:101690000090FFE700980499486002980499C86197
:1016A000039840680499086401980499086205B099
:1016B000704700000000000085B00490039104987A
:1016C000006A01900499086A20F480300862049846
:1016D000406800900498406D029002984FF68F7118
:1016E000CFF6FE7108400290039801680298084303
:1016F0000290019820F400300190039881680198CD
:1017000040EA0140019004980021C4F2010188429E
:1017100020D0FFE7049840F20041C4F20101884262
:1017200018D0FFE7049844F20001C4F20101884296
:1017300010D0FFE7049844F20041C4F2010188424E
:1017400008D0FFE7049844F60001C4F20101884282
:101750000BD1FFE7009820F4803000900398416996
:10176000009840EA01200090FFE700980499486043
:10177000029804994865039840680499886501981F
:101780000499086205B0704785B0049003910498ED
:10179000006A01900499086A20F480100862049895
:1017A000406800900498406D0290029848F6FF71DE
:1017B000CFF6FF610840029003980168029840EA62
:1017C00001200290019820F4001001900398816894
:1017D000019840EA0150019004980021C4F20101EF
:1017E000884220D0FFE7049840F20041C4F2010192
:1017F000884218D0FFE7049844F20001C4F20101C6
:10180000884210D0FFE7049844F20041C4F201017D
:10181000884208D0FFE7049844F60001C4F20101B1
:1018200088420BD1FFE7009820F4802000900398B5
:101830004169009840EA81200090FFE700980499F0
:101840004860029804994865039840680499C865FF
:1018500001980499086205B070470000000000007C
:1018600085B00490039102920498006A0090049954
:10187000086A20F0010008620498806901900198CC
:1018800020F0F00001900299019840EA01100190C7
:10189000009820F00A0000900399009808430090F7
:1018A00001980499886100980499086205B070470E
:1018B00085B00490039102920498006A0090049904
:1018C000086A20F01000086204988069019001986D
:1018D00020F4704001900299019840EA0130019093
:1018E000009820F0A00000900399009840EA0110B1
:1018F000009001980499886100980499086205B0E5
:10190000704700000000000080B582B0019001988F
:10191000B0F86210023189B2EEF7BAFF02B080BDB2
:1019200080B582B04FF4F070EFF77AFD45F20C30DD
:10193000C2F2004047F2B161C0F60101EEF730FE9D
:1019400045F2AC30C2F2004047F25171C0F60101DD
:10195000EEF726FE45F24C40C2F2004047F6590130
:10196000C0F60101EEF71CFE45F6D010C2F20040B1
:1019700047F27141C0F60101FEF736FF45F6B0406F
:10198000C2F2004047F24141C0F60101122200F0CC
:1019900073FB45F68830C2F2004047F2F931C0F6D9
:1019A00001013C2200F068FB45F6F020C2F2004045
:1019B000009047F27161C0F60101FFF75DFB45F64B
:1019C0003C30C2F20040019047F28141C0F6010173
:1019D000FFF752FB42F65800C2F200409FED050AA5
:1019E0000AF07EFF0098F9F7DBFF0198F9F7D8FFBE
:1019F00002B080BD00000000704700000000000041
:101A000080B545F6B040C2F20040FBF721FB80BD37
:101A100080B545F64450C2F20040FBF719FB80BD8B
:101A200080B545F6D850C2F20040FBF711FB80BDEF
:101A300080B545F66C60C2F20040FBF709FB80BD43
:101A400082B001900198406E40B9FFE701990120F2
:101A5000A1F86A000199A1F8680032E010208DF821
:101A600003008DF80200019800688068C0F34260AE
:101A70008DF80100019800688068400F8DF8000023
:101A80009DF802009DF8002044F6E413C0F602031E
:101A9000995C484344F6DC11C0F602018A5CB0FB55
:101AA000F2F0019AA2F86A009DF803009DF8012067
:101AB0009B5C5843895CB0FBF1F00199A1F8680088
:101AC000FFE702B07047000081B00090009890F8E6
:101AD0002800000700280BD5FFE700980068406841
:101AE00020F40040009A1168926B10434860FFE7B1
:101AF000009890F82800C00758B1FFE700980068E8
:101B0000406820F40030009A1168D26A104348609F
:101B1000FFE7009890F82800800700280BD5FFE722
:101B200000980068406820F48030009A1168126BB9
:101B300010434860FFE7009890F82800400700280D
:101B40000BD5FFE700980068406820F48020009AD9
:101B50001168526B10434860FFE7009890F8280026
:101B6000C00600280BD5FFE700980068806820F4C5
:101B70008050009A1168D26B10438860FFE700988C
:101B800090F82800800600280BD5FFE70098006831
:101B9000806820F40050009A1168126C104388602D
:101BA000FFE7009890F82800400600281CD5FFE7C2
:101BB00000980068406820F48010009A1168526C08
:101BC000104348600098406CB0F5801F0BD1FFE7D0
:101BD00000980068406820F4C000009A1168926C78
:101BE00010434860FFE7FFE7009890F828000006E0
:101BF00000280BD5FFE700980068406820F400201B
:101C0000009A1168D26C10434860FFE701B070473A
:101C100080B588B0069006990020C1F89000F4F7CE
:101C2000AFFC0590069800680068000700282FD5D3
:101C3000FFE70698059B6A466FF07E4111604FF4FE
:101C40000011002201F04CFA08B3FFE7FFE7FFE7BD
:101C50000698006850E8000F20F080000490FFE72D
:101C600004990698026842E800100028F0D1FFE7C6
:101C7000FFE706992020C1F88800FFE706990020B9
:101C800081F88400FFE703208DF81F005FE0FFE785
:101C90000698006800684007002842D5FFE70698CC
:101CA000059B6A466FF07E4111604FF4800100226F
:101CB00001F016FAA0B3FFE7FFE7FFE70698006818
:101CC00050E8000F20F490700390FFE70399069806
:101CD000026842E800100028F0D1FFE7FFE7FFE7C5
:101CE000FFE70698006850E8020F20F0010002901C
:101CF000FFE702990698026842E802100028F0D136
:101D0000FFE7FFE706992020C1F88C00FFE706995E
:101D1000002081F88400FFE703208DF81F0016E003
:101D2000FFE706992020C1F888000699C1F88C00C9
:101D300006990020C86606990867FFE70699002003
:101D400081F88400FFE700208DF81F00FFE79DF871
:101D50001F0008B080BD000080B582B001900198DE
:101D6000806B009000990020A1F85E000099A1F816
:101D700056000098FBF768F902B080BD0000000033
:101D800080B584B003900398806B02900298D0F8DD
:101D9000880001900298D0F88C00009002980068AA
:101DA0008068000600280CD5FFE70198212808D19B
:101DB000FFE702990020A1F85600029800F02CF9E4
:101DC000FFE7029800688068400600280CD5FFE70E
:101DD0000098222808D1FFE702990020A1F85E00B0
:101DE000029800F0A5F8FFE70299D1F8900040F0C2
:101DF0001000C1F890000298FBF726F904B080BDEE
:101E000080B586B005900598806B04900598C069F0
:101E1000B0F5807F5BD0FFE704990020A1F85E0059
:101E2000FFE7FFE70498006850E8000F20F4807097
:101E30000390FFE703990498026842E80010002825
:101E4000F0D1FFE7FFE7FFE7FFE70498006850E8FD
:101E5000020F20F001000290FFE702990498026847
:101E600042E802100028F0D1FFE7FFE7FFE7FFE7B5
:101E70000498006850E8020F20F040000190FFE74E
:101E800001990498026842E802100028F0D1FFE7A7
:101E9000FFE704992020C1F88C000498C06E012847
:101EA00014D1FFE7FFE7FFE70498006850E8000F50
:101EB00020F010000090FFE700990498026842E8C3
:101EC00000100028F0D1FFE7FFE7FFE7FFE70499E4
:101ED000002008670498C06E012806D1FFE7049827
:101EE000B0F85C10FAF7D0FC03E00498FCF730F887
:101EF000FFE706B080BD000080B582B00190019878
:101F0000806B00900099012008670098C06E01283E
:101F100007D1FFE70098B0F85C104908FAF7B4FC65
:101F200003E00098FCF718F8FFE702B080BD00005E
:101F300084B00390FFE7FFE70398006850E8000FC4
:101F400020F490700290FFE702990398026842E83B
:101F500000100028F0D1FFE7FFE7FFE7FFE7039855
:101F6000006850E8020F4FF6FE71CEF6FF71084090
:101F70000190FFE701990398026842E802100028E7
:101F8000EDD1FFE7FFE70398C06E012814D1FFE70A
:101F9000FFE7FFE70398006850E8000F20F010000B
:101FA0000090FFE700990398026842E800100028BB
:101FB000F0D1FFE7FFE7FFE703992020C1F88C008D
:101FC00003990020C8660399486704B07047000071
:101FD00080B582B00190FFE7FFE70198006850E804
:101FE000000F20F040000090FFE700990198026880
:101FF00042E800100028F0D1FFE7FFE70199202018
:10200000C1F888000199002088670198FBF7A8FFB4
:1020100002B080BD0000000083B00290FFE7FFE740
:102020000298006850E8000F20F0C0000190FFE720
:1020300001990298026842E800100028F0D1FFE7F9
:10204000FFE7FFE7FFE70298006850E8020F20F47F
:1020500000000090FFE700990298026842E8021031
:102060000028F0D1FFE7FFE702992020C1F888009F
:1020700003B070470000000080B584B00390029167
:10208000ADF806200398006841F20001C4F2010196
:10209000884240F0EF80FFE7039840F6D811C2F283
:1020A000004108600298C1F80C01BDF80600A1F8D3
:1020B00004010398B1F804218431FAF78DFB45F24D
:1020C0001C20C2F2004000681021C4F202018842C4
:1020D00000F0B280FFE745F21C20C2F20040006829
:1020E0002821C4F20201884200F0A680FFE745F2F1
:1020F0001C20C2F2004000684021C4F20201884264
:1021000000F09A80FFE745F21C20C2F20040006810
:102110005821C4F20201884200F08E80FFE745F2A8
:102120001C20C2F2004000687021C4F20201884203
:1021300000F08280FFE745F21C20C2F200400068F8
:102140008821C4F20201884276D0FFE745F21C20C4
:10215000C2F200400068A021C4F2020188426BD0A4
:10216000FFE745F21C20C2F200400068B821C4F22B
:102170000201884260D0FFE745F21C20C2F2004015
:10218000006840F21041C4F20201884254D0FFE7D7
:1021900045F21C20C2F20040006840F22841C4F21F
:1021A0000201884248D0FFE745F21C20C2F20040FD
:1021B000006840F24041C4F2020188423CD0FFE78F
:1021C00045F21C20C2F20040006840F25841C4F2BF
:1021D0000201884230D0FFE745F21C20C2F20040E5
:1021E000006840F27041C4F20201884224D0FFE747
:1021F00045F21C20C2F20040006840F28841C4F25F
:102200000201884218D0FFE745F21C20C2F20040CC
:10221000006840F2A041C4F2020188420CD0FFE7FE
:1022200045F21C20C2F20040006840F2B841C4F2FE
:10223000020188420AD1FFE745F21C20C2F20040A9
:102240000168086820F00800086009E045F21C20D9
:10225000C2F200400168086820F004000860FFE74F
:1022600040F6D810C2F20040B0F804118430EEF706
:1022700097F872E10398006845F20001C4F200018A
:10228000884216D1FFE7039840F61861C2F2004178
:1022900008600298C1F80C01BDF80600A1F804011D
:1022A0000398B1F804215200843192B2FAF794FAFB
:1022B00052E10398006847F60001C4F20001884229
:1022C00014D1FFE7039841F23801C2F200410860DF
:1022D0000298C1F80C01BDF80600A1F804010398AA
:1022E000B1F804218431FAF777FA34E103980068F1
:1022F00047F60041C4F20001884214D1FFE7039879
:1023000041F24811C2F2004108600298C1F80C0184
:10231000BDF80600A1F804010398B1F80421843146
:10232000FAF75AFA16E10398006841F60001C4F280
:102330000101884214D1FFE7039841F25821C2F20B
:10234000004108600298C1F80C01BDF80600A1F830
:1023500004010398B1F804218431FAF73DFAF8E05A
:102360000398006841F60041C4F20101884240F040
:10237000EF80FFE7039840F6C801C2F20041086011
:102380000298C1F80C01BDF80600A1F804010398F9
:10239000B1F804218431FAF71FFA45F2A410C2F211
:1023A000004000681021C4F20201884200F0B280AF
:1023B000FFE745F2A410C2F2004000682821C4F2F1
:1023C0000201884200F0A680FFE745F2A410C2F2A5
:1023D000004000684021C4F20201884200F09A8067
:1023E000FFE745F2A410C2F2004000685821C4F291
:1023F0000201884200F08E80FFE745F2A410C2F28D
:10240000004000687021C4F20201884200F082801E
:10241000FFE745F2A410C2F2004000688821C4F230
:102420000201884276D0FFE745F2A410C2F20040D4
:102430000068A021C4F2020188426BD0FFE745F298
:10244000A410C2F200400068B821C4F20201884220
:1024500060D0FFE745F2A410C2F20040006840F2ED
:102460001041C4F20201884254D0FFE745F2A410A3
:10247000C2F20040006840F22841C4F202018842E2
:1024800048D0FFE745F2A410C2F20040006840F2D5
:102490004041C4F2020188423CD0FFE745F2A4105B
:1024A000C2F20040006840F25841C4F20201884282
:1024B00030D0FFE745F2A410C2F20040006840F2BD
:1024C0007041C4F20201884224D0FFE745F2A41013
:1024D000C2F20040006840F28841C4F20201884222
:1024E00018D0FFE745F2A410C2F20040006840F2A5
:1024F000A041C4F2020188420CD0FFE745F2A410CB
:10250000C2F20040006840F2B841C4F202018842C1
:102510000AD1FFE745F2A410C2F200400168086842
:1025200020F00800086009E045F2A410C2F2004063
:102530000168086820F004000860FFE740F6C80062
:10254000C2F20040B0F804118430EDF729FFFFE734
:10255000FFE7FFE7FFE7FFE7FFE704B080BD00000C
:1025600080B59EB01D9000208DF867001D98006812
:1025700040F60041C5F60001884201D1FFE700E0C6
:10258000FFE71D9988680B694A69C96918431043B8
:1025900008431C901D980068006846F6F311CCF6BD
:1025A000FF7108401C9908431D99096808601D982F
:1025B0000068406820F440501D9A1168D2681043AA
:1025C00048601D9880691C901D98006840F6004185
:1025D000C5F60001884206D0FFE71D98016A1C98E5
:1025E00008431C90FFE71D98006880684FF2FF4188
:1025F000C1F2FF1108401C9908431D9909688860C1
:102600001D980068C06A20F00F001D9A1168526A78
:102610001043C862FFE71D98006841F20001C4F250
:102620000101884240F04180FFE744F25440C5F682
:102630000200006800F038000146109128282FD8C9
:102640001099DFE801F0152D2D2D2D2D2D2D192D93
:102650002D2D2D2D2D2D1D2D2D2D2D2D2D2D212DC6
:102660002D2D2D2D2D2D252D2D2D2D2D2D2D2900D3
:1026700001208DF86D0017E004208DF86D0013E047
:1026800008208DF86D000FE010208DF86D000BE034
:1026900020208DF86D0007E040208DF86D0003E0EC
:1026A00080208DF86D00FFE76CE21D98006844F211
:1026B0000041C4F2000188422ED1FFE744F25440A9
:1026C000C5F60200006800F0070001460F910528DA
:1026D0001DD80F99DFE801F003070B0F1317002037
:1026E0008DF86D0017E004208DF86D0013E00820D0
:1026F0008DF86D000FE010208DF86D000BE02020AC
:102700008DF86D0007E040208DF86D0003E080201B
:102710008DF86D00FFE734E21D98006844F6000173
:10272000C4F2000188422ED1FFE744F25440C5F6BE
:102730000200006800F0070001460E9105281DD830
:102740000E99DFE801F003070B0F131700208DF837
:102750006D0017E004208DF86D0013E008208DF85F
:102760006D000FE010208DF86D000BE020208DF83B
:102770006D0007E040208DF86D0003E080208DF8AB
:102780006D00FFE7FCE11D98006844F60041C4F2CB
:10279000000188422ED1FFE744F25440C5F6020002
:1027A000006800F0070001460D9105281DD80D991D
:1027B000DFE801F003070B0F131700208DF86D0001
:1027C00017E004208DF86D0013E008208DF86D00EF
:1027D0000FE010208DF86D000BE020208DF86D00CB
:1027E00007E040208DF86D0003E080208DF86D003B
:1027F000FFE7C4E11D98006845F20001C4F2000142
:1028000088422ED1FFE744F25440C5F6020000682A
:1028100000F0070001460C9105281DD80C99DFE84F
:1028200001F003070B0F131700208DF86D0017E060
:1028300004208DF86D0013E008208DF86D000FE086
:1028400010208DF86D000BE020208DF86D0007E062
:1028500040208DF86D0003E080208DF86D00FFE7CB
:102860008CE11D98006841F20041C4F201018842E8
:1028700040F04180FFE744F25440C5F60200006892
:1028800000F0380001460B9128282FD80B99DFE87B
:1028900001F0152D2D2D2D2D2D2D192D2D2D2D2DFD
:1028A0002D2D1D2D2D2D2D2D2D2D212D2D2D2D2D74
:1028B0002D2D252D2D2D2D2D2D2D290001208DF88F
:1028C0006D0017E004208DF86D0013E008208DF8EE
:1028D0006D000FE010208DF86D000BE020208DF8CA
:1028E0006D0007E040208DF86D0003E080208DF83A
:1028F0006D00FFE741E11D98006847F60001C4F252
:10290000000188422ED1FFE744F25440C5F6020090
:10291000006800F0070001460A9105281DD80A99B1
:10292000DFE801F003070B0F131700208DF86D008F
:1029300017E004208DF86D0013E008208DF86D007D
:102940000FE010208DF86D000BE020208DF86D0059
:1029500007E040208DF86D0003E080208DF86D00C9
:10296000FFE709E11D98006847F60041C4F2000145
:1029700088422ED1FFE744F25440C5F602000068B9
:1029800000F007000146099105281DD80999DFE8E4
:1029900001F003070B0F131700208DF86D0017E0EF
:1029A00004208DF86D0013E008208DF86D000FE015
:1029B00010208DF86D000BE020208DF86D0007E0F1
:1029C00040208DF86D0003E080208DF86D00FFE75A
:1029D000D1E01D98006841F60001C4F2010188426F
:1029E00040F04180FFE744F25440C5F60200006821
:1029F00000F038000146089128282FD80899DFE810
:102A000001F0152D2D2D2D2D2D2D192D2D2D2D2D8B
:102A10002D2D1D2D2D2D2D2D2D2D212D2D2D2D2D02
:102A20002D2D252D2D2D2D2D2D2D290001208DF81D
:102A30006D0017E004208DF86D0013E008208DF87C
:102A40006D000FE010208DF86D000BE020208DF858
:102A50006D0007E040208DF86D0003E080208DF8C8
:102A60006D00FFE786E01D98006841F60041C4F262
:102A70000101884240F04180FFE744F25440C5F62E
:102A80000200006800F038000146079128282FD87E
:102A90000799DFE801F0152D2D2D2D2D2D2D192D48
:102AA0002D2D2D2D2D2D1D2D2D2D2D2D2D2D212D72
:102AB0002D2D2D2D2D2D252D2D2D2D2D2D2D29007F
:102AC00001208DF86D0017E004208DF86D0013E0F3
:102AD00008208DF86D000FE010208DF86D000BE0E0
:102AE00020208DF86D0007E040208DF86D0003E098
:102AF00080208DF86D00FFE73BE01D98006840F6F0
:102B00000041C5F6000188422ED1FFE744F258404B
:102B1000C5F60200006800F007000146069105288E
:102B20001DD80699DFE801F003070B0F13170220E9
:102B30008DF86D0017E004208DF86D0013E008207B
:102B40008DF86D000FE010208DF86D000BE0202057
:102B50008DF86D0007E040208DF86D0003E08020C7
:102B60008DF86D00FFE703E080208DF86D00FFE732
:102B7000FFE7FFE7FFE7FFE7FFE7FFE7FFE7FFE725
:102B8000FFE7FFE7FFE71D98006840F60041C5F644
:102B90000001884240F0B480FFE79DF86D000146D7
:102BA0000591022814D0FFE70598042814D0FFE708
:102BB0000598082816D0FFE70598102818D0FFE7D9
:102BC0000598202835D0FFE70598402837D03AE00F
:102BD000F4F7CAFF11903CE015A8F4F7D9FF169856
:102BE000119036E012A8F5F71FF91398119030E014
:102BF00044F20040C5F60200006800F02001002009
:102C0000B0EB511F0ED0FFE744F20040C5F60200C2
:102C10000068C0F3C10149F20000C0F2D030C840E2
:102C2000119005E049F20000C0F2D0301190FFE7AA
:102C30000FE040F60010C0F23D00119009E04FF4A3
:102C40000040119005E00020119001208DF86700F0
:102C5000FFE71198002852D0FFE711981D994A6AA2
:102C600044F6EC11C0F6020131F81210B0FBF1F09D
:102C7000189018981D99496801EB4101884207D3C3
:102C8000FFE718981D994968B0EB013F04D9FFE7A9
:102C900001208DF8670031E011981D994A68039270
:102CA0004A6A44F6EC11C0F6020131F81220002302
:102CB00004931946EDF72AFB039A049B090241EAA3
:102CC0001061000210EB520041F10001EDF71EFB14
:102CD0001A901A98B0F5407F0BD3FFE71A9900209D
:102CE000B0EB115F05D1FFE71A981D990968C8601C
:102CF00003E001208DF86700FFE7FFE7FFE746E10B
:102D00001D98C069B0F5004F40F0A880FFE79DF81E
:102D10006D0001460291402800F263800299DFE8CD
:102D200001F021256060296060602F606060606054
:102D300060603560606060606060606060606060BE
:102D4000606056606060606060606060606060608D
:102D50006060606060606060606060606060606073
:102D600060605C00F6F71CFC119040E0F6F72CFC6C
:102D700011903CE015A8F4F70BFF1698119036E07F
:102D800012A8F5F751F81398119030E044F2004082
:102D9000C5F60200006800F020010020B0EB511FD2
:102DA0000ED0FFE744F20040C5F602000068C0F311
:102DB000C10149F20000C0F2D030C840119005E0D6
:102DC00049F20000C0F2D0301190FFE70FE040F66A
:102DD0000010C0F23D00119009E04FF40040119046
:102DE00005E00020119001208DF86700FFE71198A1
:102DF00098B3FFE711981D9A5168536A44F6EC1294
:102E0000C0F6020232F81320B0FBF2F0400000EBF3
:102E10005100B0FBF1F01A901A98102818D3FFE770
:102E2000BDF86A00A0B9FFE71A9820F00F00ADF8CE
:102E30006E001A9800F00E01BDF86E0040EA5100D5
:102E4000ADF86E00BDF86E001D990968C86003E01A
:102E500001208DF86700FFE7FFE797E09DF86D0020
:102E600001460191402800F263800199DFE801F0FA
:102E700021256060296060602F6060606060606034
:102E8000356060606060606060606060606060606D
:102E9000566060606060606060606060606060603C
:102EA0006060606060606060606060606060606022
:102EB0005C00F6F775FB119040E0F6F785FB11908A
:102EC0003CE015A8F4F764FE1698119036E012A8BD
:102ED000F4F7AAFF1398119030E044F20040C5F6D1
:102EE0000200006800F020010020B0EB511F0ED05E
:102EF000FFE744F20040C5F602000068C0F3C101DC
:102F000049F20000C0F2D030C840119005E049F20B
:102F10000000C0F2D0301190FFE70FE040F6001043
:102F2000C0F23D00119009E04FF40040119005E01F
:102F30000020119001208DF86700FFE7119820B361
:102F4000FFE711981D9A5168536A44F6EC12C0F6D7
:102F5000020232F81320B0FBF2F000EB5100B0FB9C
:102F6000F1F01A901A9810280AD3FFE7BDF86A000A
:102F700030B9FFE7BDF868001D990968C86003E033
:102F800001208DF86700FFE7FFE7FFE7FFE71D99E6
:102F90000120A1F86A001D99A1F868001D99002080
:102FA00048671D9988679DF867001EB080BD0000C6
:102FB00080B588B006900591ADF812200598069965
:102FC0008865BDF812000699A1F85C0006990020FA
:102FD000C1F8900006992220C1F88C000698D0F81C
:102FE0008000B0B3FFE70698D0F8801041F601608A
:102FF000C0F60100C8630698D0F8801041F6F96069
:10300000C0F6010008640698D0F8801041F681509F
:10301000C0F60100C8640698D0F88010002008654A
:1030200006980168826DD0F880002431BDF8123016
:10303000F1F712FA60B1FFE706991020C1F890008D
:1030400006992020C1F88C0001208DF81F0042E075
:10305000FFE706980069A0B1FFE7FFE7FFE70698E2
:10306000006850E8000F40F480700390FFE7039978
:103070000698026842E800100028F0D1FFE7FFE759
:10308000FFE7FFE7FFE70698006850E8020F40F00F
:1030900001000290FFE702990698026842E80210D8
:1030A0000028F0D1FFE7FFE7FFE7FFE70698006899
:1030B00050E8020F40F040000190FFE701990698A8
:1030C000026842E802100028F0D1FFE7FFE7002085
:1030D0008DF81F00FFE79DF81F0008B080BD0000BD
:1030E00080B586B0DDF820C0049003918DF80B20E8
:1030F0000193FFE704980068C06903990840401AEB
:10310000B0FA80F040099DF80B10884266D1FFE7C5
:1031100008980130002860D0FFE7F3F731FA0199F1
:10312000401A0899884203D8FFE7089820B9FFE7BA
:1031300003208DF8170055E00498006800684007E8
:10314000002849D5FFE70398802845D0FFE703987A
:10315000402841D0FFE704980068C06900F00801EA
:103160000120B0EBD10F16D1FFE7049801680820C9
:10317000009008620498FEF7DBFE00980499C1F8FD
:103180009000FFE70499002081F88400FFE7012008
:103190008DF8170026E004980068C06900F400610B
:1031A0000120B0EBD12F16D1FFE7049801684FF44E
:1031B000006008620498FEF7BBFE04992020C1F865
:1031C0009000FFE70499002081F88400FFE70320C6
:1031D0008DF8170006E0FFE7FFE78BE700208DF88A
:1031E0001700FFE79DF8170006B080BD0000000043
:1031F00080B545F61C40C2F20040F9F729FF80BDBA
:1032000080B545F68830C2F20040F9F721FF80BD55
:1032100080B586B004908DF80F100498D0F8C802DD
:1032200001900498D0F8D41200EB8100D0F8C002CD
:1032300020B9FFE703208DF817005FE00498D0F86D
:10324000D41200EB8100D0F8C002029004989DF8DF
:103250000F1001F00F0101EB810100EB810080698B
:1032600040B3FFE704989DF80F1001F00F0101EB48
:10327000810200EB82008269019801EBC10100EB41
:103280008100C169B2FBF1F000FB112090B9FFE7AA
:1032900004989DF80F1001F00F0101EB810100EB84
:1032A00081000023836104989DF80F101A4601F0F5
:1032B00003FE1FE002990020C1F814020498D0F820
:1032C000D41200EB8100D0F8C402006988B1FFE796
:1032D0000498D0F8D41200EB8100D0F8C40203693E
:1032E0000299D1F8080201F504719DF80F20984762
:1032F000FFE7FFE700208DF81700FFE79DF81700B4
:1033000006B080BD0000000080B584B002908DF84A
:1033100007100298D0F8D41200EB8100D0F8C00258
:1033200000900298D0F8D41200EB8100D0F8C002CF
:1033300020B9FFE703208DF80F0019E002989DF8EF
:10334000071001F029FB0099C1F80C020298D0F88F
:10335000D41200EB8100D0F8C402C2680099D1F801
:10336000040201F50371904700208DF80F00FFE77C
:103370009DF80F0004B080BD80B586B005908DF833
:103380001310059840F21D01C2F200410091097826
:1033900001F016F900990598097801F00F0101EB89
:1033A000810100EB8101002003908884059840F2A0
:1033B0001E01C2F200410191097801F001F9019A60
:1033C00003980599127802F00F0202EB820201EBDA
:1033D0008201A1F86401059840F21C01C2F200418B
:1033E0000291097801F0ECF8029A03980599137894
:1033F00003F00F0303EB830301EB8301888405993A
:10340000127802F00F0202EB820201EB8201C88403
:103410000598D0F8D41200EB8100D0F8C002F0B1CA
:10342000FFE70598D0F8D41200EB8100D0F8C40271
:10343000406880470598D0F8D41200EB8100D0F89E
:10344000C00202F0E5F90598D0F8D41200EB810132
:103450000020C1F8C0020599C1F8BC02FFE70020B6
:1034600006B080BD0000000080B584B002900298D4
:10347000D0F8D41200EB8100D0F8C002019001987E
:1034800020B9FFE703208DF80F0025E00298D0F85F
:10349000D41200EB8100D0F8C402C8B1FFE7019854
:1034A00090F80002FF2813D0FFE70298D0F8D4125A
:1034B00000EB8100D0F8C4028368019991F8000202
:1034C00091F8012298470199FF2081F80002FFE757
:1034D00000208DF80F00FFE79DF80F0004B080BDBD
:1034E00081B0009000990A20088040F26810C2F272
:1034F000004001B07047000080B586B0059040F2F2
:103500002410C2F200400190822100F019FE014611
:1035100001980491012100F013FE014601980391E6
:10352000812100F00DFE0290049820B1FFE704997C
:1035300010208871FFE7039820B1FFE7039940202E
:103540008880FFE7029820B1FFE702994020888039
:10355000FFE705994320088040F22410C2F20040A2
:1035600006B080BD0000000080B586B0059040F236
:103570002410C2F200400190822100F0E1FD0146DA
:1035800001980491012100F0DBFD014601980391AF
:10359000812100F0D5FD0290049820B1FFE7049945
:1035A00010208871FFE7039828B1FFE703994FF4D3
:1035B00000708880FFE7029828B1FFE702994FF476
:1035C00000708880FFE705994320088040F22410AE
:1035D000C2F2004006B080BD80B586B0059040F2D2
:1035E0002410C2F200400190822100F0A9FD0146A2
:1035F00001980491012100F0A3FD01460198039177
:10360000812100F09DFD0290049820B1FFE704990C
:1036100010208871FFE7039820B1FFE7039940204D
:103620008880FFE7029820B1FFE702994020888058
:10363000FFE705994320088040F22410C2F20040C1
:1036400006B080BD0000000080B590B00E908DF8EF
:1036500037104FF4077002F0DFF80C900C9860B947
:10366000FFE70E98D0F8D41200EB81010020C1F8DA
:10367000C00202208DF83F00F0E00C984FF4077173
:10368000ECF78EFE0C980E99D1F8D42201EB820152
:10369000C1F8C0020E99D1F8D40201EB8000D0F835
:1036A000C002C1F8BC020E98007C002840D1FFE7A0
:1036B0000E9840F21D01C2F20041079109780222E2
:1036C00008924FF40073099301F05AFA0799089A87
:1036D000099B0E98097801F00F0101EB810100EBC5
:1036E000810101200B9088840E9840F21E01C2F2E5
:1036F00000410A91097801F043FA0A9A0B980E9951
:10370000127802F00F0202EB820201EB8201A1F8B3
:1037100064010E9840F21C01C2F20041097801F0E8
:103720000F0101EB810100EB81011020C8843EE014
:103730000E9840F21D01C2F2004102910978022266
:1037400003924023049301F01BFA0299039A049B0D
:103750000E98097801F00F0101EB810100EB810166
:103760000120069088840E9840F21E01C2F20041AA
:103770000591097801F004FA059A06980E991278D5
:1037800002F00F0202EB820201EB8201A1F8640158
:103790000E9840F21C01C2F20041097801F00F01BD
:1037A00001EB810100EB81011020C884FFE70E9836
:1037B00040F21C01C2F20041009109780322082363
:1037C00001F0DEF900990E98097801F00F0101EB84
:1037D000810100EB8101012088840C990020019077
:1037E000C1F804020E98D0F8D41200EB8100D0F892
:1037F000C4020068804701980C99C1F814020C9922
:10380000C1F818020C98D0F8040220B9FFE7022092
:103810008DF83F0022E00E98007C70B9FFE70E980B
:1038200040F21E01C2F2004109780C9AD2F804223B
:103830004FF4007301F0CCF90CE00E9840F21E0139
:10384000C2F2004109780C9AD2F80422402301F018
:10385000BFF9FFE700208DF83F00FFE79DF83F002C
:1038600010B080BD0000000080B584B002900298C6
:10387000D0F8D41200EB8100D0F8C0020190029879
:10388000D0F8D41200EB8100D0F8C00220B9FFE7D5
:1038900003208DF80F0022E00298007C70B9FFE74A
:1038A000029840F21E01C2F200410978019AD2F852
:1038B00004224FF4007301F08BF90CE0029840F2FF
:1038C0001E01C2F200410978019AD2F80422402375
:1038D00001F07EF9FFE700208DF80F00FFE79DF86B
:1038E0000F0004B080BD000083B0019000910098EB
:1038F00020B9FFE703208DF80B000BE00098019939
:10390000D1F8D42201EB8201C1F8C40200208DF865
:103910000B00FFE79DF80B0003B0704700000000AC
:1039200084B0029001910298D0F8D41200EB81008B
:10393000D0F8C0020090009820B9FFE703208DF86E
:103940000F0007E001980099C1F8040200208DF8EB
:103950000F00FFE79DF80F0004B070470000000063
:1039600085B00390029101920398D0F8D41200EB35
:103970008100D0F8C0020090009820B9FFE7032032
:103980008DF813000BE002980099C1F80802019825
:103990000099C1F8100200208DF81300FFE79DF890
:1039A000130005B07047000080B58AB008900791F9
:1039B0000898D0F8D41200EB8100D0F8C00206902D
:1039C00000208DF81500ADF812008DF81100069852
:1039D00020B9FFE703208DF82700C7E0079800789B
:1039E00000F060000146039100285ED0FFE70398D5
:1039F000202840F0AE80FFE70798C088002846D016
:103A0000FFE7079800780006002823D5FFE708980D
:103A1000D0F8D41200EB8100D0F8C4028368079A72
:103A200050780699D28898470798C088082803D309
:103A3000FFE70720029003E00798C0880290FFE7A5
:103A40000298ADF8160008980699BDF8162000F007
:103A500083F91BE007984078069981F800020798DF
:103A6000C0883F2804D8FFE70798C088019002E08B
:103A700040200190FFE70198069981F8010208981B
:103A8000069991F8012200F037F9FFE70CE0089859
:103A9000D0F8D41200EB8100D0F8C40283680799F3
:103AA000487800229847FFE75BE007984078014696
:103AB00000910B2844D80099DFE801F0064142420A
:103AC0004242424242421C32089890F89C0203282B
:103AD00007D1FFE708980DF11201022200F03CF92E
:103AE00007E00898079900F0F7F803208DF8110017
:103AF000FFE72DE0089890F89C02032807D1FFE724
:103B000008980DF11501012200F026F907E0089848
:103B1000079900F0E1F803208DF81100FFE717E0A6
:103B2000089890F89C02032808D0FFE708980799A6
:103B300000F0D2F803208DF81100FFE708E007E05D
:103B40000898079900F0C8F803208DF81100FFE7E6
:103B500007E00898079900F0BFF803208DF81100DE
:103B6000FFE79DF811008DF82700FFE79DF827007B
:103B70000AB080BD0000000080B584B002900298B9
:103B8000D0F8D41200EB8100D0F8C00201900120DF
:103B90008DF80300019820B9FFE703208DF80F008E
:103BA0002AE00198D0F8140208BBFFE70199012030
:103BB000C1F814020198D0F81002029A40F21D01D7
:103BC000C2F200410B7803F00F0303EB830302EB17
:103BD0008302906102980978019BD3F80822D3F8F8
:103BE000103201F069F900208DF80300FFE79DF81D
:103BF00003008DF80F00FFE79DF80F0004B080BDB3
:103C000080B582B001908DF8031000208DF802007D
:103C10000198D0F8B8124A689DF80310904720B177
:103C2000FFE703208DF80200FFE79DF8020002B0D5
:103C300080BD00000000000080B582B001900091BE
:103C4000019890F89C02013802280ED8FFE70098EE
:103C50004088012808D1FFE701990020C1F8A4029B
:103C6000019800F095F8FFE704E00198009900F052
:103C700033F8FFE702B080BD82B001908DF80310E9
:103C8000002002B07047000082B001908DF8031050
:103C9000002002B07047000080B584B0039002910C
:103CA00001920398029A019B0021009100F090FF7D
:103CB000009804B080BD000080B584B003900291EC
:103CC00001920398029A019B0021009101F0F4F8FF
:103CD000009804B080BD000080B582B001900091D2
:103CE0000198802101F094F80198002101F090F8EA
:103CF00002B080BD0000000080B584B00390029146
:103D0000019203990320C1F8940201980399C1F824
:103D1000580101980399C1F85C010398029A019B2C
:103D20000021009100F054FF009804B080BD000015
:103D300080B582B0019001990520C1F894020198E4
:103D40000023009319461A4600F042FF009802B083
:103D500080BD00000000000080B584B00390029197
:103D6000019203990220C1F8940201980399886195
:103D700001980399C8610398029A019B0021009160
:103D800001F09AF8009804B080BD00000000000027
:103D900080B582B0019001990420C1F89402019885
:103DA0000023009319461A4601F086F8009802B0E5
:103DB00080BD00000000000080B584B00390029137
:103DC0000298C088012805D0FFE703980299FFF701
:103DD00083FF21E0039890F89C12481E019102286D
:103DE00004D3FFE7019803280AD00FE003990020CD
:103DF0008860039800F108010122FFF7ADFF0AE097
:103E00000398011D0122FFF7A7FF04E00398029920
:103E1000FFF762FFFFE7FFE704B080BD000000008E
:103E200080B588B0079006910020ADF81600049088
:103E30008DF80F000698C0780138014602910E28CF
:103E400000F241810299DFE811F02A0034005100AC
:103E50003E013E010B0123013E013E013E013E01B8
:103E60003E013E013E010F000798D0F8B402C06940
:103E700050B1FFE70798D0F8B412CA69007C0DF181
:103E800016019047049009E007980699FFF724FF70
:103E90009DF80F0001308DF80F00FFE71DE1079836
:103EA000D0F8B4120A68007C0DF116019047049016
:103EB00013E10798007C60B9FFE70798D0F8B802D3
:103EC000816A0DF116008847049004990220487019
:103ED0000BE00798D0F8B802C16A0DF116008847C8
:103EE0000490049902204870FFE7F6E00698807875
:103EF00001460191052800F2A8800199DFE801F050
:103F0000031E39546F8A0798D0F8B402406850B144
:103F1000FFE70798D0F8B4124A68007C0DF116014B
:103F20009047049009E007980699FFF7D5FE9DF8A1
:103F30000F0001308DF80F00FFE790E00798D0F8F0
:103F4000B402806850B1FFE70798D0F8B4128A68CD
:103F5000007C0DF116019047049009E0079806993E
:103F6000FFF7BAFE9DF80F0001308DF80F00FFE754
:103F700075E00798D0F8B402C06850B1FFE7079821
:103F8000D0F8B412CA68007C0DF116019047049075
:103F900009E007980699FFF79FFE9DF80F00013092
:103FA0008DF80F00FFE75AE00798D0F8B4020069D7
:103FB00050B1FFE70798D0F8B4120A69007C0DF100
:103FC00016019047049009E007980699FFF784FED0
:103FD0009DF80F0001308DF80F00FFE73FE00798D4
:103FE000D0F8B402406950B1FFE70798D0F8B41296
:103FF0004A69007C0DF116019047049009E007988A
:104000000699FFF769FE9DF80F0001308DF80F004B
:10401000FFE724E00798D0F8B402806950B1FFE7C9
:104020000798D0F8B4128A69007C0DF11601904708
:10403000049009E007980699FFF74EFE9DF80F00DF
:1040400001308DF80F00FFE709E007980699FFF7A8
:1040500043FE9DF80F0001308DF80F00FFE73CE0B4
:104060000798007C48B9FFE70798D0F8B802416B81
:104070000DF116008847049009E007980699FFF7AC
:104080002BFE9DF80F0001308DF80F00FFE724E0B4
:104090000798007C60B9FFE70798D0F8B802016B79
:1040A0000DF116008847049004990720487009E034
:1040B00007980699FFF710FE9DF80F0001308DF864
:1040C0000F00FFE709E007980699FFF705FE9DF846
:1040D0000F0001308DF80F00FFE79DF80F0008B1C9
:1040E000FFE72AE00698C08818B3FFE7BDF816007E
:1040F000C8B1FFE7BDF816000699C988884204DAFE
:10410000FFE7BDF81600009003E00698C088009015
:10411000FFE70098ADF8160007980499BDF816203F
:10412000FFF71AFE04E007980699FFF7D5FDFFE7B1
:1041300003E00798FFF72CFEFFE708B080BD000002
:1041400080B586B005908DF81310059803900598FA
:10415000029000200190029948880978884227DD62
:10416000FFE702980078ADF80200FFE7BDF8020013
:104170000299498888421ADAFFE703980DF1020193
:1041800000F036F803900398407805280ED1FFE739
:1041900003980190019880789DF81310884201D10E
:1041A000FFE704E000200190FFE7FFE7DEE7FFE71D
:1041B000019806B080BD000083B0029000208DF809
:1041C000070002980090FFE70098007848B1FFE7E9
:1041D0009DF8070001308DF807000098013000902D
:1041E000F2E79DF8070003B07047000000000000F0
:1041F00083B0029001910298009000980278019992
:1042000008881044088002980099097808440090B2
:10421000009803B07047000080B582B00190009113
:10422000019890F89C02013802281FD8FFE70098F7
:10423000C088022805D0FFE701980099FFF74CFDE0
:1042400019E001990120C8600198D0F8A40230B1AA
:10425000FFE70199C86840F00200C860FFE70198D5
:1042600000F10C010222FFF777FD04E001980099AC
:10427000FFF732FDFFE702B080BD00000000000044
:1042800080B586B005900491039200208DF80B0054
:10429000059808B9FFE74FE0059801900198FFF7EE
:1042A0008BFF0146022000EB4100B0F5007F04D9EE
:1042B000FFE74FF40070009008E00198FFF77CFFE3
:1042C0000146022000EB41000090FFE700980399AF
:1042D00008800398007804999DF80B2088549DF875
:1042E0000B0001308DF80B0004999DF80B20032082
:1042F00088549DF80B0001308DF80B00FFE7019802
:104300000078C8B1FFE70198007804999DF80B2068
:1043100088540198013001909DF80B0001308DF810
:104320000B0004999DF80B20002088549DF80B0089
:1043300001308DF80B00E2E706B080BD0000000000
:1043400082B08DF8070000208DF806009DF8070068
:1043500001460091032814D80099DFE801F0020615
:104360000A0E00208DF806000FE003208DF80600ED
:104370000BE001208DF8060007E003208DF8060011
:1043800003E003208DF80600FFE79DF8060002B069
:10439000704700000000000080B582B08DF8070073
:1043A00000919DF8070060B9FFE7009A45F2BA4016
:1043B000C0F6020041F26C31C2F20041FFF760FF2B
:1043C0000BE0009A45F2BA40C0F6020041F26C31AF
:1043D000C2F20041FFF754FFFFE741F26C30C2F236
:1043E000004002B080BD000082B08DF8070000914F
:1043F00000991220088040F27410C2F2004002B00E
:10440000704700000000000080B582B08DF8070002
:1044100000919DF8070060B9FFE7009A45F2AC40B3
:10442000C0F6020041F26C31C2F20041FFF728FFF2
:104430000BE0009A45F2AC40C0F6020041F26C314C
:10444000C2F20041FFF71CFFFFE741F26C30C2F2FD
:10445000004002B080BD000082B08DF807000091DE
:1044600000990420088040F29C10C2F2004002B083
:10447000704700000000000080B584B08DF80F0088
:104480000291029A45F2C540C0F6020041F26C3139
:10449000C2F200410191FFF7F3FE019804B080BD24
:1044A00080B582B08DF8070000919DF8070060B9D3
:1044B000FFE7009A45F2D840C0F6020041F26C31A5
:1044C000C2F20041FFF7DCFE0BE0009A45F2D84053
:1044D000C0F6020041F26C31C2F20041FFF7D0FE9B
:1044E000FFE741F26C30C2F2004002B080BD000034
:1044F00080B582B08DF80700009100991A200880DD
:10450000EDF7CEF940F2A010C2F2004002B080BD3B
:1045100080B584B0029001918DF80320029820B9F3
:10452000FFE703208DF80F0023E002990020C1F877
:10453000B8020299C1F8C4020299C1F8D0020198E8
:1045400028B1FFE701980299C1F8B402FFE7029988
:10455000012081F89C029DF80300029908700298DE
:1045600000F02AFA8DF802009DF802008DF80F0085
:10457000FFE79DF80F0004B080BD000000000000C0
:1045800080B582B001908DF8031000208DF80200F4
:104590008DF801000198D0F8C8029DF80310F2F7D9
:1045A00013FA8DF802009DF80200FFF7C9FE8DF89E
:1045B00001009DF8010002B080BD00000000000075
:1045C00080B582B001908DF8031000208DF80200B4
:1045D0008DF801000198D0F8C8029DF80310F2F799
:1045E0009FF98DF802009DF80200FFF7A9FE8DF8F3
:1045F00001009DF8010002B080BD00000000000035
:1046000080B588B006908DF8171004929DF81700B9
:10461000002874D1FFE70698143003900698D0F86C
:10462000940202285DD1FFE703998868C96888422F
:1046300012D9FFE703998868CA68801A88600698CB
:104640000499039A9268FFF737FB069800231946EE
:104650001A4600F0BDFA43E003988168C0688842BA
:104660001ED1FFE703994868C968884218D3FFE75D
:10467000039840680699D1F89812884210D2FFE753
:104680000698002201921146FFF716FB019B06983F
:10469000C0F89832069819461A4600F099FA1EE0BA
:1046A000069890F89C02032811D1FFE70698D0F8ED
:1046B000B802C06850B1FFE706990020C1F8D402E3
:1046C0000698D0F8B812C9688847FFE7FFE7069850
:1046D000802100F09DFB0698FFF72AFBFFE7FFE72C
:1046E000FFE7069890F8A00240B1FFE7069800F0B7
:1046F00077FC0699002081F8A002FFE740E00698C9
:104700009DF8171041F08001FFF7B6FA8DF80A0006
:104710009DF80A00FF2832D0FFE79DF80A0070BB21
:10472000FFE7069890F89C02032827D1FFE7069838
:104730009DF80A1000EB8100D0F8B8024069E0B1A2
:10474000FFE79DF80A000699C1F8D40206989DF883
:104750000A1000EB8101D1F8B8124A699DF81710D0
:1047600090478DF80B009DF80B0028B1FFE79DF8EE
:104770000B008DF81F0007E0FFE7FFE7FFE7FFE70B
:1047800000208DF81F00FFE79DF81F0008B080BDD6
:1047900080B58AB008908DF81F10069200208DF821
:1047A00013009DF81F00002840F08280FFE7089862
:1047B00000F5AA7005900898D0F89402032876D1E5
:1047C000FFE705998868C96888421DD9FFE7059900
:1047D0008868CA68801A88600898029006980390D2
:1047E00005998868C968884204D2FFE705988068FF
:1047F000019003E00598C0680190FFE703990298D3
:10480000019AFFF749FA51E0089890F8AA0200F0DF
:104810001F000146009140B1FFE70098012808D031
:10482000FFE7009802280CD013E000208DF812005A
:1048300013E0089890F8AE12FFF726FA8DF81200F0
:104840000BE0089890F8AE12FFF716FA8DF81200F8
:1048500003E000208DF81200FFE79DF8120008BB6E
:10486000FFE7089890F89C0203281AD1FFE7089800
:104870009DF8121000EB8100D0F8B802006978B101
:10488000FFE79DF812000899C1F8D40208989DF836
:10489000121000EB8101D1F8B81209698847FFE7CF
:1048A000FFE7FFE70898FFF773FAFFE7FFE740E04D
:1048B00008989DF81F1001F07F01FFF7DDF98DF8D2
:1048C00012009DF81200FF2832D0FFE79DF8120079
:1048D00070BBFFE7089890F89C0203281ED1FFE701
:1048E00008989DF8121000EB8100D0F8B80280699A
:1048F00098B1FFE79DF812000899C1F8D402089812
:104900009DF8121000EB8101D1F8B8128A699DF868
:104910001F1090478DF81300FFE7FFE79DF8130085
:1049200028B1FFE79DF813008DF8270005E0FFE7A9
:10493000FFE700208DF82700FFE79DF827000AB069
:1049400080BD00000000000081B00090002001B098
:10495000704700000000000080B582B00190002088
:104960008DF803000199012081F89C020198D0F88C
:10497000B80268B1FFE70198D0F8B8124A68017927
:10498000904720B1FFE703208DF80300FFE7FFE722
:104990009DF8030002B080BD80B582B001908DF813
:1049A00003100198D0F8C8029DF80310F2F770F8D0
:1049B00002B080BD0000000080B584B00390039871
:1049C0000078012838D1FFE7039945F2EC40C2F2A4
:1049D00000400290C0F8E0140399C1F8C802002119
:1049E000C4F204010160092101710222C271002197
:1049F000817142728172C17201738173C1730174DA
:104A0000F2F716FE18B1FFE7ECF76AFDFFE745F293
:104A1000EC40C2F20040019080210091F1F7B4FE19
:104A2000009A01980021F1F7BBFE019801214FF493
:104A3000BA72F1F7B5FEFFE7002004B080BD0000B8
:104A400084B002908DF807100298D0F8C802009048
:104A50009DF80700000600280DD5FFE700989DF897
:104A6000071001F07F0101EBC10100EB8100807DA7
:104A70008DF80F000DE000989DF8071001F07F0100
:104A800001EBC10100EB810090F856028DF80F0098
:104A9000FFE79DF80F0004B0704700000000000021
:104AA00080B584B002908DF807100298D0F8D41227
:104AB00000EB8100D0F8B80220B9FFE703208DF8A1
:104AC0000F0020E0029890F89C02032817D1FFE71E
:104AD0000298D0F8D41200EB8100D0F8B802006A36
:104AE00060B1FFE70298D0F8D41200EB8101D1F851
:104AF000B8120A6A9DF807109047FFE7FFE7002009
:104B00008DF80F00FFE79DF80F0004B080BD000096
:104B100080B584B002908DF807100298D0F8D412B6
:104B200000EB8100D0F8B80220B9FFE703208DF830
:104B30000F0020E0029890F89C02032817D1FFE7AD
:104B40000298D0F8D41200EB8100D0F8B802406A85
:104B500060B1FFE70298D0F8D41200EB8101D1F8E0
:104B6000B8124A6A9DF807109047FFE7FFE7002058
:104B70008DF80F00FFE79DF80F0004B080BD000026
:104B800080B584B003908DF80B108DF80A20ADF835
:104B9000083000208DF807008DF806000398D0F843
:104BA000C8029DF80B10BDF808209DF80A30F1F7F7
:104BB00083FF8DF807009DF80700FFF7C1FB8DF814
:104BC00006009DF8060004B080BD00000000000053
:104BD00080B586B005908DF81310039202930020E3
:104BE0008DF807008DF806000598D0F8C8029DF8EA
:104BF0001310039A029BF1F7D7FF8DF807009DF879
:104C00000700FFF79DFB8DF806009DF8060006B033
:104C100080BD00000000000080B586B00590002037
:104C20008DF81300059A012182F89C120599C1F8AC
:104C30009402059948600599C1F8A402059981F884
:104C4000A0020598D0F8B802A0B1FFE70598D0F807
:104C5000B802406868B1FFE70598D0F8B8124A6812
:104C60000179904720B1FFE703208DF81300FFE79B
:104C7000FFE7FFE7059800220192402303931146C6
:104C8000FFF77EFF019A039B059901200290A1F88E
:104C900064010598C0F8603105988021FFF770FF26
:104CA00002990398059A9184059908629DF813006A
:104CB00006B080BD0000000081B00090009890F820
:104CC0009C02042807D1FFE7009890F89D02009904
:104CD00081F89C02FFE7002001B07047000000004F
:104CE00080B582B00190019890F89C02032813D1FE
:104CF000FFE70198D0F8B80268B1FFE70198D0F853
:104D0000B802C06930B1FFE70198D0F8B812C9699C
:104D10008847FFE7FFE7FFE7002002B080BD000003
:104D200082B001908DF803109DF80300019908747A
:104D3000002002B07047000080B582B001908DF86D
:104D4000031000208DF802008DF801000198D0F8C2
:104D5000C8029DF80310F2F70BFE8DF802009DF8D3
:104D60000200FFF7EDFA8DF801009DF8010002B096
:104D700080BD00000000000080B584B00390029167
:104D8000039800F2AA20029900F0BAF803990120D2
:104D9000C1F894020399B1F8B002C1F898020398DF
:104DA00090F8AA0200F01F000146009140B1FFE711
:104DB000009801280CD0FFE70098022810D017E0D7
:104DC000039800F2AA2100F067FA8DF8070019E0B5
:104DD000039800F2AA2100F09FFC8DF8070011E073
:104DE000039800F2AA2100F0BFFA8DF8070009E04D
:104DF000039890F8AA1201F0800100F009F88DF8EC
:104E00000700FFE79DF8070004B080BD0000000028
:104E100080B582B001908DF8031000208DF802005B
:104E20008DF801000198D0F8C8029DF80310F1F741
:104E3000F3FE8DF802009DF80200FFF781FA8DF86D
:104E400001009DF8010002B080BD000000000000DC
:104E500080B582B0019000208DF803008DF802002B
:104E60000198D0F8C802F2F7BFFD8DF803009DF855
:104E70000300FFF765FA8DF802009DF8020002B00A
:104E800080BD00000000000081B00090009890F804
:104E90009C02042807D0FFE7009890F89C02009934
:104EA00081F89D02FFE70099042081F89C02002010
:104EB00001B070470000000080B586B005908DF805
:104EC00013100392029300208DF807008DF806005E
:104ED0000598D0F8C8029DF81310039A029BF1F7C9
:104EE0000BFF8DF807009DF80700FFF729FA8DF8F2
:104EF00006009DF8060006B080BD0000000000001E
:104F000080B584B0039002910298019001980078D6
:104F10000399087001980130019001980078039975
:104F200048700198013001900198FBF765FD0399E5
:104F3000488001980130019001980130019001985A
:104F4000FBF75AFD03998880019801300190019880
:104F5000013001900198FBF74FFD0399C88004B020
:104F600080BD00000000000080B584B00290019177
:104F70000020ADF80200019820B9FFE703208DF86A
:104F80000F0026E001980299C1F8B8020298D0F803
:104F9000D41200EB8100D0F8B802C06A78B1FFE704
:104FA0000298D0F8D41200EB8100D0F8B802C16AA0
:104FB0000DF1020088470299C1F8D002FFE702997B
:104FC000D1F8D8020130C1F8D80200208DF80F00C6
:104FD000FFE79DF80F0004B080BD00000000000056
:104FE00081B00090002001B0704700000000000078
:104FF00080B584B00390029102988088B8BBFFE727
:105000000298C08898BBFFE7029840887F282ED876
:10501000FFE70298807800F07F008DF80700039882
:1050200090F89C02032805D1FFE703980299FEF748
:1050300053FE1BE09DF80700039981F89E02039838
:105040009DF80710FFF778FE0398FEF7A1FE9DF884
:10505000070028B1FFE70399022081F89C0204E0D1
:105060000399012081F89C02FFE7FFE704E0039821
:105070000299FEF731FEFFE704B080BD000000009A
:1050800080B582B001908DF8031000208DF80200E9
:105090000198D0F8B80250B1FFE70198D0F8B812E3
:1050A0000A689DF8031090478DF80200FFE79DF80D
:1050B000020002B080BD000080B586B0049003916C
:1050C00000208DF80B000398817841F26830C2F21D
:1050D000004001700078022808D3FFE70498039984
:1050E000FEF7FAFD03208DF81700A0E0049890F871
:1050F0009C0201460191022804D0FFE70198032891
:105100002FD07FE041F26830C2F20040007818B33F
:10511000FFE741F26831C2F200410878049A50601A
:1051200004980978FFF7ACFF8DF80B009DF80B0091
:1051300048B1FFE704980399FEF7CEFD04990220D9
:1051400081F89C0207E00498FEF722FE04990320F0
:1051500081F89C02FFE703E00498FEF719FEFFE7E1
:1051600060E041F26830C2F20040007898B9FFE791
:105170000499022081F89C0241F26831C2F2004198
:105180000878049A506004980978FEF739FD04986D
:10519000FEF7FEFD35E041F26830C2F200400078D3
:1051A00004994968884227D0FFE704980179FEF7FF
:1051B00027FD41F26831C2F200410878049A50603C
:1051C00004980978FFF75CFF8DF80B009DF80B0041
:1051D00068B1FFE704980399FEF77EFD0498017912
:1051E000FEF70EFD0499022081F89C0203E004986A
:1051F000FEF7CEFDFFE703E00498FEF7C9FDFFE7E9
:10520000FFE70FE004980399FEF766FD049841F26A
:105210006831C2F200410978FEF7F2FC03208DF8F4
:105220000B00FFE79DF80B008DF81700FFE79DF8D6
:10523000170006B080BD000080B582B001900091DB
:1052400000984088012808D1FFE701990120C1F8A2
:10525000A4020198FEF79CFD13E000984088022804
:1052600009D1FFE700984079019981F8A0020198DF
:10527000FEF78EFD04E001980099FEF72DFDFFE793
:10528000FFE702B080BD000080B582B001900198B8
:10529000FFF7DEFD02B080BD80B586B005900491B9
:1052A00000208DF80F000498007800F0600001469F
:1052B0000291A8B1FFE70298202804D0FFE70298E6
:1052C000402846D1FFE70598D0F8D41200EB8101C1
:1052D000D1F8B8128A68049990478DF80F003DE024
:1052E000049840780146019109282CD80199DFE8FB
:1052F00001F01B252A202A0A052A160F0598049971
:10530000FEF78EFD24E005980499FFF771FE1FE07B
:1053100005980499FFF7D0FE8DF80F0018E0059866
:105320000499FEF749FD13E005980499FEF774FF10
:105330000EE005980499FFF77FFF09E005980499AE
:10534000FEF77AFC04E005980499FEF7C5FCFFE738
:1053500004E005980499FEF7BFFCFFE79DF80F00F5
:1053600006B080BD0000000080B58CB00B900A91A3
:1053700000208DF821000A9880888DF823000A9873
:10538000007800F0600001460791B8B3FFE7079886
:10539000202805D0FFE70798402840F0B281FFE7BA
:1053A0000B989DF82310FEF767FC8DF822009DF8FE
:1053B0002200FF2821D0FFE79DF82200E8B9FFE78F
:1053C0009DF822000B99C1F8D4020B989DF8221089
:1053D00000EB8100D0F8B802806868B1FFE70B9855
:1053E0009DF8221000EB8101D1F8B8128A680A9961
:1053F00090478DF82100FFE7FFE787E10A984078A2
:1054000001460691002800F0BD80FFE706980128BC
:105410004CD0FFE70698032840F06D81FFE70B981A
:1054200090F89C0201460591022804D0FFE70598F8
:10543000032819D034E09DF8230078B1FFE79DF8E8
:10544000230080280AD0FFE70B989DF82310FFF770
:10545000DFFC0B988021FFF7DBFC04E00B980A9936
:10546000FEF73AFCFFE720E00A984088A0B9FFE782
:105470009DF8230078B1FFE79DF8230080280AD02B
:10548000FFE70A98C08830B9FFE70B989DF8231012
:10549000FFF7BEFCFFE7FFE70B98FEF779FC04E09F
:1054A0000B980A99FEF718FCFFE729E10B9890F892
:1054B0009C0201460491022804D0FFE704980328C7
:1054C00019D059E09DF8230078B1FFE79DF823003B
:1054D00080280AD0FFE70B989DF82310FFF798FC6F
:1054E0000B988021FFF794FC04E00B980A99FEF7D3
:1054F000F3FBFFE745E00A984088E0BBFFE79DF833
:105500002300400630B1FFE70B989DF82310FFF70A
:1055100037F8FFE70B98FEF73BFC0B989DF823103C
:10552000FEF7AAFB8DF822009DF82200FF2821D06B
:10553000FFE79DF82200E8B9FFE79DF822000B99EC
:10554000C1F8D4020B989DF8221000EB8100D0F82E
:10555000B802806868B1FFE70B989DF8221000EB55
:105560008101D1F8B8128A680A9990478DF8210014
:10557000FFE7FFE7FFE704E00B980A99FEF7ACFBB3
:10558000FFE7BDE00B9890F89C02014603910228CA
:1055900004D0FFE70398032838D0A6E09DF8230045
:1055A00050B1FFE79DF82300802805D0FFE70B9856
:1055B0000A99FEF791FB9DE09DF823000006002864
:1055C0000CD5FFE70B989DF8231001F07F0101EB4C
:1055D000810100EB8100143002900CE00B989DF8E3
:1055E000231001F07F0101EB810100EB810000F548
:1055F000AA700290FFE702980990099900200860BC
:105600000B9809990222FEF7A7FB73E09DF823008F
:105610000006002812D5FFE70B989DF8231001F033
:105620000F0101EB810100EB8100808C28B9FFE7BD
:105630000B980A99FEF750FB5CE012E00B989DF87E
:10564000231001F00F0101EB810100EB8100B0F8A4
:10565000640128B9FFE70B980A99FEF73DFB49E082
:10566000FFE79DF82300000600280CD5FFE70B9804
:105670009DF8231001F07F0101EB810100EB810017
:10568000143001900CE00B989DF8231001F07F017D
:1056900001EB810100EB810000F5AA700190FFE7AA
:1056A000019809909DF8230028B1FFE79DF8230099
:1056B000802804D1FFE70999002008600FE00B98CB
:1056C0009DF82310FFF7BCF920B1FFE709990120ED
:1056D000086003E0099900200860FFE7FFE70B98E6
:1056E00009990222FEF738FB04E00B980A99FEF7AD
:1056F000F3FAFFE704E00B980A99FEF7EDFAFFE7EB
:1057000004E00B980A99FEF7E7FAFFE79DF82100FD
:105710000CB080BD0000000080B584B00390029101
:1057200000208DF807000298007800F06000014624
:10573000009140B1FFE70098202804D0FFE70098CF
:1057400040285AD1FFE7039890F89C0201380228BC
:105750004DD8FFE702980079012842D8FFE7039867
:1057600002990979FEF790FA8DF806009DF8060077
:10577000FF2825D0FFE79DF8060008BBFFE7039848
:105780009DF8061000EB8100D0F8B802806890B157
:10579000FFE79DF806000399C1F8D40203989DF82D
:1057A000061000EB8101D1F8B8128A68029990477F
:1057B0008DF8070003E003208DF80700FFE703E002
:1057C00003208DF80700FFE70298C08840B9FFE783
:1057D0009DF8070020B9FFE70398FEF7D9FAFFE725
:1057E00004E003980299FEF777FAFFE704E00398D4
:1057F0000299FEF771FAFFE704E003980299FEF7B9
:105800006BFAFFE79DF8070004B080BD00000000C0
:1058100081B0009001B0704781B0009041F26C50AF
:10582000C2F2004001B0704784B003900291039827
:10583000019002980078009002984078012830D1B9
:10584000FFE70298007800F00F01012000FA01F252
:105850000199D1F81C081043C1F81C08019800995F
:1058600000EB4110D0F800090004002818D4FFE72D
:10587000029988686FF3DF20097940EA8140009A35
:1058800040EA8250019901EB4211D1F800291043FE
:1058900048F20002C1F200021043C1F80009FFE71C
:1058A0002EE00298007800F00F01012000FA01F2CA
:1058B0000199D1F81C0840EA0240C1F81C0801987F
:1058C000009900EB4110D0F8000B0004002816D41A
:1058D000FFE7029988686FF3DF20097940EA814089
:1058E0000199009A01EB4211D1F8002B104348F2C4
:1058F0000002C1F200021043C1F8000BFFE7FFE70E
:10590000002004B07047000082B001900198009020
:105910000099D1F8000940F2FF729043C1F80009E4
:105920000099D1F8040840F48070C1F80408002000
:1059300002B070470000000080B58AB0DDF830C0CA
:10594000CDF814C00493039202919DF814108DF8C1
:1059500024100299039A049B0893079206910190E0
:105960009DF81D00012823D1FFE70199886B20F4E1
:10597000803088630199C8684FF6BF72CFF6BD7258
:105980001040C8600199C86820F44010C8609DF8B4
:105990002400012806D1FFE70199C86840F480106F
:1059A000C860FFE7019800F03FF88DF803001AE0A7
:1059B0000199C86840F04000C860019800F034F8D0
:1059C0008DF803009DF8210030B9FFE70199886B3D
:1059D00040F48030886305E00199886B20F48030C2
:1059E0008863FFE7FFE79DF81A00012816D1FFE75B
:1059F0000199C86D80B2C8650199C86D0022C0F2D6
:105A0000EE321043C8650199886840F0060088604E
:105A10000199886840F020008860FFE79DF8030046
:105A20000AB080BD0000000083B00190002000900B
:105A3000FFE70098013000900098B0F1706F04D932
:105A4000FFE703208DF80B0026E0FFE701980069CF
:105A5000C00F0028EDD0FFE70020009001990869F1
:105A600040F001000861FFE70098013000900098C5
:105A7000B0F1706F04D9FFE703208DF80B000BE045
:105A8000FFE70198006900F001000128ECD0FFE772
:105A900000208DF80B00FFE79DF80B0003B0704766
:105AA00084B00390029103980190029800780090CE
:105AB00002984078012845D1FFE70198009900EB52
:105AC0004110D0F80009C00FA8B1FFE70198009974
:105AD00000EB4111D1F8000940F00060C1F8000965
:105AE0000198009900EB4111D1F8000940F0804085
:105AF000C1F80009FFE70298007800F00F010120CB
:105B000000FA01F3019AD2F83C189943C2F83C1804
:105B10000299097801F00F0100FA01F20199D1F818
:105B20001C089043C1F81C080198009900EB411132
:105B3000D1F8000947F60002CEF633421040C1F812
:105B4000000946E00198009900EB4110D0F8000BE5
:105B5000C00FA8B1FFE70198009900EB4111D1F8FF
:105B6000000B40F00060C1F8000B0198009900EBB9
:105B70004111D1F8000B40F08040C1F8000BFFE765
:105B80000298007800F00F01012000FA01F3019A59
:105B9000D2F83C1821EA0341C2F83C18029909786E
:105BA00001F00F0100FA01F20199D1F81C0820EA76
:105BB0000240C1F81C080198009900EB4111D1F88E
:105BC000000B47F60002CEF6F3721040C1F8000B4E
:105BD000FFE7002004B0704782B001900198009068
:105BE0000099D1F8000E20F00300C1F8000E0099D2
:105BF000D1F8040820F00200C1F80408002002B027
:105C0000704700000000000082B0019001980090F1
:105C10000099D1F8000E20F00300C1F8000E0099A1
:105C2000D1F8040840F00200C1F80408002002B0D6
:105C3000704700000000000080B58CB0DDF838C06F
:105C4000CDF81CC00693059204919DF81C108DF8A8
:105C50002C100499059A069B0A93099208910390C7
:105C600000208DF80B00039901910090FFE7009848
:105C70000E280CD8FFE70398009900EB8101002063
:105C8000C1F80401FFE7009801300090EFE79DF8AC
:105C90002A00B8B9FFE70199D1F8040840F00200E2
:105CA000C1F804080399886B20F4001088630399F5
:105CB000086840F0400008600399086840F08000E0
:105CC000086005E00399886B40F400108863FFE7E3
:105CD00001990020C1F8000E9DF8250001280FD180
:105CE000FFE79DF8230028B9FFE70398002100F0A3
:105CF00087FE04E00398012100F082FEFFE704E044
:105D00000398032100F07CFEFFE70398102100F0C8
:105D1000A7FC20B1FFE701208DF80B00FFE70398F7
:105D200000F062FC20B1FFE701208DF80B00FFE7D7
:105D300001990020C1F810080199C1F814080199CF
:105D4000C1F81C080090FFE700989DF820108842D9
:105D50003BD2FFE70198009900EB4110D0F8000911
:105D6000C00FB0B1FFE7009848B9FFE7019800996C
:105D700000EB41114FF00060C1F8000908E0019804
:105D8000009900EB41114FF09040C1F80009FFE786
:105D900007E00198009900EB41110020C1F80009CB
:105DA000FFE70198009900EB41110020C1F81009AC
:105DB0000198009900EB41114FF67F30C1F80809B6
:105DC000FFE7009801300090BEE700200090FFE759
:105DD00000989DF8201088423BD2FFE70198009977
:105DE00000EB4110D0F8000BC00FB0B1FFE70098F6
:105DF00048B9FFE70198009900EB41114FF00060AE
:105E0000C1F8000B08E00198009900EB41114FF038
:105E10009040C1F8000BFFE707E00198009900EB04
:105E200041110020C1F8000BFFE70198009900EB39
:105E300041110020C1F8100B0198009900EB4111AD
:105E40004FF67F30C1F8080BFFE700980130009053
:105E5000BEE70199D1F8100820F48070C1F810084D
:105E600003990020886103996FF0804048619DF894
:105E7000220030B9FFE70399886940F0100088617B
:105E8000FFE70399886943F60002C8F23C02104319
:105E900088619DF8260030B1FFE70399886940F0DA
:105EA00008008861FFE79DF82A00012808D1FFE774
:105EB000039988690422C4F2000210438861FFE755
:105EC0009DF80B000CB080BD81B0009000998868EF
:105ED00020F001008860002001B070470000000041
:105EE00086B004908DF80F100292049801900498E7
:105EF000006C0090009843F20B01C4F65471884284
:105F00000BD3FFE70198D0F8000BC00F20B1FFE7DB
:105F100000208DF817002EE0FFE701990020C1F85E
:105F2000100B0199D1F8100B40F40020C1F8100BB0
:105F30000199D1F8100B40F01800C1F8100B01992D
:105F4000D1F8100B40F0C040C1F8100B9DF80F00C5
:105F500001280CD1FFE702980199C1F8140B0199AF
:105F6000D1F8000B40F08020C1F8000BFFE70020C3
:105F70008DF81700FFE79DF8170006B07047000086
:105F800084B00390029103980190029800780090E9
:105F900002984078012820D1FFE70198009900EB92
:105FA0004111D1F8000920F40010C1F8000902984D
:105FB0000079032805D0FFE70298007902280BD169
:105FC000FFE70198009900EB4111D1F8000940F07A
:105FD0008050C1F80009FFE71FE00198009900EB2D
:105FE0004111D1F8000B20F40010C1F8000B029809
:105FF0000079032805D0FFE70298007902280BD129
:10600000FFE70198009900EB4111D1F8000B40F037
:106010008050C1F8000BFFE7FFE7002004B0704795
:1060200084B0039002910398019002980078009048
:1060300002984078012822D1FFE70198009900EBEF
:106040004110D0F80009C00F70B9FFE7009858B1AF
:10605000FFE70198009900EB4111D1F8000920F009
:106060008040C1F80009FFE70198009900EB411159
:10607000D1F8000940F40010C1F8000921E00198AE
:10608000009900EB4110D0F8000BC00F70B9FFE78A
:10609000009858B1FFE70198009900EB4111D1F841
:1060A000000B20F08040C1F8000BFFE70198009939
:1060B00000EB4111D1F8000B40F40010C1F8000BC7
:1060C000FFE7002004B0704780B588B007900691C4
:1060D0008DF817200798049006980078039006988A
:1060E0004078012840F01C81FFE706980069F8B964
:1060F000FFE70498039900EB4111D1F810096FF301
:10610000DC40C1F810090498039900EB4111D1F863
:10611000100940F40020C1F810090498039900EB1D
:106120004111D1F810096FF31200C1F8100969E0AC
:106130000498039900EB4111D1F810096FF3120094
:10614000C1F810090498039900EB4111D1F8100926
:106150006FF3DC40C1F810090398A8B9FFE706986F
:1061600081680069884204D9FFE706998868086158
:10617000FFE70498039900EB4111D1F8100940F4AE
:106180000020C1F8100915E00698816800690844EC
:106190000138B0FBF1F10020C1F6F87000EAC1420D
:1061A0000498039900EB4111D1F810091043C1F88C
:1061B0001009FFE7069802696FF3DF42049803991C
:1061C00000EB4111D1F810091043C1F810090698ED
:1061D0000079012815D1FFE70498039900EB4111DC
:1061E000D1F8100920F0C040C1F8100904980399B3
:1061F00000EB4111D1F8100940F00050C1F810092E
:10620000FFE7FFE79DF8170001283BD1FFE706985D
:10621000C06948B1FFE70698C0690499039A01EB89
:106220004211C1F81409FFE70698007901281ED130
:10623000FFE70498D0F80808C00500280BD4FFE752
:106240000498039900EB4111D1F8000940F0005087
:10625000C1F800090AE00498039900EB4111D1F854
:10626000000940F08050C1F80009FFE7FFE70498FB
:10627000039900EB4111D1F8000940F00440C1F846
:1062800000094CE00498039900EB4111D1F8000992
:1062900040F00440C1F8000906980079012813D0A5
:1062A000FFE70698006970B1FFE70698007800F0F4
:1062B0000F01012000FA01F20499D1F834081043CB
:1062C000C1F83408FFE729E00498D0F80808C005B1
:1062D00000280BD4FFE70498039900EB4111D1F893
:1062E000000940F00050C1F800090AE00498039941
:1062F00000EB4111D1F8000940F08050C1F80009CD
:10630000FFE70798069BD9681A781B8A9DF817C083
:10631000EE46CEF800C000F067FCFFE7FFE7C4E000
:106320000498039900EB4111D1F8100B6FF31200A0
:10633000C1F8100B0498039900EB4111D1F8100B30
:106340006FF3DC40C1F8100B039818BBFFE7069809
:10635000006920B1FFE7069988680861FFE70699A0
:10636000886808620698026A6FF3DF42049803990E
:1063700000EB4111D1F8100B1043C1F8100B049839
:10638000039900EB4111D1F8100B40F40020C1F843
:10639000100B49E006980069C0B9FFE706988268CB
:1063A0006FF3DF420498039900EB4111D1F8100B11
:1063B0001043C1F8100B0498039900EB4111D1F878
:1063C000100B40F40020C1F8100B2CE006988168F7
:1063D000006908440138B0FBF1F0ADF80A000699F5
:1063E0008868BDF80A2050430862BDF80A100020F2
:1063F000C1F6F87000EAC1420498039900EB41111C
:10640000D1F8100B1043C1F8100B0698026A6FF315
:10641000DF420498039900EB4111D1F8100B1043AF
:10642000C1F8100BFFE7FFE79DF8170001280ED118
:10643000FFE70698C06848B1FFE70698C06804996E
:10644000039A01EB4211C1F8140BFFE7FFE706982E
:10645000007901281ED1FFE70498D0F80808C0058C
:1064600000280BD4FFE70498039900EB4111D1F801
:10647000000B40F00050C1F8000B0AE004980399AB
:1064800000EB4111D1F8000B40F08050C1F8000B37
:10649000FFE7FFE70498039900EB4111D1F8000BE7
:1064A00040F00440C1F8000BFFE7002008B080BDB9
:1064B00085B004900391002002908DF807000498A5
:1064C00000900398407801283ED1FFE70098039997
:1064D000097800EB4110D0F80009C00F98B3FFE72E
:1064E00000980399097800EB4111D1F8000940F0B8
:1064F0000060C1F8000900980399097800EB411188
:10650000D1F8000940F08040C1F80009FFE7029887
:1065100001300290029842F21171884204D3FFE7E1
:1065200001208DF807000DE0FFE700980399097836
:1065300000EB4110D0F8000900F00040B0F1004F2E
:10654000E5D0FFE7FFE73DE000980399097800EB0D
:106550004110D0F8000BC00F98B3FFE700980399E3
:10656000097800EB4111D1F8000B40F00060C1F850
:10657000000B00980399097800EB4111D1F8000B4A
:1065800040F08040C1F8000BFFE702980130029014
:10659000029842F21171884204D3FFE701208DF87E
:1065A00007000DE0FFE700980399097800EB411020
:1065B000D0F8000B00F00040B0F1004FE5D0FFE74D
:1065C000FFE7FFE79DF8070005B0704700000000F7
:1065D00081B000900099886840F001008860002038
:1065E00001B070470000000083B0019000200090CF
:1065F000FFE70098013000900098B0F1706F04D967
:10660000FFE703208DF80B0024E0FFE70198006905
:10661000C00F0028EDD0FFE7002000900199102066
:106620000861FFE70098013000900098B0F1706FAA
:1066300004D9FFE703208DF80B000BE0FFE701987A
:10664000006900F010001028ECD0FFE700208DF862
:106650000B00FFE79DF80B0003B07047000000003F
:1066600084B00290019100200090FFE70098013073
:1066700000900098B0F1706F04D9FFE703208DF807
:106680000F0026E0FFE702980069C00F0028EDD058
:10669000FFE70020009001988001203002990861F6
:1066A000FFE70098013000900098B0F1706F04D9B6
:1066B000FFE703208DF80F000BE0FFE70298006969
:1066C00000F020002028ECD0FFE700208DF80F001C
:1066D000FFE79DF80F0004B07047000000000000C5
:1066E00084B00390039802900298D0F8080800F054
:1066F00006000090009820B9FFE700208DF8070001
:1067000010E00098022804D0FFE70098062804D182
:10671000FFE702208DF8070003E00F208DF8070047
:10672000FFE7FFE79DF8070004B070470000000096
:1067300081B000900098406900F0010001B07047FE
:1067400083B00290029801900198D0F81808009048
:106750000198D0F81C18009808400090BDF800007F
:1067600003B070470000000083B0029002980190CF
:106770000198D0F8180800900198D0F81C180098DB
:1067800008400090BDF8020003B070470000000010
:1067900086B005908DF81310059803900398D0F8F3
:1067A000100801900398D0F83408009000989DF8E4
:1067B000131001F00F01C84000F00101019840EAF8
:1067C000C110019003989DF8131000EB4110D0F810
:1067D0000809019908400290029806B0704700002D
:1067E00084B003908DF80B100398019001989DF8E8
:1067F0000B1000EB4110D0F8080B00900198D0F876
:106800001418009808400090009804B070470000E9
:1068100082B00190019840690090019881690098C8
:1068200008400090009802B070470000000000008F
:1068300089B008900791ADF81A200898059007983C
:106840000490BDF81A0080080190BDF81A0000F00D
:106850000300ADF8020000200290FFE702980199C2
:10686000884217D2FFE705984FF4805140580499A9
:106870000860049801300490049801300490049852
:1068800001300490049801300490FFE70298013031
:106890000290E3E7BDF8020008B3FFE70020029092
:1068A00005984FF4805140580390FFE703989DF8F6
:1068B0000810C900C840049908700298013002907D
:1068C000049801300490BDF802000138ADF80200D0
:1068D000FFE7BDF802000028E8D1FFE7FFE70498D2
:1068E00009B070470000000080B586B004908DF8B4
:1068F0000F10002002900499C86820F0C040C860C2
:106900009DF80F00012823D1FFE70499C86840F0E3
:106910000050C860FFE70A20EEF722F902980A301B
:106920000290FFE70498FFF703FF014600200129CA
:10693000019007D0FFE702990020C82938BF012045
:106940000190FFE70198C0070028E4D1FFE72AE0A3
:106950009DF80F0010BBFFE70499C86840F0804025
:10696000C860FFE70A20EEF7FBF802980A300290B1
:10697000FFE70498FFF7DCFE01460020009039B1E4
:10698000FFE702990020C82938BF01200090FFE7E7
:106990000098C0070028E5D1FFE703E001208DF84B
:1069A00017000CE0FFE70298C82804D1FFE7012098
:1069B0008DF8170003E000208DF81700FFE79DF821
:1069C000170006B080BD000083B002908DF807105C
:1069D000029800900099D1F8000820F4FE60C1F8F8
:1069E00000089DF8070000F07F020099D1F8000828
:1069F00040EA0210C1F80008002003B07047000010
:106A000083B002908DF80710029800909DF807203F
:106A10000099D1F800081043C1F80008002003B025
:106A2000704700000000000084B0039002918DF8D0
:106A300007209DF80700022840F0B880FFE7029881
:106A40004AF6C041C0F2D80188420BD3FFE7029852
:106A50004EF2BF11C0F2E401884203D8FFE70F20D5
:106A60000090A2E002984EF2C011C0F2E401884208
:106A70000BD3FFE7029842F2FF31C0F2F4018842E3
:106A800003D8FFE70E2000908EE0029842F200410A
:106A9000C0F2F40188420BD3FFE7029847F27F313E
:106AA000C0F20611884203D8FFE70D2000907AE07B
:106AB000029847F28031C0F2061188420BD3FFE7FB
:106AC000029844F69F11C0F21A11884203D8FFE7DA
:106AD0000C20009066E0029844F6A011C0F21A1152
:106AE00088420BD3FFE7029842F6FF41C0F2311112
:106AF000884203D8FFE70B20009052E0029842F64C
:106B00000051C0F2311188420BD3FFE702984AF2DC
:106B10003F41C0F24C11884203D8FFE70A200090A1
:106B20003EE002984AF24041C0F24C1188420BD339
:106B3000FFE7029843F2FF51C0F26E11884203D87A
:106B4000FFE7092000902AE0029843F20061C0F2BA
:106B50006E1188420BD3FFE702984AF61F31C0F24C
:106B6000A611884203D8FFE70820009016E002989B
:106B70004AF62031C0F2A61188420BD3FFE70298F3
:106B800044F2FF71C0F2E811884203D8FFE7072002
:106B9000009002E006200090FFE7FFE7FFE7FFE735
:106BA000FFE7FFE7FFE7FFE7FFE70AE09DF80700E1
:106BB00018B9FFE70920009002E009200090FFE7E4
:106BC000FFE70399C86820F47050C860009800F08F
:106BD0000F020399C86840EA8220C860002004B010
:106BE000704700000000000080B588B084460A9815
:106BF000CDF81CC006918DF81720ADF814308DF833
:106C0000130007980390069802909DF8130048BB64
:106C1000FFE7BDF8140003308008019000200090C9
:106C2000FFE70098019988421BD2FFE702980068AD
:106C300003999DF8172001EB02314FF480528850E0
:106C400002980130029002980130029002980130BF
:106C50000290029801300290FFE700980130009006
:106C6000DFE7FFE7002008B080BD00000000000063
:106C7000FFE7FEE70000000080B50BF0E1FA80BD01
:106C800080B50BF0C5FA80BD80B584B0039041F2A9
:106C90000400CEF20000006802900298039909688F
:106CA000401A00EE100AB8EE400A40F21040C2F25C
:106CB000004090ED001AB8EE411A80EE010A8DED09
:106CC000010A02980399086000F01EFE9DED010A7A
:106CD00004B080BD0000000083B002908DED010A79
:106CE000CDED000A029890ED000A9DED011AB4EE78
:106CF000410AF1EE10FA04DAFFE701980299086000
:106D00000FE0029890ED000A9DED001AB4EE410AE2
:106D1000F1EE10FA04DDFFE7009802990860FFE742
:106D2000FFE703B07047000085B004908DF80F10A6
:106D3000049845F20C31C2F2004188423FD1FFE78E
:106D40009DF80F00013801460191072836D80199B6
:106D5000DFE801F0040A10161C22282E40F2502011
:106D6000C2F20040029029E040F25820C2F20040F6
:106D7000029023E040F26020C2F2004002901DE049
:106D800040F26820C2F20040029017E040F270200A
:106D9000C2F20040029011E040F27820C2F20040BE
:106DA00002900BE040F28020C2F20040029005E029
:106DB00040F28820C2F200400290FFE747E00498CA
:106DC00045F2AC31C2F2004188423FD1FFE79DF865
:106DD0000F00013801460091072836D80099DFE8F6
:106DE00001F0040A10161C22282E40F22830C2F2AC
:106DF0000040029029E040F23030C2F200400290A0
:106E000023E040F23830C2F2004002901DE040F230
:106E10004030C2F20040029017E040F24830C2F227
:106E20000040029011E040F25030C2F20040029067
:106E30000BE040F25830C2F20040029005E040F210
:106E40006030C2F200400290FFE7FFE7FFE70298E0
:106E500005B070470000000085B004908DF80F1059
:106E6000049845F20C31C2F2004188423FD1FFE75D
:106E70009DF80F00013801460191072836D8019985
:106E8000DFE801F0040A10161C22282E40F2F81048
:106E9000C2F20040029029E040F20020C2F200401D
:106EA000029023E040F20820C2F2004002901DE070
:106EB00040F21020C2F20040029017E040F2182089
:106EC000C2F20040029011E040F22020C2F20040E5
:106ED00002900BE040F22820C2F20040029005E050
:106EE00040F23020C2F200400290FFE747E00498F1
:106EF00045F2AC31C2F2004188423FD1FFE79DF834
:106F00000F00013801460091072836D80099DFE8C4
:106F100001F0040A10161C22282E40F2D020C2F2E2
:106F20000040029029E040F2D820C2F200400290D6
:106F300023E040F2E020C2F2004002901DE040F267
:106F4000E820C2F20040029017E040F2F020C2F2C6
:106F50000040029011E040F2F820C2F2004002909E
:106F60000BE040F20030C2F20040029005E040F237
:106F70000830C2F200400290FFE7FFE7FFE7029807
:106F800005B070470000000086B005908DF8131022
:106F9000059845F20C31C2F2004188425BD1FFE70F
:106FA0009DF813000138014602910A2852D802992F
:106FB000DFE801F0060C131A21272E353C42490068
:106FC00040F24020C2F20040039043E040F24020F3
:106FD000C2F20040023003903CE040F24020C2F296
:106FE00000400430039035E040F24020C2F20040FF
:106FF000063003902EE040F23820C2F200400390A9
:1070000028E040F23820C2F200400230039021E034
:1070100040F23820C2F20040043003901AE040F2FF
:107020003820C2F200400630039013E040F24820BE
:10703000C2F2004003900DE040F24820C2F200404E
:107040000230039006E040F24820C2F200400430D3
:107050000390FFE7C7E0059845F2AC31C2F200416A
:1070600088425BD1FFE79DF813000138014601918A
:107070000A2852D80199DFE801F0060C131A2127DB
:107080002E353C42490040F21830C2F200400390D5
:1070900043E040F21830C2F20040023003903CE07E
:1070A00040F21830C2F200400430039035E040F264
:1070B0001830C2F20040063003902EE040F210304B
:1070C000C2F20040039028E040F21030C2F20040CB
:1070D0000230039021E040F21030C2F20040043050
:1070E00003901AE040F21030C2F2004006300390E4
:1070F00013E040F22030C2F2004003900DE040F275
:107100002030C2F200400230039006E040F220300E
:10711000C2F2004004300390FFE763E0059845F2B7
:107120004C41C2F2004188425BD1FFE79DF8130059
:107130000138014600910A2852D80099DFE801F091
:10714000060C131A21272E353C42490040F2C83064
:10715000C2F20040039043E040F2C830C2F2004067
:10716000023003903CE040F2C830C2F200400430EC
:10717000039035E040F2C830C2F200400630039080
:107180002EE040F2C030C2F20040039028E040F20E
:10719000C030C2F200400230039021E040F2C03023
:1071A000C2F20040043003901AE040F2C030C2F254
:1071B00000400630039013E040F2D030C2F20040AD
:1071C00003900DE040F2D030C2F200400230039054
:1071D00006E040F2D030C2F2004004300390FFE7F6
:1071E000FFE7FFE7FFE7039806B0704700000000E5
:1071F00080B582B000F024F840F68000C2F2004072
:1072000090ED000AB8EE400A818801EE101AB8EE3F
:10721000C11A9FED092AA1EE020AC08801EE100AE8
:10722000B8EEC11A9FED052AA1EE020A8DED010A02
:107230009DED010A02B080BD6F12833ABD378635DD
:10724000B0B586B000F060FB41F20400CEF2000061
:107250000068059040F22C40C2F200400168059899
:10726000002302934FF0FF3C1A46E1FB0C0240F270
:107270002041C2F2004100914A60086008684968F4
:1072800040F21044C2F200442268E9F73FF8029B42
:1072900002468C46009942F2A070C2F20040C0F84B
:1072A00004C00260D1F800C04968D0F800E042682C
:1072B0002468AEFB04E502FB0452BCEB0E0C61EB50
:1072C000020242F2A871C2F200410391C1F800C06B
:1072D0004A60006840F68002C2F2004204921060E8
:1072E0000868496840F21442C2F2004201921268F2
:1072F000E9F70CF8DDF804C0029B049A01460398F4
:107300009180016840689288DCF800C002FB0CF2B2
:107310008A1A60F1000042F2B071C2F200410A60C4
:1073200048600868496840F21842C2F20042126898
:10733000E8F7ECFF0499C88006B0B0BD000000007B
:1073400087B08DED060ACDED050A8DED041A039088
:1073500002919DED060A9DED052A30EE420A9DED53
:10736000041A31EE421A80EE010A8DED010A9DEDFC
:10737000011A02990398091A00EE101AB8EEC02AF1
:1073800000EE100AB8EEC00AA1EE020ABDEEC00A75
:107390008DED000A009807B0704700000000000063
:1073A00087B00690059104928DED030ACDED020A97
:1073B00006980599401A00EE100AB8EEC00A049823
:1073C000401A01EE100AB8EEC11A80EE010A8DEDE6
:1073D000010A9DED011A9DED022A9DED030A32EE90
:1073E000402AA1EE020A8DED000A9DED000A07B0C9
:1073F000704700000000000080B582B00190ADF839
:107400000210019942F65800C2F2004041F288325F
:10741000104401F06DFF01980078A9280CD1FFE716
:1074200001984078532807D1FFE742F65800C2F28E
:10743000004004F05DFDFFE702B080BD00000000E9
:1074400080B584B00390ADF80A10039942F6580055
:10745000C2F20040019041F2EC22104401F038FBEE
:10746000019804F045FD04B080BD0000000000005C
:1074700083B002900191ADF8022003B07047000084
:1074800080B582B045F60470C2F20040FFF7FCFB05
:1074900045F60070C2F200400168013101600068E9
:1074A000B0F5FA6F07D9FFE745F61471C2F2004153
:1074B00001200870FFE742F65800C2F2004005F0D4
:1074C0006BF945F61470C2F200400078C00700283E
:1074D00053D0FFE742F65800C2F20040019042F25A
:1074E0006011084408F030FF019842F2B8110844D6
:1074F00009F062F842F62C00C2F200400BF0C8FE20
:1075000042F2B870C2F200400168013101600068C7
:1075100002280DD1FFE742F65800C2F2004005F004
:10752000C3F842F2B871C2F2004100200860FFE7E0
:10753000F9F7B2FC40F2D440C2F20040FAF7E4F9A5
:1075400042F2BC70C2F20040016801310160006883
:107550000A2811D1FFE742F65800C2F2004000901D
:1075600004F076FF009805F013F842F2BC71C2F205
:10757000004100200860FFE7FFE745F60470C2F213
:107580000040FFF781FB40F23040C2F2004080ED46
:10759000000A02B080BD000083B002900298019002
:1075A0000298009001980178407840EA0120009903
:1075B000088003B07047000084B0039002910398E4
:1075C0000190029800900198407800990870019805
:1075D00000780099487004B0704700000000000077
:1075E00080B584B00290ADF806100020ADF804001C
:1075F000029828B1FFE7BDF80600022804DCFFE787
:1076000000208DF80F002EE00298BDF80610023918
:1076100040F2BA12C2F20042128889B200F05CFA5B
:10762000ADF804009DF80410029ABDF8060010445D
:1076300010F8022C0020914200900ED1FFE79DF837
:107640000500029ABDF80610114411F8011C401AF9
:10765000B0FA80F040090090FFE7009800F00100C8
:107660008DF80F00FFE79DF80F0004B080BD00000B
:1076700080B545F60470C2F20040FFF705FBB0EE9E
:10768000401AB7EE000A80EE010A40F23040C2F222
:10769000004080ED000A42F65800C2F2004041F27C
:1076A000B84108440AF050F880BD00000000000016
:1076B00080B582B00190019800680090A1282AD07E
:1076C000FFE70098A22833D0FFE7009840F201219D
:1076D000884206D0FFE7009840F2022188420DD090
:1076E00033E0019800F1280142F65800C2F2004050
:1076F00041F69462104407F07FFC26E0019800F107
:10770000280142F65800C2F2004041F6B47210441B
:1077100007F072FC19E0019800F1280142F65800C8
:10772000C2F2004041F20842104402F031FC0CE089
:10773000019800F1280142F65800C2F2004041F6DB
:107740006832104407F030FFFFE702B080BD000050
:1077500080B582B0019001980068009068281FD021
:10776000FFE70098892822D0FFE70098A12825D0BC
:10777000FFE7009840F24111884205D0FFE70098EA
:10778000B0F5017F55D061E0019800F1280142F683
:107790005800C2F2004000F5C65005F071FB55E0FC
:1077A00042F65800C2F2004004F002FE4EE042F6FB
:1077B0005800C2F2004004F0D3FE47E045F60870DE
:1077C000C2F20040FFF760FAB0EE401AB7EE000ACE
:1077D00080EE010A40F23440C2F2004080ED000A1F
:1077E00090ED000A9FED1A1AB4EE410AF1EE10FA7C
:1077F00012DAFFE742F65800C2F2004041F2B84107
:107800000844002101F06CFE42F62C00C2F2004058
:1078100005210BF021FDFFE7019800F1280142F658
:107820005800C2F2004041F64C22104407F0BCFE62
:107830000CE0019800F1280142F65800C2F2004025
:1078400041F68452104407F05FF9FFE702B080BDB3
:107850000000C8420000000081B0009001B07047F5
:1078600081B08DED000A9DED000AB0EEC00A01B0B6
:10787000704700000000000082B08DED010A9DED10
:10788000010AB5EE400AF1EE10FA05DDFFE79DEDC5
:10789000010A8DED000A06E09DED010AB1EE400AF5
:1078A0008DED000AFFE79DED000A02B07047000071
:1078B00083B08DED020A41F20400CEF200000068B0
:1078C000019002980090FFE741F20400CEF2000020
:1078D00000680199401A00EE100AB8EE400A9DEDCA
:1078E000001A40F21040C2F2004090ED002AB8EEBB
:1078F000422A21EE021AB4EE410AF1EE10FA01DA40
:10790000FFE7E1E703B0704781B041F20400CEF237
:10791000000000680090009840F22841C2F2004147
:107920000968884208D2FFE740F22C41C2F20041C8
:10793000086801300860FFE7009840F22841C2F271
:107940000041086001B0704780B584B0039003998E
:10795000002001900874039BD3F8F400596845F6A1
:107960001272C2F20042009212889B7B5A43E8F7DF
:10797000FEFC0099039A50680988927B5143E8F70E
:107980000FFD0099039AD2F818010988927B5143A0
:107990005143E8F705FD0099039AD2F80C010988D4
:1079A000137B927B59435143E8F7FAFC01988DF819
:1079B0000B00FFE79DF80B000399897B884243DAAF
:1079C000FFE70398D0F8F4009DF80B1000EB81005E
:1079D00090ED000AB5EE400AF1EE10FA2DD0FFE767
:1079E000039AD2F8F4109DF80B0051F82000127C95
:1079F00041F822009DF80B00039A516A127C8854CA
:107A0000DDF80CC0DCF818009DF80BE050F82E00F3
:107A1000DCF80C119CF80C209CF81030DCF814C039
:107A20001CF80EC012FB03C201EB820141F8040CEA
:107A30000399087C01300874FFE7FFE79DF80B000D
:107A400001308DF80B00B5E700208DF80A00FFE744
:107A50009DF80A000399097C884216DAFFE7039B28
:107A6000D869596A9DF80A20895C50F82100D3F83A
:107A700018111B7C12FB032241F82200FFE79DF83E
:107A80000A0001308DF80A00E2E70399087CA1F8AA
:107A900078000399087BA1F87A000399087BA1F884
:107AA00080000399087CA1F882000399087CA1F862
:107AB00090000399087CA1F892000399087BA1F833
:107AC00098000399087CA1F89A000399087CA1F812
:107AD000480004B080BD000084B00290ADF80610EC
:107AE000ADF80420029828B9FFE74FF6FF70ADF813
:107AF0000E0023E0FFE7BDF80600411EADF80610BA
:107B0000B8B1FFE70298411C029100788DF803009C
:107B1000BDF804109DF803004840C2B244F694201A
:107B2000C0F6020030F8120080EA1120ADF804001F
:107B3000E1E7BDF80400ADF80E00FFE7BDF80E0068
:107B400004B070470000000080B588B0079006912F
:107B5000069805900798D0F8EC0090ED000A30EEFA
:107B6000000A42F2D470C2F20040019080ED000A97
:107B70000798D0F8EC0090ED010A30EE000A42F2CE
:107B8000D870C2F20040029080ED000A0798D0F849
:107B9000EC0090ED020A30EE000A42F2DC70C2F214
:107BA0000040039080ED000A0798D0F8EC0090EDBB
:107BB000030A30EE000A42F2E070C2F20040049084
:107BC00080ED000A079BD3F80C0145F61271C2F252
:107BD000004109881A7B9B7B59435143E8F7E0FB3E
:107BE000019B029A0399049891ED000AB1EE400AB4
:107BF000DDF81CC0DCF80CC18CED000AD0F800C028
:107C0000DDF81CE0DEF80CE1CEF804C093ED000ACC
:107C1000B1EE400ADDF81CC0DCF80CC18CED020AA4
:107C2000D2F800C0DDF81CE0DEF80CE1CEF80CC0A4
:107C3000D2F800C0DDF81CE0DEF80CE1CEF818C088
:107C4000D3F800C0DDF81CE0DEF80CE1CEF81CC073
:107C5000D0F800C0DDF81CE0DEF80CE1CEF820C062
:107C6000D1F800C0DDF81CE0DEF80CE1CEF824C04D
:107C70001B68DDF81CC0DCF80CC1CCF8303092ED8C
:107C8000000AB1EE400A079AD2F80C2182ED0D0AE3
:107C900091ED000AB1EE400A0799D1F80C1181ED7F
:107CA0000E0A00680799D1F80C11C86308B080BDAE
:107CB00080B584B003900291029801900398D0F8A7
:107CC000F81040F25400C2F200409022E8F74FFB57
:107CD0000398D0F81C1140F28840C2F200404822BC
:107CE0000092E8F744FB009A0398D0F80C1140F298
:107CF0004040C2F20040E8F73AFB04B080BD00000B
:107D000080B588B00790069106980590079901F113
:107D1000780080310AF040FF079981F8C800079980
:107D2000B1F87800A1F8A8000799B1F85A00A1F8B5
:107D3000AA00079A02F1780002F15801A8320AF06D
:107D40003BFE079981F8C8000799B1F8A800A1F88F
:107D5000B0000799B1F88200A1F8B200079A02F1C9
:107D6000A80002F18001B0320AF026FE079981F8DE
:107D7000C8000799B1F89000A1F8A0000799B1F8E0
:107D80009200A1F8A200079A02F1B00002F190015E
:107D9000A0320AF0E9FA079981F8C800079901F1C1
:107DA000A000B0310AF028FB079981F8C8000798B5
:107DB000D0F8EC00006842F2E473C2F200431860AD
:107DC0000798D0F8EC00406842F2E872C2F2004234
:107DD00010600798D0F8EC00806842F2EC71C2F2B3
:107DE000004108600798D0F8EC00D0F80CC042F2CF
:107DF000F070C2F20040C0F800C0DDF81CE0BEF830
:107E000078C0AEF8B8C0DDF81CE04FF0010CAEF859
:107E1000BAC092ED001A90ED002A93ED000A91EDA0
:107E2000003A20EE030A91EE020A30EE000ADDF875
:107E30001CC0DCF82CC18CED000A93ED001A92ED09
:107E4000002A91ED000A90ED003A20EE030AA1EE1F
:107E5000020A30EE000ADDF81CC0DCF82CC18CED03
:107E6000010A93ED001A92ED000A20EE000A91EE4D
:107E7000010A91ED001AA1EE410A90ED001AA1EE5F
:107E8000010A0798D0F82C0180ED020A00208DF835
:107E90001300FFE79DF8130002281BDCFFE707989B
:107EA000D0F82C019DF8131000EB810090ED000A32
:107EB000B0EEC00A0BF086FB05989DF8131000EB9E
:107EC000810080ED610AFFE79DF8130001308DF815
:107ED0001300DFE70799B1F84800A1F8C00007993F
:107EE00001200290A1F8C200079A02F1480002F1B5
:107EF000B801C0320AF01CFE01460298079A82F8C7
:107F0000C810079AB2F8C010A2F8A8100799A1F8F3
:107F1000AA00079A02F1B00002F1C001A8320AF0EB
:107F20004BFD01460298079A82F8C8100799A1F8FC
:107F3000B8000799B1F8C000A1F8BA00079901F19B
:107F4000C000B8310AF028FE079981F8C8000799E7
:107F500001F1B800A831059A02F5E2720AF02CFD91
:107F6000079981F8C800059890ED730A90ED741A8E
:107F7000B6EE002A21EE021AB4EE410AF1EE10FA32
:107F800005DAFFE70599012081F83801FFE7059838
:107F900090ED730A90ED741AB4EE410AF1EE10FA06
:107FA00052DDFFE7059890F8380100284CD0FFE734
:107FB000059890F8390168B1FFE70599D1F840219B
:107FC000D1F84401013240F10000C1F84021C1F86C
:107FD000440106E005990020C1F84401C1F84001C0
:107FE000FFE70598D0F84011D0F84401333970F11B
:107FF000000008D3FFE70599002081F838010799B0
:1080000081F82C001FE0079BD3F8E800D3F8EC10B0
:1080100045F61272C2F20042019212881B7B5A434B
:10802000E8F7A5F9019A079BD3F8F800D3F8FC10FC
:1080300012881B7B5A435A43E8F799F907990120A4
:1080400081F82C003FE133E0059890ED730A90ED44
:10805000741A9FED9E2A21EE021AB4EE410AF1EE47
:1080600010FA15DDFFE7059890F8380180B1FFE7B9
:10807000059890ED730A90ED741A31EE400A9FED69
:10808000942A21EE021A80EE010A80ED670A05E0CB
:1080900005994FF07E50C1F89C01FFE7059900203B
:1080A000C1F84401C1F84001079981F82C00FFE7AD
:1080B0000799B1F85800A1F8A8000799B1F8820013
:1080C000A1F8AA00079A02F1580002F18001A83233
:1080D0000AF072FC079981F8C800079A02F1A8001B
:1080E00002F1B00198320AF067FC079981F8C800E4
:1080F00000208DF81200FFE79DF81200079AB2F8F1
:108100009810B2F89A205143884217DAFFE7059891
:1081100090ED671A0798D0F81C019DF8121000EB3B
:10812000810090ED000A20EE010A80ED000AFFE7D1
:108130009DF8120001308DF81200DDE704208DF863
:108140001100FFE79DF81100052832DCFFE7002051
:108150008DF81000FFE79DF81000022822DCFFE7F1
:1081600005989DF8111000EB810090ED5D0A9FEDE0
:108170005B1A80EE011A0798D0F81C0101EB41014F
:108180009DF81020114400EB810090ED000A20EED4
:10819000010A80ED000AFFE79DF8100001308DF81C
:1081A0001000D8E7FFE79DF8110001308DF81100AD
:1081B000C8E70799B1F89800A1F8B800079901201D
:1081C000A1F8BA00079A02F1980002F1C001B83292
:1081D0000AF0F2FB079981F8C800059890F8380179
:1081E00000285FD0FFE704208DF80F00FFE79DF81F
:1081F0000F00052855DCFFE70798D0F8BC009DF874
:108200000F1000EB810090ED000A059890ED701AB8
:108210009FED302A21EE021AB4EE410AF1EE10FA77
:1082200011DDFFE7059890ED700A9FED2A1A20EE08
:10823000010A0798D0F8BC009DF80F1000EB8100F0
:1082400080ED000AFFE70798D0F8BC009DF80F10FA
:1082500000EB810090ED000A059890ED701A9FEDFB
:108260001E2A21EE021AB4EE410AF1EE10FA11DADA
:10827000FFE7059890ED700A9FED171A20EE010AAE
:108280000798D0F8BC009DF80F1000EB810080ED3E
:10829000000AFFE7FFE79DF80F0001308DF80F009F
:1082A000A5E7FFE70798D0F8BC100020C860079A40
:1082B00002F1380002F1B80130320AF055F807999E
:1082C00081F8C800FFE708B080BD00BFCDCCCC3D31
:1082D0006666663F0AD7233C0AD723BCDA0FC93F3C
:1082E00080B584B003900291029801900398D0F871
:1082F000EC00006842F2F473C2F200431860039885
:10830000D0F8EC00406842F2F872C2F2004210600D
:108310000398D0F8EC00806842F2FC71C2F2004190
:1083200008600398D0F8EC00D0F80CC042F60000CA
:10833000C2F20040C0F800C093ED001A92ED000AAE
:1083400020EE000AA1EE010A91ED001AA1EE010A49
:1083500090ED001AA1EE010A00F0FAF842F60400CE
:10836000C2F2004080ED000A00208DF80300FFE714
:108370009DF8030003281ADCFFE742F60400C2F26E
:10838000004090ED001A0398D0F8EC009DF803101F
:1083900000EB810090ED000A20EE010A80ED000A5A
:1083A000FFE79DF8030001308DF80300E0E742F29B
:1083B000F870C2F2004090ED000A019991ED701A38
:1083C00020EE010AB6EE002A20EE020A0399D1F847
:1083D000001181ED040A42F2FC71C2F2004191EDFC
:1083E000000A019A92ED701A20EE010A20EE020AAC
:1083F000039AD2F8002182ED050A42F2F472C2F229
:10840000004292ED000A019B93ED701A20EE010AE2
:10841000BEEE001A20EE010A039BD3F8003183ED73
:108420000A0A42F60003C2F2004393ED000ADDF8A7
:1084300004C09CED703A20EE030A20EE020ADDF83B
:108440000CC0DCF800C18CED0B0A93ED000A019B17
:1084500093ED703A20EE030A20EE010A039BD3F855
:10846000003183ED100A92ED000A019A92ED703A04
:1084700020EE030A20EE010A039AD2F8002182EDD1
:10848000110A91ED000A019991ED703A20EE030A6C
:1084900020EE020A0399D1F8001181ED160A90ED41
:1084A000000A019890ED702A20EE020A20EE010ADF
:1084B0000398D0F8000180ED170A019890ED751A25
:1084C0000398D0F8F80090ED1C0A80EE010A80EDC8
:1084D0001C0A019890ED751A0398D0F8F80090EDF9
:1084E000230A80EE010A80ED230A0398D0F8F800F1
:1084F00090ED1C0A9FED141AB4EE410AF1EE10FA49
:1085000009DDFFE70398D0F8F81044F20000C4F248
:108510001C600867FFE70398D0F8F80090ED230A85
:108520009FED091AB4EE410AF1EE10FA0ADDFFE7F9
:108530000398D0F8F81044F20000C4F21C60C1F8AF
:108540008C00FFE704B080BD00401C460000000026
:1085500084B08DED030A9DED030AB6EE001A20EEFD
:10856000010A8DED020A039801900198009000998C
:1085700045F68620C5F63770A0EB610000900098A4
:1085800001909DED011A9DED020A20EE012ABFEE39
:10859000080AA2EE010A20EE410A8DED010A9DEDC6
:1085A000010A04B07047000081B00090009890ED7F
:1085B0001B0A01B07047000081B00090009890ED58
:1085C0001C0A01B07047000081B00090009890ED47
:1085D0001E0A01B07047000081B00090009890ED35
:1085E0001F0A01B07047000081B00090009890ED24
:1085F000200A01B07047000081B00090009890ED13
:10860000190A01B07047000081B00090009890ED09
:108610001A0A01B07047000087B0069005918DF8E6
:1086200013208DF812309DF81200014603910128A5
:1086300008D0FFE70398022820D0FFE7039803281B
:1086400038D053E09DF8130001460291012808D06C
:10865000FFE70298022808D0FFE70298032808D015
:108660000BE005990020087007E0059904200870C8
:1086700003E0059901200870FFE737E09DF813003B
:1086800001460191012808D0FFE70198022808D08F
:10869000FFE70198032808D00BE005990220087035
:1086A00007E005990620087003E005990520087089
:1086B000FFE71BE09DF8130001460091012808D058
:1086C000FFE70098022808D0FFE70098032808D0A9
:1086D0000BE005990220087007E005990420087056
:1086E00003E0059903200870FFE7FFE707B0704734
:1086F00010B59EB007902698059025980190249873
:1087000002902398039022980690DDF884C0209868
:10871000CDF860C017901693159214910DF1660074
:1087200014A912220492E7F722FEDDF804C0029B8E
:108730000399049ADDF814E00698CDF838E0CDF8F6
:1087400034C00C930B910A900DF13E000AA9E7F793
:108750000EFE0798099009980890DDF866006FF3FF
:10876000DF20DDF83E106FF3DF21884230D1FFE7D4
:10877000DDF86600C0F3CA20DDF83E10C1F3CA215F
:10878000884225D1FFE7BDF86A10DDF86600800D4C
:1087900040EA81206FF3DF20BDF84220DDF83E1073
:1087A000890D41EA82216FF3DF21884210D1FFE772
:1087B000BDF86A00C0F34A00BDF84210C1F34A0197
:1087C000884205D1FFE70899002081F8610004E0A4
:1087D0000899012081F86100FFE71EB010BD00007C
:1087E00081B00090009890F8600001B070470000E0
:1087F00081B00090009890F8740001B070470000BC
:1088000081B00090009890F8750001B070470000AA
:108810002DE9F043A7B02690269811900168D1F871
:108820008430D1F88820D1F88CC0D1F890E0C0F81D
:108830001CE0C0F818C04261024642F8103F09929D
:10884000B1F8941001840168843125912599096853
:108850006FF3DF2100EE101AB8EEC00A90ED022A85
:1088600090ED031A30EE420A80EE010A80ED190AFB
:1088700025990968C1F3CA2100EE101AB8EEC00AA2
:1088800090ED022A90ED031A30EE420A80EE010AC2
:1088900080ED1A0A25998A880968890D41EA8221A2
:1088A0006FF3DF2100EE101AB8EEC00A90ED022A35
:1088B00090ED031A30EE420A80EE010A80ED1B0AA9
:1088C00025998988C1F34A0100EE101AB8EEC00A52
:1088D00090ED022A90ED031A30EE420A80EE010A72
:1088E00080ED1C0A00F17401259A9288920B00F128
:1088F00022030893C38C9B0BFFF78EFE119800F1A7
:108900007501259A9288C38CC3F30133C2F30132F7
:10891000FFF782FE08991198259A128A6FF3DF22D9
:1089200000EE102AB8EEC00A90ED022A90ED031A6C
:1089300030EE420A80EE010A80ED260A0DF1820037
:108940000A9012220C92E7F712FD09990C9A1CA8C2
:108950000B90E7F70CFD0A990C9A17A8E7F707FDAB
:108960000B990C9A17980E9018980F9019981090D0
:108970001A980D901B9C12A8E7F7F9FCDDF834C09B
:108980000E990F9A109B1198129D139E149FDDF85B
:108990005480DDF85890EE46CEF81890CEF814804A
:1089A000CEF81070CEF80C60CEF80850CEF8044027
:1089B000CEF800C0FFF79CFE27B0BDE8F0830000B2
:1089C00081B00090009890F8880001B070470000D6
:1089D00081B00090009890F8950001B070470000B9
:1089E00081B00090009890F8930001B070470000AB
:1089F00081B00090009890F8890001B070470000A5
:108A000081B00090009890F88D0001B07047000090
:108A100081B00090009890F88F0001B0704700007E
:108A200081B00090009890F8900001B0704700006D
:108A300081B00090009890F88C0001B07047000061
:108A400081B00090009890F88E0001B0704700004F
:108A500081B00090009890F8870001B07047000046
:108A600081B00090009890F8940001B07047000029
:108A700081B00090009890F8860001B07047000027
:108A800081B00090009890F8910001B0704700000C
:108A900081B00090009890F8840001B07047000009
:108AA00081B00090009890F8850001B070470000F8
:108AB00081B00090009890F88B0001B070470000E2
:108AC00081B00090009890F88A0001B070470000D3
:108AD00080B584B00390029103980190C16C01317C
:108AE000C164FFF795FE019901F122000968843104
:108AF0001222E7F73CFC04B080BD0000000000003B
:108B000082B0019001990091C86C096D884210D122
:108B1000FFE70099486D896D88420AD1FFE7009907
:108B2000002081F86000B1F85C000130A1F85C0021
:108B300004E00099012081F86000FFE70099C86C0B
:108B40000865486D886502B07047000000000000AD
:108B500084B00390029101920398009002980068FB
:108B600041F20001C4F20101884207D1FFE70099F8
:108B700040F6D810C2F20040086054E00298006845
:108B800044F20041C4F20001884207D1FFE7009996
:108B900040F6E820C2F20040086043E00298006816
:108BA00044F60001C4F20001884207D1FFE70099B2
:108BB00040F6F830C2F20040086032E002980068E7
:108BC00044F60041C4F20001884207D1FFE7009952
:108BD00040F60850C2F20040086021E002980068A8
:108BE00045F20001C4F20001884207D1FFE7009975
:108BF00040F61860C2F20040086010E00298006879
:108C000041F20041C4F20101884207D1FFE7009917
:108C100040F62870C2F200400860FFE7FFE7FFE778
:108C2000FFE7FFE7FFE70198006841F20001C4F2A7
:108C30000101884207D1FFE7009940F6D810C2F23F
:108C40000040486054E00198006844F20041C4F2DA
:108C50000001884207D1FFE7009940F6E820C2F200
:108C60000040486043E00198006844F60001C4F207
:108C70000001884207D1FFE7009940F6F830C2F2C0
:108C80000040486032E00198006844F60041C4F2B8
:108C90000001884207D1FFE7009940F60850C2F270
:108CA0000040486021E00198006845F20001C4F2EC
:108CB0000001884207D1FFE7009940F61860C2F230
:108CC0000040486010E00198006841F20041C4F2A1
:108CD0000101884207D1FFE7009940F62870C2F2EF
:108CE00000404860FFE7FFE7FFE7FFE7FFE7FFE738
:108CF00004B070470000000081B00090009890ED33
:108D0000260A01B07047000081B0009000984FF033
:108D1000894181600021C4F22541C1600021C16404
:108D2000016541658165A0F85C10A0F85E1080F8CF
:108D3000601080F8611001B0704700000000000072
:108D400081B00090009890ED110A01B070470000CA
:108D500081B00090009890ED120A01B070470000B9
:108D600081B00090009890F85C0001B0704700005E
:108D700081B00090009890ED180A01B07047000093
:108D800081B00090009890ED190A01B07047000082
:108D900081B00090009890ED1A0A01B07047000071
:108DA00081B00090009890ED130A01B07047000068
:108DB00081B00090009890ED140A01B07047000057
:108DC00081B00090009890F85B0001B070470000FF
:108DD00086B0059004918DF80F208DF80E309DF827
:108DE0000E000146029120B1FFE70298012813D03E
:108DF00025E09DF80F000146019120B1FFE70198A1
:108E0000012804D007E004990020087003E00499C9
:108E100002200870FFE712E09DF80F000146009164
:108E200040B1FFE70098012808D1FFE7049901202D
:108E3000087003E0049903200870FFE7FFE706B01D
:108E4000704700000000000087B0069005918DF883
:108E500013208DF812309DF812000146039140B1A5
:108E6000FFE7039801281FD0FFE70398022836D0B8
:108E700050E09DF813000146029140B1FFE70298CF
:108E8000012808D0FFE70298022808D00BE00599D6
:108E90000020087007E005990320087003E0059999
:108EA00007200870FFE735E09DF8130001460191A7
:108EB00060B1FFE70198012804D0FFE7019802287C
:108EC00008D00BE005990120087007E005990420FF
:108ED000087003E0059905200870FFE71AE09DF887
:108EE00013000146009180B1FFE70098012808D0E7
:108EF000FFE7009802280CD1FFE7059902200870CF
:108F000007E005990620087003E00599082008701D
:108F1000FFE7FFE707B0704786B0059004918DF832
:108F20000F208DF80E309DF80E000146029120B101
:108F3000FFE70298012813D025E09DF80F000146B5
:108F4000019120B1FFE70198012804D007E00499BE
:108F50000020087003E0049902200870FFE712E087
:108F60009DF80F000146009140B1FFE700980128ED
:108F700008D1FFE704990120087003E00499032059
:108F80000870FFE7FFE706B0704700000000000030
:108F900081B00090009890F8580001B07047000030
:108FA00081B000900098007E01B070470000000082
:108FB00081B00090009890F8590001B0704700000F
:108FC00080B584B003900291039800901930029903
:108FD0001522E7F7CCF90098D0F81B106FF3DF21CA
:108FE00000EE101AB8EEC00A90ED012A90ED021AB8
:108FF00030EE420A80EE010A80ED130AD0F81B1011
:10900000C1F3CA2100EE101AB8EEC00A90ED012A91
:1090100090ED021A30EE420A80EE010A80ED140A49
:10902000B0F81F20D0F81B10890D41EA82216FF3A0
:10903000DF2100EE101AB8EEC00A90ED012A90ED83
:10904000021A30EE420A80EE010A80ED120AB0F8F0
:109050001F10C1F34A0100EE101AB8EEC00A90EDDD
:10906000012A90ED021A30EE420A80EE010A80EDEC
:10907000110AB0F82110C1F34A0100EE101AB8EE3F
:10908000C00A90ED012A90ED021A30EE420A80EEFD
:10909000010A80ED150A00F15B01B0F82120C2F34E
:1090A0000032C38EC3F30033FFF736FF009800F1A0
:1090B0005A01B0F81F20838EC2F38032C3F380338D
:1090C000FFF786FE009800F15801B0F81F20D20B80
:1090D000838EDB0BFFF77CFE009800F15901B0F89E
:1090E0002120C38E02F0010203F00103FFF770FE9E
:1090F000009800F15C01B0F81F20838EC2F30132AA
:10910000C3F30133FFF7A0FE0098B0F9231000EE7F
:10911000101AB8EEC00A9FED301A20EE010A80ED59
:10912000180AB0F9251000EE101AB8EEC00A20EEA9
:10913000010A80ED190AB0F9271000EE101AB8EEF6
:10914000C00A20EE010A80ED1A0A00F16C0190F8C5
:10915000292090F83E3002F0030203F0030300F0F0
:1091600023F9009800F16D0190F8292090F83E3025
:10917000C2F38102C3F3810300F016F9009800F1F5
:109180006E0190F8292090F83E30C2F30112C3F32B
:10919000011300F009F900200190FFE701980F2862
:1091A00018DCFFE70098DDF804C000EB0C016F311C
:1091B000428D22FA0CF202F00102B0F83F3023FA9D
:1091C0000CF303F0010300F0EFF8FFE70198013022
:1091D0000190E3E704B080BD00000038000000000B
:1091E00081B00090009890F8710001B070470000C5
:1091F00081B00090009890F87E0001B070470000A8
:1092000081B00090009890F87C0001B07047000099
:1092100081B00090009890F8720001B07047000093
:1092200081B00090009890F8760001B0704700007F
:1092300081B00090009890F8780001B0704700006D
:1092400081B00090009890F8790001B0704700005C
:1092500081B00090009890F8750001B07047000050
:1092600081B00090009890F8770001B0704700003E
:1092700081B00090009890F8700001B07047000035
:1092800081B00090009890F87D0001B07047000018
:1092900081B00090009890F86F0001B07047000016
:1092A00081B00090009890F87A0001B070470000FB
:1092B00081B00090009890F86C0001B070470000F9
:1092C00081B00090009890F86D0001B070470000E8
:1092D00081B00090009890F8740001B070470000D1
:1092E00081B00090009890F8730001B070470000C2
:1092F00080B584B0039002910398019002980078A1
:10930000A92805D1FFE702984078532808D0FFE745
:1093100044F6F021C2F200410868013008601BE009
:1093200002981521FEF75CF940B9FFE744F6F421F5
:10933000C2F200410868013008600DE0019801693F
:10934000013101610299FFF73BFE01982E3002992D
:109350001522E7F70CF8FFE704B080BD000000001D
:1093600082B001900199009108694969884207D14A
:10937000FFE700990020087688890130888105E0A0
:1093800000990120087600208881FFE7009908698C
:10939000486102B07047000081B00090009890EDE5
:1093A000150A01B07047000086B0059004918DF851
:1093B0000F208DF80E309DF80E000146029120B16D
:1093C000FFE70298012813D025E09DF80F00014621
:1093D000019120B1FFE70198012804D007E004992A
:1093E0000020087003E0049902200870FFE712E0F3
:1093F0009DF80F000146009140B1FFE70098012859
:1094000008D1FFE704990120087003E004990320C4
:109410000870FFE7FFE706B070470000000000009B
:1094200081B0009000984FF4B671018040F29461D1
:1094300041804FF0894141600021C4F225418160A3
:109440000021818101B0704781B000900098002117
:1094500001614161816101B07047000000000000BE
:1094600081B000900098002180F8381001B070475A
:1094700081B00090009800F6040090ED000A01B061
:10948000704700000000000082B001908DED000ADE
:1094900001990098C1F8040802B07047000000006C
:1094A00081B00090009800F6080090ED000A01B02D
:1094B000704700000000000082B001908DED000AAE
:1094C00001990098C1F8080802B070470000000038
:1094D00081B00090009890F8000801B0704700003B
:1094E00082B001908DF8031001999DF8030081F876
:1094F000000802B07047000081B00090009800F6AC
:109500000C0090ED000A01B0704700000000000060
:1095100080B584B003900398029000F039F9029866
:1095200000F29450019007F0A3FC029800F58160CE
:10953000009007F005FB009807F026FB019807F064
:10954000D3FC029800F5D66006F036F904B080BD71
:1095500080B594B0139013980E9008F079FA0E9895
:1095600000F581600690B6EE000A9FED792A8DED38
:10957000072ADFED782ACDED052ADFED774ACDED1C
:10958000094A9FED765A8DED125A00210A91F0EEAC
:10959000450AB0EE641AF0EE451AB0EE453AF0EE28
:1095A000453AB0EE454A08F017FDDDED052A9DED80
:1095B000072ADDED094A0A990E989DED125A00F529
:1095C0008B6003909FED660ADFED660ACDED040A1D
:1095D000B0EE451AF0EE451AB0EE453AF0EE453AD7
:1095E000B0EE454A08F0F8FC0398DDED040ADDED25
:1095F000052A9DED072ADDED094A0A999DED125ACB
:109600009FED590AB0EE451AF0EE451AB0EE453A14
:10961000F0EE453AB0EE454A08F0DEFC06980A9BAB
:109620000E99C1F880156946A1224A600B6045F287
:10963000AC31C2F200410C9101220D929FED4B0A18
:10964000DFED4B0A03F054FC9DED072ADDED094ADE
:109650000A990E989DED125A00F294500B909FEDCE
:10966000450ADFED452ACDED082AF0EE450AB0EEB9
:10967000451AF0EE451AB0EE453AF0EE453AB0EE36
:10968000454A08F0A9FC9DED072ADDED082ADDED2D
:10969000094A0A990B989DED125A9FED380A9FEDE1
:1096A000381AF0EE450AF0EE451AB0EE453AF0EE03
:1096B000453AB0EE454A08F08FFCDDED082ADDEDB5
:1096C000094A0A990E989DED125A00F2E4509FED56
:1096D0002D0A9FED2D2AF0EE450AB0EE451AF0EE68
:1096E000451AB0EE453AF0EE453AB0EE454A08F07C
:1096F00073FC0A9B0B980C990D9ADDF838C0CCF8D6
:109700009CC6EC46CCF8003006239FED200A8DED78
:109710000F0AF2EE040ACDED100A06F055FA0E9883
:109720009DED0F0ADDED100A00F5D6601190694637
:1097300003230B6045F20C31C2F20041022206F015
:1097400043FA11989DED120A05F016FF14B080BD82
:109750000000484300007A456F12833A0000000081
:1097600000000C430000524300002A4300005C4309
:10977000000004429A99193F00A07F456666E63EC4
:109780000AD7233B000016430000FA44798CA74116
:1097900080B58EB00D900D980C9090F800080028C0
:1097A00049D1FFE70C9800F58160099007F038FB7C
:1097B0000C9800F294500A9007F026FC09989FED4F
:1097C000E40A8DED0B0A08F0A7FA0C989DED0B0A40
:1097D00000F58B6008F0A0FA0C989DED0B0A00F5DF
:1097E000956008F099FA0A989DED0B0A08F094FA32
:1097F0000C989DED0B0A00F2E45008F08DFA0998E0
:109800009DED0B0A03F030FB0A989DED0B0A05F065
:10981000BFFE09989DED0B0A03F026FD0A989DED09
:109820000B0A06F0C9FA0C989DED0B0A00F5D660FC
:1098300005F0A2FEE3E20C9890F80008012840F041
:10984000A680FFE70C9800F58160002103F028FB5B
:109850000C9800F29450052105F0B6FE0C9901F623
:10986000080001F5FD6292ED000A01F2EC71D1ED04
:10987000000AFDF731FA0C9901F60C0001F5FE62C1
:1098800092ED000A01F2F471D1ED000AFDF724FA1D
:109890000C9800F5D660B0EE040A05F06DFEFFE707
:1098A0000C9800F6040191ED000A8DED080A00F510
:1098B000816007F061F90C98B0EE401A9DED080A3E
:1098C00030EE410A00F2DC7090ED001AB4EE410A6D
:1098D000F1EE10FA10DDFFE70C9800F2DC7191ED6B
:1098E000001A00F6040090ED000AB8EE002AA1EE7E
:1098F000020A80ED000AD3E7FFE70C9800F60401A6
:1099000091ED000A8DED070A00F5816007F034F94A
:109910000C98B0EE401A9DED070A30EE410A00F2B5
:10992000DC7090ED001AB1EE411AB4EE410AF1EE8E
:1099300010FA10DAFFE70C9800F2DC7191ED001AD2
:1099400000F6040090ED000AB0EE002AA1EE020A33
:1099500080ED000AD1E70C9901F5816001F6040160
:1099600091ED000A03F074FA0C9901F2945001F69B
:10997000080191ED000A05F0F3FD0C9901F5D660A0
:1099800001F5FF6191ED000A05F0EAFD36E20C9861
:10999000FFF79EFD022840F0CA80FFE70C98D0F840
:1099A000040400F0EDFA002800F0C180FFE70C98F5
:1099B00000F58160002103F073FA0C9800F29450D6
:1099C000052105F001FE0C98D0F8040400F0C8FA57
:1099D000A0B1FFE70C98D0F8040400F0C9FA0C9885
:1099E00000F6040181ED000AD0F8040400F0E4FA66
:1099F0000C9800F6080080ED000AFFE70C9901F6CC
:109A0000080001F5FD6292ED000A01F2EC71D1ED62
:109A1000000AFDF761F90C9901F6040001F5FB62FB
:109A200092ED000A01F2DC71D1ED000AFDF754F964
:109A30000C9800F5D660B0EE040A05F09DFDFFE736
:109A40000C9800F6040191ED000A8DED060A00F570
:109A5000816007F091F80C98B0EE401A9DED060A6F
:109A600030EE410A00F2DC7090ED001AB4EE410ACB
:109A7000F1EE10FA10DDFFE70C9800F2DC7191EDC9
:109A8000001A00F6040090ED000AB8EE002AA1EEDC
:109A9000020A80ED000AD3E7FFE70C9800F6040104
:109AA00091ED000A8DED050A00F5816007F064F87C
:109AB0000C98B0EE401A9DED050A30EE410A00F216
:109AC000DC7090ED001AB1EE411AB4EE410AF1EEED
:109AD00010FA10DAFFE70C9800F2DC7191ED001A31
:109AE00000F6040090ED000AB0EE002AA1EE020A92
:109AF00080ED000AD1E70C9901F5816001F60401BF
:109B000091ED000A03F0A4F90C9901F2945001F6CA
:109B1000080191ED000A05F023FD0C9901F5D660CE
:109B200001F5FF6191ED000A05F01AFD65E10C9861
:109B3000FFF7CEFC022840F0B280FFE70C98D0F887
:109B4000040400F01DFA002840F0A98002E000BFE4
:109B5000000000000C9800F58160002103F0A0F9DE
:109B60000C9800F29450052105F02EFD0C9901F699
:109B7000080001F5FD6292ED000A01F2EC71D1EDF1
:109B8000000AFDF7A9F80C9901F6040001F5FB6243
:109B900092ED000A01F2DC71D1ED000AFDF79CF8AC
:109BA0000C9800F5D660B0EE040A05F0E5FCFFE77E
:109BB0000C9800F6040191ED000A8DED040A00F501
:109BC000816006F0D9FF0C98B0EE401A9DED040AB2
:109BD00030EE410A00F2DC7090ED001AB4EE410A5A
:109BE000F1EE10FA10DDFFE70C9800F2DC7191ED58
:109BF000001A00F6040090ED000AB8EE002AA1EE6B
:109C0000020A80ED000AD3E7FFE70C9800F6040192
:109C100091ED000A8DED030A00F5816006F0ACFFBE
:109C20000C98B0EE401A9DED030A30EE410A00F2A6
:109C3000DC7090ED001AB1EE411AB4EE410AF1EE7B
:109C400010FA10DAFFE70C9800F2DC7191ED001ABF
:109C500000F6040090ED000AB0EE002AA1EE020A20
:109C600080ED000AD1E70C9901F5816001F604014D
:109C700091ED000A03F0ECF80C9901F2945001F612
:109C8000080191ED000A05F06BFC0C9901F5D66016
:109C900001F5FF6191ED000A05F062FCACE00C9863
:109CA000FFF716FC032840F0A680FFE70C9800F5AC
:109CB0008160062103F0F4F80C9800F2945005211D
:109CC00005F082FC0C9901F6080001F5FD6292EDA9
:109CD000000A01F2EC71D1ED000AFCF7FDFF0C99CE
:109CE00001F60C0001F5FE6292ED000A01F2F4713A
:109CF000D1ED000AFCF7F0FF0C9800F5D660B0EE4D
:109D0000040A05F039FCFFE70C9800F6040191ED18
:109D1000000A8DED020A00F5816006F02DFF0C9817
:109D2000B0EE401A9DED020A30EE410A00F2DC70FE
:109D300090ED001AB4EE410AF1EE10FA10DDFFE7E3
:109D40000C9800F2DC7191ED001A00F6040090ED21
:109D5000000AB8EE002AA1EE020A80ED000AD3E75D
:109D6000FFE70C9800F6040191ED000A8DED010A61
:109D700000F5816006F000FF0C98B0EE401A9DEDF2
:109D8000010A30EE410A00F2DC7090ED001AB1EEEB
:109D9000411AB4EE410AF1EE10FA10DAFFE70C981E
:109DA00000F2DC7191ED001A00F6040090ED000A5B
:109DB000B0EE002AA1EE020A80ED000AD1E70C996C
:109DC00001F5816001F6040191ED000A03F040F80D
:109DD0000C9901F2945001F6080191ED000A05F08A
:109DE000BFFB0C9901F5D66001F2FC7191ED000A00
:109DF00005F0B6FBFFE7FFE7FFE7FFE7FFE70EB081
:109E000080BD00000000000080B582B00190019884
:109E1000009007F021FF009800F57270FFF720FB1B
:109E2000009800F5816007F00FF8009800F2945058
:109E300007F0FEF8009800F5D66007F0F9F80098F2
:109E40000021C4F2C821C0F8D0170021C4F28C212F
:109E5000C0F8D4170021CCF23431C0F8D817002153
:109E6000C4F23431C0F8DC170021CCF2A011C0F8E4
:109E7000E8170021C4F2C811C0F8EC1748F21231FB
:109E8000C3F64051C0F8F01749F6B352C3F6BF729B
:109E9000C0F8F427C0F8F81743F24C72C3F6B97251
:109EA000C0F8FC27002280F80028C0F80428C0F879
:109EB0000828C0F80C1802B080BD000000000000A7
:109EC00080B584B003900399B1F9570000EE100AF1
:109ED000B8EEC00A9FED1A1A80EE010A8DED020A53
:109EE000B1F9590000EE100AB8EEC00A80EE010A7E
:109EF0008DED010A91F8560081F8780091F855002F
:109F000081F879009DED010A9FED0E2A20EE420AAC
:109F10009FED0D1A80EE010A01F1700081ED1C0A1F
:109F20009DED020A20EE020A80EE010A81ED1D0A73
:109F3000BBEE040AF3EE090AFCF7CEFE04B080BDC6
:109F400000401C4600003443D00F49400000000090
:109F500081B00090009890F8780001B07047000040
:109F600081B00090009890F8790001B0704700002F
:109F700081B00090009890ED1D0A01B0704700007C
:109F800081B00090009890F8200001B07047000068
:109F900080B582B0019000910198816901318161A1
:109FA00000998A88A0F859200968C0F85510FFF771
:109FB00087FF02B080BD000081B00090009890ED56
:109FC0001C0A01B07047000080B582B00190019872
:109FD0000090006807F0A8FA009880ED180A006861
:109FE00007F08AFA0098B1EE400A80ED170A00687F
:109FF00007F066FA009880ED190A02B080BD0000F3
:10A0000080B582B0019001980090FFF7DDFF0098C5
:10A0100000F04EF802B080BD82B00190019900912D
:10A020008869C969884205D1FFE70099002081F855
:10A03000200004E00099012081F82000FFE700994A
:10A040008869C86102B0704783B00290019102989C
:10A050000090019800684AF20001C4F200018842B1
:10A060000CD1FFE7009940F29020C2F20040C86096
:10A0700040F2C820C2F20040086115E00198006873
:10A080004AF20041C4F2000188420CD1FFE7009976
:10A0900040F28030C2F20040C86040F2B830C2F2F4
:10A0A00000400861FFE7FFE703B0704700000000D1
:10A0B00080B59CB01B901B98169090ED190A9FEDEF
:10A0C000CD2A20EE020A9FEDCC1A80EE010A8DED1A
:10A0D0001A0A90ED180A20EE020A80EE010A8DEDB0
:10A0E000190A90ED170A20EE020A80EE010A8DEDA2
:10A0F000180A9DED180AB6EE001A8DED111A20EE21
:10A10000010A08F0B1F89DED111A8DED010A9DEDDF
:10A11000190A20EE010A08F0A7F89DED111AB0EE19
:10A12000402A9DED010A20EE020A8DED040A9DED04
:10A130001A0A20EE010A08F097F89DED111A8DED2C
:10A14000030A9DED180A20EE010A08F06DFD9DED51
:10A15000111A8DED020A9DED190A20EE010A08F090
:10A1600063FD9DED111AB0EE402A9DED020A20EE2E
:10A17000020A8DED050A9DED1A0A20EE010A08F08B
:10A1800053FD9DED033A9DED042A9DED111A16999C
:10A19000B0EE404A9DED050A20EE040AA2EE030A45
:10A1A0009FED962A8DED152A20EE020ABDEEC00A1B
:10A1B00010EE100AA1F853009DED180A20EE010AD6
:10A1C00008F032FD9DED111A8DED060A9DED190A7C
:10A1D00020EE010A08F048F89DED111AB0EE402A71
:10A1E0009DED060A20EE020A8DED090A9DED1A0A80
:10A1F00020EE010A08F038F89DED111A8DED080ADD
:10A200009DED180A20EE010A08F02EF89DED111AB6
:10A210008DED070A9DED190A20EE010A08F004FDF4
:10A220009DED111AB0EE402A9DED070A20EE020ABC
:10A230008DED0A0A9DED1A0A20EE010A08F0F4FCE1
:10A240009DED084A9DED093A9DED111A9DED152AE7
:10A250001699B0EE405A9DED0A0A20EE050A93EEDB
:10A26000040A20EE020ABDEEC00A10EE100AA1F8A0
:10A270004D009DED180A20EE010A07F0F5FF9DED57
:10A28000111A8DED0B0A9DED190A20EE010A08F056
:10A29000CBFC9DED111AB0EE402A9DED0B0A20EE8D
:10A2A000020A8DED0E0A9DED1A0A20EE010A07F052
:10A2B000DBFF9DED111A8DED0D0A9DED180A20EEC4
:10A2C000010A08F0B1FC9DED111A8DED0C0A9DED0F
:10A2D000190A20EE010A07F0C7FF9DED111AB0EE32
:10A2E000402A9DED0C0A20EE020A8DED0F0A9DED2D
:10A2F0001A0A20EE010A08F097FC9DED0D4A9DED2B
:10A300000E3A9DED111A9DED152A1699B0EE405AA0
:10A310009DED0F0A20EE050AA3EE040A20EE020AC4
:10A32000BDEEC00A10EE100AA1F84F009DED180A0C
:10A3300020EE010A07F098FF9DED111A8DED100A2D
:10A340009DED190A20EE010A07F08EFF9DED111A0E
:10A35000B0EE402A9DED100A20EE020A8DED140A9F
:10A360009DED1A0A20EE010A08F05EFC9DED111A1F
:10A370008DED130A9DED180A20EE010A08F054FC39
:10A380009DED111A8DED120A9DED190A20EE010ABC
:10A3900008F04AFC9DED111AB0EE402A9DED120A1C
:10A3A00020EE020A8DED170A9DED1A0A20EE010A31
:10A3B00007F05AFF9DED133A9DED142A9DED151AF5
:10A3C000169AB0EE404A9DED170A20EE040A92EE6E
:10A3D000030A20EE010ABDEEC00A10EE100AA2F830
:10A3E00051001169D2F84D00D2F851204A6008603E
:10A3F0001CB080BDD00F49400000344300401C46D3
:10A4000081B00090009800218161C16180F8201026
:10A410004CF6CD41C4F21C11C16749F69A11C4F241
:10A42000AD11C0F880104BF24661C3F67351C0F80D
:10A43000841001B07047000082B001908DF80310C5
:10A4400001999DF8030081F8840402B07047000070
:10A4500081B00090009890F8850401B0704700002A
:10A4600082B001908DF8031001999DF8030081F8E6
:10A47000850402B07047000080B582B00190019859
:10A48000009005F061FE0098603005F00DFD009829
:10A49000BC3004F069FB009800F5E67004F0DCFDC8
:10A4A000009800F53B7004F0D7FD02B080BD0000BD
:10A4B00080B594B01390139807904065032211461D
:10A4C00006F05EFF079901F16000C1F8B4100421A5
:10A4D000049100220C9206F053FF07980C99BC30AF
:10A4E00003909FED630ADFED630ADFED632ADFED82
:10A4F000634ACDED0A4A9FED625A8DED0B5AB0EEDC
:10A50000451AF0EE451AB0EE622AB0EE453AF0EE8A
:10A51000453AB0EE454A07F05FFD0398079901F50B
:10A520008671029104F0DCFA0146039800EE101ADD
:10A53000B8EE400A8DED010A04F0D2FA9DED012A31
:10A54000DDED0A4A9DED0B5A0C990246029800EE89
:10A55000102AF8EE402A9FED4B0AF3EE090AB0EEFE
:10A56000451AF0EE451AB0EE453AF0EE453AB0EE37
:10A57000454A07F031FD0398049A45F2AC31C2F226
:10A580000041022310939FED400ADFED400A04F0E2
:10A5900097FB079901F5E670069001F507710591A3
:10A5A00004F022FDDDED0A4A9DED0B5A0C9902469E
:10A5B000059800EE102AF8EE402A9FED350A8DED41
:10A5C000080A9FED342A8DED092AF0EE450AB0EE17
:10A5D000451AF0EE451AB0EE453AF0EE453AB0EEC7
:10A5E000454A07F0F9FC0698109B45F20C31C2F27F
:10A5F00000410F910122B7EE000A8DED110ADFED47
:10A60000260ACDED120A04F01BFE079901F53B70F6
:10A610000E9001F54F710D9104F0E6FC9DED080AD6
:10A620009DED092ADDED0A4A9DED0B5A0C99024673
:10A630000D9801EE102AF8EE412AF0EE450AB0EE30
:10A64000451AF0EE451AB0EE453AF0EE453AB0EE56
:10A65000454A07F0C1FC0E980F99109B9DED110A19
:10A66000DDED120A1A4604F0EBFD14B080BD00BF08
:10A6700000006842CDCCCC3DE7665F416F12833A63
:10A68000000000000000E1440000104200401C46B1
:10A690000000A0420000FA440000804600000000D4
:10A6A00080B590B00F900F980D9090F884040146FB
:10A6B0000E91042800F218810E99DFE801F003459D
:10A6C0005DDB9C000D98BC3009900021089104F0DE
:10A6D0003FFA0D9800F5E6700A900221079104F008
:10A6E000AFFC07990D9800F53B700B9004F0A8FCA7
:10A6F00008990D98FFF7B4FE09989FED940A8DED27
:10A700000C0A07F009FB0D989DED0C0A00F5867008
:10A7100007F002FB0A989DED0C0A07F0FDFA0B9872
:10A720009DED0C0A07F0F8FA09989DED0C0A04F06B
:10A730003BFB0A989DED0C0A04F076FC0B989DED0E
:10A740000C0A04F071FCCFE00D98BC3004F0ECF979
:10A75000032801D1FFE70EE00D98BC3004F0E4F9C6
:10A76000022807D1FFE70D98BC309FED780A04F06E
:10A77000E3F9FFE7FFE7B7E00D98BC30032104F0F1
:10A78000E7F90D9800F5E6700221069104F058FCF7
:10A790000D98069900F53B7004F052FC40F67C00E1
:10A7A000C2F200400078012810D1FFE70D98BC30BC
:10A7B00004F086F90D9800F2944080ED000A40F60E
:10A7C0007C01C2F2004100200870FFE70D9800F202
:10A7D000944191ED000A9FED5C1A30EE010A81ED83
:10A7E000000ABC3091ED000A04F082F90D990120B5
:10A7F00081F8840478E00D98BC30032104F0A8F9B6
:10A800000D9800F5E6700221059104F019FC0D98F1
:10A81000059900F53B7004F013FC40F67C00C2F291
:10A8200000400078012810D1FFE70D98BC3004F0FB
:10A8300047F90D9800F2944080ED000A40F67C0143
:10A84000C2F2004100200870FFE70D9800F2944129
:10A8500091ED000A9FED3B1A30EE010A81ED000AEE
:10A86000BC3091ED000A04F043F90D99012081F804
:10A87000840439E00D98BC300221039104F068F99A
:10A8800003990D9800F5E67004F0DAFB03990D9832
:10A8900000F53B7004F0D4FB0D98D0F8B80002F03E
:10A8A000CFF901460D981E310491D0F8B80002F09E
:10A8B000E3F90146049888420ADAFFE70D9901F1AD
:10A8C000BC0001F5906191ED000A04F035F904E057
:10A8D0000D99012081F88404FFE740F67C01C2F263
:10A8E000004101200870FFE70D9890F88504A8B199
:10A8F000FFE70D9901F5E67001F59161029191ED87
:10A90000000AB1EE400A04F08FFB0D98029900F5A1
:10A910003B7091ED000A04F087FB10E00D9800F504
:10A92000E6709FED0A0A8DED010A04F07DFB0D989B
:10A930009DED010A00F53B7004F076FBFFE710B0D7
:10A9400080BD00BF50A00B41B9B8323F00000000ED
:10A9500080B584B003900398019005F0E9FC01985C
:10A9600000210291A0F85C10603005F0E1FB019835
:10A97000BC3004F029FA019800F5E67004F0D4FC2C
:10A98000019800F53B7004F0CFFC019800F20C40F8
:10A9900007F072FB0198029980F85C1441F2707222
:10A9A000A0F85E2440F26C72A0F860240022C4F289
:10A9B0001642C0F8642480F86814C0F86C140E22A3
:10A9C000A0F874240022C4F22012C0F87C244AF2B9
:10A9D0005802C4F28B12C0F8802480F8841480F8E6
:10A9E00085140022C4F22A42C0F888240022C4F24E
:10A9F000BC12C0F88C2445F2D232C4F27B12C0F8EB
:10AA00009024C0F8941404B080BD00000000000041
:10AA100080B594B0139013980B9000210F910E9174
:10AA20000D910C9141F2B84108440A90FEF720FDC7
:10AA30000A988DED120AFEF733FD0A988DED110A82
:10AA4000FEF75AFD0B988DED100A01F069FA0B988C
:10AA500042F28321405C012840F0E780FFE70B9839
:10AA600042F28121405C002840F0DF80FFE70B9834
:10AA700041F2EC210844FDF7BFFDFCF7FDFE0B9809
:10AA800042F22421084490ED001AB4EE410AF1EE9E
:10AA900010FA09DDFFE70B9841F2EC210844FDF7BD
:10AAA000ABFD8DED090A04E09FEDE00A8DED090A8A
:10AAB000FFE70B989DED090A8DED0F0A41F2EC219D
:10AAC0000844FDF7A1FDFCF7D7FE0B9842F22421C4
:10AAD000084490ED001AB4EE410AF1EE10FA09DDD7
:10AAE000FFE70B9841F2EC210844FDF78DFD8DED59
:10AAF000080A04E09FEDCD0A8DED080AFFE70B98E8
:10AB00009DED080A8DED0E0A41F2EC210844FDF797
:10AB10006FFE062808D1FFE70B9841F2B8410844C0
:10AB20000221FEF7DDFC7FE00B9841F2B8410844BA
:10AB30000121FEF7D5FC0B9841F2EC210844FDF70A
:10AB40005FFE06283FD0FFE70B989DED0F1A42F2FB
:10AB50004421014491ED002A9DED120AA1EE420A22
:10AB60008DED120A00F5C650002102F099F90B98FC
:10AB700041F66831084404F0EBFC9FEDAD1AB4EEE9
:10AB8000410AF1EE10FA0FDDFFE70B9800F5C65011
:10AB9000062102F085F90B9841F6683108449FEDD3
:10ABA000A50A04F0DDFCFFE70B989DED0E1A42F2BA
:10ABB0004821084490ED002A9DED110AA1EE020AF9
:10ABC0008DED110A2FE00B9841F2EC210844FDF7BE
:10ABD00017FE062826D1FFE70B9841F2B84108443A
:10ABE0000321FEF77DFC0B9800F5C6500790062167
:10ABF00002F056F90B9907989DED0E0A42F2482291
:10AC0000114491ED001A20EE011A9DED100A9FEDFE
:10AC10008A2AA1EE020A8DED100A05F0ADFF8DED36
:10AC2000120AFFE7FFE7FFE704E20B9842F28321F5
:10AC3000405C022840F0AE80FFE70B9842F2822190
:10AC4000405C002840F0A680FFE70B9841F2883175
:10AC50000844FEF7A5F8FCF70FFE0B9842F22421FA
:10AC6000084490ED001AB4EE410AF1EE10FA09DD45
:10AC7000FFE70B9841F288310844FEF791F88DED1B
:10AC8000060A04E09FED690A8DED060AFFE70B98BE
:10AC90009DED060A8DED0D0A41F288310844FEF75C
:10ACA00087F8FCF7E9FD0B9842F22421084490ED67
:10ACB000001AB4EE410AF1EE10FA09DDFFE70B9835
:10ACC00041F288310844FEF773F88DED050A04E07F
:10ACD0009FED560A8DED050AFFE70B989DED050ADD
:10ACE0008DED0C0A41F2B8410844FEF7F1FB40B982
:10ACF000FFE70B9841F2B84108440121FEF7F0FB51
:10AD0000FFE70B9841F288310844FEF751F9022819
:10AD100024D1FFE70B9841F2B8410844FEF7D8FB75
:10AD2000012808D1FFE70B9841F2B84108440221FD
:10AD3000FEF7D6FB11E00B9841F2B8410844FEF74C
:10AD4000C7FB022808D1FFE70B9841F2B84108443D
:10AD50000121FEF7C5FBFFE7FFE7FFE70B989DED3D
:10AD60000D1A42F24421014491ED002A9DED120A90
:10AD7000A1EE420A8DED120A9DED0C1A42F2482115
:10AD8000084490ED002A9DED110AA1EE020A8DED16
:10AD9000110A4EE10B9842F28321405C012807D151
:10ADA000FFE70B9842F28121405C012810D0FFE7B9
:10ADB0000B9842F28321405C022840F03981FFE782
:10ADC0000B9842F28221405C012840F03181FFE77C
:10ADD0000B9842F28321405C012840F0A380FFE7FA
:10ADE0000B9841F2EC210844FDF722FE012803D123
:10ADF000FFE700201190FFE70B9841F2EC21084497
:10AE0000FDF74EFE032829D1FFE70B9841F2B84128
:10AE100008440221FEF764FB0B9841F20841084404
:10AE2000FFF7AEF8012818D108E000BF00000000CD
:10AE30009543CB3E1283403DCDCC4C3D0B9841F227
:10AE4000084108440490FFF793F804988DED120A26
:10AE5000FFF7B2F88DED110AFFE707E00B9841F21A
:10AE6000B84108440121FEF73BFBFFE70B9841F294
:10AE7000EC2108440390FDF7A7FB0B990398B0EE73
:10AE8000401A42F25422114491ED002A9DED120A1B
:10AE9000A1EE420A8DED120AFDF79EFB0B99039875
:10AEA000B0EE401A42F25822114491ED002A9DED75
:10AEB000110AA1EE020A8DED110AFDF791FD01289C
:10AEC00009D1FFE79DED120A9FED621A30EE010AEB
:10AED0008DED120AFFE70B9841F2EC210844FDF7D3
:10AEE000BFFD012801D1FFE7FFE70B9841F2EC21FC
:10AEF0000844FDF795FD012813D1FFE70B9842F2B6
:10AF00002821405C30B9FFE70B9942F2282201204A
:10AF1000885405E00B9942F2282200208854FFE76C
:10AF2000FFE784E00B9842F28321405C02287DD148
:10AF3000FFE70B9841F288310844FEF789F90228AF
:10AF400003D1FFE700201190FFE70B9841F2883111
:10AF50000844FEF7B5F9012820D1FFE70B9841F22C
:10AF6000B84108440221FEF7BBFA0B9841F20841B0
:10AF70000844FFF705F801280FD1FFE70B9841F2CD
:10AF8000084108440290FEF7F3FF02988DED120A83
:10AF9000FFF712F88DED110AFFE707E00B9841F279
:10AFA000B84108440121FEF79BFAFFE70B9841F2F4
:10AFB000883108440190FDF7DBFE0B990198B0EE53
:10AFC000401A42F25422114491ED002A9DED120ADA
:10AFD000A1EE420A8DED120AFDF7D2FE0B990198FF
:10AFE000B0EE401A42F25822114491ED002A9DED34
:10AFF000110AA1EE020A8DED110AFEF701F90228ED
:10B0000009D1FFE79DED120A9FED121A30EE010AF9
:10B010008DED120AFFE70B9841F288310844FEF7E4
:10B020002FF9022801D1FFE7FFE7FFE7FFE7FFE77E
:10B03000FFE7FFE70B9841F2B841084400909DED0F
:10B04000120AFEF721FA00989DED110AFEF734FA74
:10B0500014B080BD0000344380B58EB00D900D98C3
:10B060000C9000F05DFF0C9842F28321405C0128B7
:10B0700040F0C880FFE70C9842F28121405C002834
:10B0800040F0C080FFE70C9841F2EC210844FDF746
:10B09000B7FB002840F0A280FFE70C9841F6C841BA
:10B0A000084401210B91FFF7DBF90B990C9842F250
:10B0B0001222815441F2EC210844FDF799FB062845
:10B0C0002AD1FFE70C9841F208410844FEF758FFE7
:10B0D000012820D1FFE70C9841F2EC210844FDF74C
:10B0E0000BFE9FEDD61AB4EE410AF1EE10FA11DD17
:10B0F000FFE70C9841F208410844FEF729FF40B1F0
:10B10000FFE70C9841F6C84108440221FFF794F983
:10B11000FFE7FFE7FFE760E00C9841F2EC2108440D
:10B12000FDF7EAFD9FEDC61AB4EE410AF1EE10FA02
:10B130001BDDFFE70C9841F2EC210844FDF7DCFD34
:10B140009FEDC01AB4EE410AF1EE10FA0DDAFFE7F6
:10B150000C9841F6C84108440121FFF76DF90C999C
:10B160004FF40A5200208854FFE70C9841F2EC217A
:10B170000844FDF7C1FD9FEDB41AB4EE410AF1EEAB
:10B1800010FA13DAFFE70C984FF40A51405C68B9E3
:10B19000FFE70C9841F6C84108440221FFF74CF93B
:10B1A0000C994FF40A5201208854FFE70C9841F2A1
:10B1B000EC210844FDF7A0FD9FEDA01AB4EE410A72
:10B1C000F1EE10FA08DDFFE70C9841F6C84108449B
:10B1D0000321FFF731F9FFE7FFE712E00C9841F692
:10B1E000C841084409900121FFF726F90998002178
:10B1F0000A91FFF735F90C990A9842F21222885405
:10B20000FFE729E20C9842F28321405C022840F0DB
:10B21000D980FFE70C9842F28221405C002840F080
:10B22000D180FFE70C9841F288310844FDF7B0FE69
:10B2300002282ED1FFE70C9842F21221405C01282F
:10B2400013D1FFE70C9841F6C8410844079001214B
:10B25000FFF7F2F8079800210891FFF701F90C9920
:10B26000089842F21222885412E00C9841F6C84124
:10B270000844059001210691FFF7DEF8059806992C
:10B28000FFF7EEF80C99069842F212228854FFE775
:10B29000FFE70C9842F21221405C012840F09180B7
:10B2A000FFE70C9841F2B8410844FEF711F9022873
:10B2B00021D1FFE70C9841F208410844FEF748FE0F
:10B2C000012817D1FFE70C9841F208410844FEF726
:10B2D00057FE01280ED1FFE70C9841F6C8410844FB
:10B2E0000221FFF7A9F842F60801C2F2004100204E
:10B2F0000880FFE764E00C9841F288310844FEF7CB
:10B300004BF89FED4F1AB4EE410AF1EE10FA14DD3E
:10B31000FFE70C9841F288310844FEF73DF89FEDB5
:10B32000CF1AB4EE410AF1EE10FA06DAFFE70C99F3
:10B330004FF40A5200208854FFE70C9841F28831FC
:10B340000844FEF729F89FEDC61AB4EE410AF1EE63
:10B3500010FA13DAFFE70C984FF40A51405C68B911
:10B36000FFE70C9841F6C84108440221FFF764F852
:10B370000C994FF40A5201208854FFE70C9841F2CF
:10B3800088310844FEF708F89FEDB61AB4EE410A7A
:10B39000F1EE10FA13DDFFE70C984FF40A51405C10
:10B3A00068B9FFE70C9841F6C84108440421FFF74B
:10B3B00043F80C994FF40A5201208854FFE7FFE745
:10B3C000FFE748E10C9842F28321405C012807D155
:10B3D000FFE70C9842F28121405C012810D0FFE782
:10B3E0000C9842F28321405C022840F03381FFE751
:10B3F0000C9842F28221405C012840F02B81FFE74B
:10B400000C9842F28321405C012840F09E80FFE7C7
:10B410000C9841F2EC210844FDF7DAFA01281CD11E
:10B42000FFE70C9842F22411405C78B9FFE70C99D1
:10B4300042F22412012088540EE000BFCDCC4C3FD4
:10B44000CDCC4CBECDCC4C3ECDCC4CBF0C9942F2B9
:10B45000241200208854FFE7FFE70C9841F2EC210A
:10B460000844FDF725FB012823D1FFE70C9842F2A1
:10B470001221405C70B9FFE70C9841F6C8410844BE
:10B4800001210491FEF7ECFF0C99049842F212227C
:10B4900088540DE00C9841F6C841084400210391FE
:10B4A000FEF7DEFF0C99039842F212228854FFE760
:10B4B000FFE70C9841F6C8410844FEF7C9FF012890
:10B4C0003AD1FFE70C9842F22411405C90B9FFE7B3
:10B4D0000C9841F2EC210844FDF7DAFA012808D172
:10B4E000FFE70C9841F6C84108440221FEF7A4FF8B
:10B4F000FFE7FFE70C9842F22411405C01281AD1C3
:10B50000FFE70C9841F2EC210844FDF7C1FA03284B
:10B5100008D1FFE70C9841F6C84108440321FEF723
:10B520008BFF07E00C9841F6C84108440121FEF763
:10B5300083FFFFE7FFE707E00C9841F6C8410844A6
:10B540000121FEF779FFFFE783E00C9842F28321A7
:10B55000405C02287CD1FFE70C9841F28831084416
:10B56000FDF7B6FE022823D1FFE70C9842F2122124
:10B57000405C70B9FFE70C9841F6C84108440121CE
:10B580000291FEF76DFF0C99029842F21222885444
:10B590000DE00C9841F6C841084400210191FEF7E6
:10B5A0005FFF0C99019842F212228854FFE7FFE7EF
:10B5B0000C9841F6C8410844FEF74AFF01283ED1E5
:10B5C000FFE70C9841F288310844FDF779FE012825
:10B5D0001AD1FFE70C9841F288310844FDF768FE64
:10B5E000012808D1FFE70C9841F6C841084403211F
:10B5F000FEF722FF07E00C9841F6C84108440121FC
:10B60000FEF71AFFFFE719E00C9841F28831084471
:10B61000FDF74EFE012808D1FFE70C9841F6C8411E
:10B6200008440321FEF708FF07E00C9841F6C841E3
:10B6300008440121FEF700FFFFE7FFE707E00C9851
:10B6400041F6C84108440121FEF7F6FEFFE7FFE797
:10B65000FFE7FFE7FFE7FFE70EB080BDCDCC4C3E34
:10B66000CDCC4CBFCDCC4C3F80B5A6B02590259815
:10B670001D900021249123912291219120911F91CD
:10B680001E9100F04DFC1D9842F28321405C012880
:10B6900040F03681FFE71D9842F28121405C00288E
:10B6A00040F02E81FFE71D9841F2EC210844FCF7A1
:10B6B0007BFFFCF7E1F81D9842F22421084490ED4D
:10B6C000001AB4EE410AF1EE10FA09DDFFE71D9809
:10B6D00041F2EC210844FCF767FF8DED1C0A04E001
:10B6E0009FEDE00A8DED1C0AFFE71D989DED1C0AF9
:10B6F0008DED240A41F2EC210844FCF75DFFFCF7D4
:10B70000BBF81D9842F22421084490ED001AB4EED3
:10B71000410AF1EE10FA09DDFFE71D9841F2EC2134
:10B720000844FCF749FF8DED1B0A04E09FEDCD0AAC
:10B730008DED1B0AFFE71D989DED1B0A8DED230A79
:10B7400041F2EC210844FCF757FFFCF795F81D98EF
:10B7500042F22421084490ED001AB4EE410AF1EEC1
:10B7600010FA09DDFFE71D9841F2EC210844FCF7CF
:10B7700043FF8DED1A0A04E09FEDBA0A8DED1A0A17
:10B78000FFE79DED1A0A8DED220A9DED240A8DED4D
:10B79000130A9DED230A20EE001ABEEE002A8DED5D
:10B7A000152AB7EE000A8DED160A01EE020A06F020
:10B7B000BFFC1D98B0EE401A9DED130A20EE010A61
:10B7C0008DED140A00F51A70179005F041F89DED03
:10B7D000141A9DED152AB0EE403A9DED160A21EEA1
:10B7E000031A8DED1F1A9DED231A8DED181A9DED8C
:10B7F000241A21EE011A01EE020A06F099FC1798AC
:10B80000B0EE401A9DED180A20EE010A8DED190ADE
:10B8100005F02AF81D98B0EE401A9DED190A20EEA9
:10B82000010A8DED1E0A41F2EC210844FCF7E0FF0D
:10B83000032848D1FFE71D9841F2EC210844FCF7AA
:10B84000DFFF06281BD1FFE71D9800F51A70119045
:10B85000032105F065F811989DED220A8DED120A7D
:10B8600004F0C6FFB0EE401A9DED120A20EE410A28
:10B8700042F60C00C2F2004080ED000A22E01D9862
:10B8800041F66831084403F063FE9FED771AB4EE89
:10B89000410AF1EE10FA0DDDFFE71D9800F51A7070
:10B8A0001090032105F03CF810989FED6E0A04F00B
:10B8B000C3FF06E01D9800F51A70012105F030F86D
:10B8C000FFE7FFE71BE01D9841F2EC210844FCF77D
:10B8D0008FFF98B9FFE71D9800F51A700F900221AD
:10B8E00005F01EF80F9804F08FFFB1EE400A42F603
:10B8F0000C00C2F2004080ED000AFFE7FFE7D6E24D
:10B900001D9842F28321405C022840F00281FFE74B
:10B910001D9842F28221405C002840F0FA80FFE747
:10B920001D9841F288310844FDF70AFAFBF7A4FF9D
:10B930001D9842F22421084490ED001AB4EE410A09
:10B94000F1EE10FA09DDFFE71D9841F28831084455
:10B95000FDF7F6F98DED0E0A04E09FED420A8DED3C
:10B960000E0AFFE71D989DED0E0A8DED210A41F2AA
:10B9700088310844FDF7ECF9FBF77EFF1D9842F291
:10B980002421084490ED001AB4EE410AF1EE10FAB9
:10B9900009DDFFE71D9841F288310844FDF7D8F929
:10B9A0008DED0D0A04E09FED2F0A8DED0D0AFFE7E6
:10B9B0009DED0D0A8DED200A9DED210A8DED060A03
:10B9C0009DED200A20EE001ABEEE002A8DED082A19
:10B9D000B7EE000A8DED090A01EE020A06F0A8FB97
:10B9E0001D98B0EE401A9DED060A20EE010A8DED7D
:10B9F000070A00F51A700A9004F02AFF9DED071A55
:10BA00009DED082AB0EE403A9DED090A21EE031A99
:10BA10008DED1F1A9DED201A8DED0B1A9DED211A4B
:10BA200021EE011A01EE020A06F082FB0A98B0EE3E
:10BA3000401A9DED0B0A20EE010A8DED0C0A04F070
:10BA400013FF1D98B0EE401A9DED0C0A20EE010A7E
:10BA50008DED1E0A41F288310844FDF781F9C0B925
:10BA600004E000BF000000009543CB3E1D9800F5A8
:10BA70001A700590022104F053FF059804F0C4FEEB
:10BA8000B1EE400A42F60C00C2F2004080ED000A1E
:10BA9000FFE71D9841F288310844FDF761F901285C
:10BAA00007D1FFE71D9800F51A70012104F038FF57
:10BAB000FFE71D9841F288310844FDF751F902284B
:10BAC00011D1FFE71D9800F51A700490022104F0CF
:10BAD00027FF049804F098FE42F60C00C2F20040E2
:10BAE00080ED000AFFE71D9841F288310844FDF718
:10BAF00067F9012806D1FFE71D9942F210220120C3
:10BB0000885405E01D9942F2102200208854FFE776
:10BB1000CCE11D9842F28321405C012807D1FFE768
:10BB20001D9842F28121405C012810D0FFE71D984A
:10BB300042F28321405C022840F0B781FFE71D9864
:10BB400042F28221405C012840F0AF81FFE71D985E
:10BB500042F28321405C012840F0C880FFE71D9835
:10BB600041F2EC210844FCF7ABFF03280BD1FFE7BF
:10BB70001D9942F234224FF07E50885042F210223A
:10BB8000012088540AE01D9942F234224FF080408F
:10BB9000885042F2102200208854FFE71D9841F29D
:10BBA000EC210844FCF70CFF032812D1FFE71D9895
:10BBB00000F51A7004F04CFE1D98B1EE400A42F2F6
:10BBC0003421084490ED001A80EE010A8DED1F0A21
:10BBD000FFE71D9841F2EC210844FCF709FF032818
:10BBE00010D1FFE71D9800F51A7004F031FE1D9882
:10BBF00042F23421084490ED001A80EE010A8DEDE6
:10BC00001F0AFFE71D9841F2EC210844FCF730FFC2
:10BC1000032810D1FFE71D9800F51A7004F024FEE8
:10BC20001D9842F23421084490ED001A80EE010A7A
:10BC30008DED1E0AFFE71D9841F2EC210844FCF748
:10BC400007FF032812D1FFE71D9800F51A7004F0D2
:10BC50000BFE1D98B1EE400A42F23421084490EDEB
:10BC6000001A80EE010A8DED1E0AFFE71D9841F2D1
:10BC7000EC210844FCF7C4FE012821D1FFE71D9800
:10BC800000F51A7004F044FE012811D1FFE71D9859
:10BC900000F51A700390022104F042FE039804F0AC
:10BCA000B3FD42F60C00C2F2004080ED000A06E04F
:10BCB0001D9800F51A70012104F032FEFFE7FFE73E
:10BCC0001D9841F2EC210844FCF7BAFE032806D186
:10BCD000FFE71D9942F215220120885405E01D99C5
:10BCE00042F2152200208854FFE7DDE01D9842F261
:10BCF0008321405C022840F0D680FFE71D9841F286
:10BD000088310844FDF7ECFA01280BD1FFE71D99B3
:10BD100042F234224FF07E50885042F2102201202D
:10BD200088540AE01D9942F234224FF08040885036
:10BD300042F2102200208854FFE71D9800F51A7087
:10BD400004F0E6FD38B9FFE71D9800F51A700121EF
:10BD500004F0E6FDFFE71D9841F288310844FDF745
:10BD60003FFA012812D1FFE71D9800F51A7004F080
:10BD70006FFD1D98B1EE400A42F23421084490ED67
:10BD8000001A80EE010A8DED1F0AFFE71D9841F2AF
:10BD900088310844FDF73CFA012810D1FFE71D98CF
:10BDA00000F51A7004F054FD1D9842F23421084445
:10BDB00090ED001A80EE010A8DED1F0AFFE71D9835
:10BDC00041F288310844FDF763FA012810D1FFE7FA
:10BDD0001D9800F51A7004F047FD1D9842F23421B9
:10BDE000084490ED001A80EE010A8DED1E0AFFE76F
:10BDF0001D9841F288310844FDF73AFA012812D122
:10BE0000FFE71D9800F51A7004F02EFD1D98B1EEA5
:10BE1000400A42F23421084490ED001A80EE010AF3
:10BE20008DED1E0AFFE71D9841F288310844FDF7A9
:10BE3000F7F9022821D1FFE71D9800F51A7004F0E8
:10BE400067FD012811D1FFE71D9800F51A700290D7
:10BE5000022104F065FD029804F0D6FC42F60C00C5
:10BE6000C2F2004080ED000A06E01D9800F51A704D
:10BE7000012104F055FDFFE7FFE71D9841F28831ED
:10BE80000844FDF7EDF9012806D1FFE71D9942F2BC
:10BE900015220120885405E01D9942F21522002048
:10BEA0008854FFE7FFE7FFE7FFE7FFE7FFE71D989D
:10BEB00000F51A7001909DED1F0A04F011FD019824
:10BEC0009DED1E0A04F018FD019842F60C01C2F225
:10BED00000410A6844F6E423C2F200431A6091ED7F
:10BEE000000A04F0A9FC26B080BD0000000000009C
:10BEF00080B582B001900198009000F041F8009860
:10BF000000F036F90098FFF7AFFB0098FEF780FDD0
:10BF10000098FFF7A1F802B080BD0000000000000B
:10BF200080B582B001900198009000F029F8009847
:10BF300000F01EF9009842F28221405C022806D0EF
:10BF4000FFE7009942F283220220885413E0009810
:10BF500042F28121405C022806D0FFE7009942F2BC
:10BF600083220120885405E0009942F283220020B8
:10BF70008854FFE7FFE702B080BD0000000000002A
:10BF800080B582B001900198009041F2EC21084404
:10BF9000FCF70AFBB5EE400AF1EE10FA24D1FFE7F8
:10BFA000009841F2EC210844FCF706FBB5EE400A8C
:10BFB000F1EE10FA18D1FFE7009841F2EC210844A5
:10BFC000FCF71AFBB5EE400AF1EE10FA0CD1FFE7D0
:10BFD000009841F2EC210844FCF716FBB5EE400A4C
:10BFE000F1EE10FA06D0FFE7009942F2812200201C
:10BFF0008854BBE0009841F2EC210844FCF7E4FAD5
:10C00000B5EE400AF1EE10FA40F09A80FFE7009892
:10C0100041F2EC210844FCF7DFFAB5EE400AF1EEFC
:10C0200010FA40F08D80FFE7009841F2EC210844BF
:10C03000FCF7DAFAB5EE400AF1EE10FA40F0808033
:10C04000FFE7009841F2EC210844FCF7B9FC002816
:10C0500076D1FFE7009841F2EC210844FCF7C8FCD8
:10C0600000286DD1FFE7009841F2EC210844FCF76D
:10C07000FFFC002864D1FFE7009841F2EC2108445E
:10C08000FCF7E6FC00285BD1FFE7009841F2EC21C9
:10C090000844FCF715FD002852D1FFE7009841F253
:10C0A000EC210844FCF704FD002849D1FFE7009883
:10C0B00041F2EC210844FCF7BBFC002840D1FFE72B
:10C0C000009841F2EC210844FCF79AFCC0BBFFE762
:10C0D000009841F2EC210844FCF7B2FC80BBFFE77A
:10C0E000009841F2EC210844FCF792FC40BBFFE7CA
:10C0F000009841F2EC210844FCF792FC00BBFFE7FA
:10C10000009841F2EC210844FCF7BAFCC0B9FFE703
:10C11000009841F2EC210844FCF762FC80B9FFE78B
:10C12000009841F2EC210844FCF79AFC40B9FFE783
:10C13000009841F2EC210844FCF74AFC30B1FFE7DB
:10C14000009942F28122012088540EE0009841F2C9
:10C15000EC210844FCF744FB30B9FFE7009942F2B8
:10C16000812202208854FFE7FFE7FFE702B080BD8D
:10C1700080B582B001900198009041F28831084466
:10C18000FCF7DEFDB5EE400AF1EE10FA24D1FFE730
:10C19000009841F288310844FCF7DAFDB5EE400A18
:10C1A000F1EE10FA18D1FFE7009841F28831084407
:10C1B000FCF7F6FDB5EE400AF1EE10FA0CD1FFE700
:10C1C000009841F288310844FCF7F2FDB5EE400AD0
:10C1D000F1EE10FA06D0FFE7009942F28222002029
:10C1E0008854BBE0009841F288310844FCF7C0FD58
:10C1F000B5EE400AF1EE10FA40F09A80FFE70098A1
:10C2000041F288310844FCF7BBFDB5EE400AF1EE7F
:10C2100010FA40F08D80FFE7009841F28831084421
:10C22000FCF7B6FDB5EE400AF1EE10FA40F0808062
:10C23000FFE7009841F288310844FCF7D1FF00285D
:10C2400076D1FFE7009841F288310844FCF7E0FF1F
:10C2500000286DD1FFE7009841F288310844FDF7CE
:10C2600017F8002864D1FFE7009841F288310844AC
:10C27000FCF7FEFF00285BD1FFE7009841F2883110
:10C280000844FDF72DF8002852D1FFE7009841F24D
:10C2900088310844FDF71CF8002849D1FFE70098D1
:10C2A00041F288310844FCF7D3FF002840D1FFE772
:10C2B000009841F288310844FCF7B2FFC0BBFFE7A9
:10C2C000009841F288310844FCF7CAFF80BBFFE7C1
:10C2D000009841F288310844FCF7AAFF40BBFFE711
:10C2E000009841F288310844FCF7AAFF00BBFFE741
:10C2F000009841F288310844FCF7D2FFC0B9FFE74B
:10C30000009841F288310844FCF77AFF80B9FFE7D2
:10C31000009841F288310844FCF7B2FF40B9FFE7CA
:10C32000009841F288310844FCF762FF30B1FFE722
:10C33000009942F28222012088540EE0009841F2D6
:10C3400088310844FCF72CFE30B9FFE7009942F22F
:10C35000822202208854FFE7FFE7FFE702B080BD9A
:10C3600081B00090009842F27E21405C01B070479D
:10C3700082B001908DF8031001999DF8030042F2FC
:10C380007E22885402B0704781B00090009842F23B
:10C390007D21405C01B0704782B001908DF80310A0
:10C3A00001999DF8030042F27D22885402B0704743
:10C3B00080B588B007900798039042F274228158A4
:10C3C0000131815042F22C21425892F82C208DF8F4
:10C3D0001B20425892F82D208DF81A204258D28DF9
:10C3E00040F67A03C2F2004301931A804258128E3B
:10C3F00040F67803C2F2004302931A804158498EF6
:10C40000ADF81610BDF8161000EE101AB8EEC00AFE
:10C41000B2EE041A80EE010A8DED040A9DF81B109D
:10C4200000F0E6FB01990398098800F02DFC0398C1
:10C430009DF81A1000F0E8FB03989DED040A00F047
:10C44000F3FB02990398098800F00AFC08B080BD4C
:10C4500080B590B00F900F980290002107910E9137
:10C460000D91ADF82E10ADF82C10ADF82A10ADF8E6
:10C470002810099100F51A70019004F019FA01983A
:10C480008DED0E0A04F020FA01988DED0D0A04F0EE
:10C49000C7F902988DED090A41F64C21084404F0D1
:10C4A0001BFD8DED0C0A9DED0E0AF9EE000ACDED97
:10C4B000050AB1EE001A8DED061A4FF63E60CFF672
:10C4C000FF7004904FF4E1710391FAF739FF03997B
:10C4D000DDED050A9DED061A02460498ADF82E2002
:10C4E00040F26833C2F200430893BDF82E201A8050
:10C4F0009DED0D0AFAF724FFDDED050A9DED061A04
:10C500000899ADF82C00BDF82C0048809DED090A73
:10C510006FF0C700C821FAF713FF089A0146079881
:10C520004942ADF82A10BDF82A1091809DED0C0A01
:10C53000FBEE040AB3EE091A47F6FF71FAF700FFA3
:10C540000899ADF82800BDF82800C880099844F67D
:10C55000E021C2F20041086010B080BD0000000080
:10C5600081B00090009842F22C214258D26A45F6E0
:10C570001C73C2F200431A604058006B45F62071EC
:10C58000C2F20041086001B07047000000000000E6
:10C5900080B588B00790079802900021ADF81A1076
:10C5A000ADF81810ADF81610ADF8141041F20841AE
:10C5B0000844FDF7E5FC0146029842F2142201927C
:10C5C000815441F6C8410144009141F69461084408
:10C5D00002F022FDFBF744F90298BCEEC00A10EE0F
:10C5E000101AADF81A1041F6B471084402F014FDA7
:10C5F000FBF736F900990298BCEEC00A10EE102A3B
:10C60000ADF81820B1F85C20ADF8162091ED160AAF
:10C61000BCEEC00A10EE101AADF8141041F2B84189
:10C620000844FCF755FF014602988DF8101000F5FC
:10C630001A7004F06DF90099019A034602988DF87A
:10C64000123091F85C148DF80F1042F21521415C04
:10C65000C901825C41EA82119DF80F2041EA421132
:10C660009DF8102041EAC20142F21022825C41EAA8
:10C6700082019DF8122011438DF8131042F22021FF
:10C68000405C40F27031C2F200414870BDF81400C5
:10C690004880BDF8180088809DF81300C87108B064
:10C6A00080BD00000000000080B584B003900398B6
:10C6B000019000F5C65000F0C3FB019842F2302112
:10C6C000084480ED000A40F2E811C2F2004191ED09
:10C6D000000A90ED001A30EE410A8DED020A9DED40
:10C6E000020A9FED2B1AB4EE410AF1EE10FA0DDDAD
:10C6F000FFE740F2E810C2F2004090ED000A9FED23
:10C70000251A30EE010A80ED000A17E09DED020ABD
:10C710009FED201AB4EE410AF1EE10FA0DDAFFE7B0
:10C7200040F2E810C2F2004090ED000A9FED181AA6
:10C7300030EE010A80ED000AFFE7FFE7019840F2C2
:10C74000E811C2F20041096842F29072C2F200425E
:10C75000116042F23021415842F28C72C2F2004222
:10C76000116041F2B8410844FCF7D2FE019841F64D
:10C77000C8410844FDF780FE019841F20841084491
:10C78000FDF73EFC0198FFF763FE04B080BD00BFDB
:10C790000000B4430000B4C380B584B00390039894
:10C7A000029042F61300C2F200400178013101709C
:10C7B0000078322840F08F80FFE742F61000C2F286
:10C7C000004001780131017042F61102C2F20042CC
:10C7D00011780131117042F61202C2F20042117852
:10C7E0000131117000784AF6AA22C2F6AA224AF64E
:10C7F000AB21CAF6AA2100FB0120B0F1553F16D2A9
:10C80000FFE7029800F0E0F8029841F2EC210844BA
:10C81000FCF776F9029841F288310844FCF7A0FD54
:10C8200042F61001C2F2004100200870FFE742F614
:10C830001100C2F20040007842F29242C1F2492255
:10C8400046F6B751CBF2DB6100FB012044F6241120
:10C85000C2F2924188420DD8FFE7029841F20841A6
:10C860000844FDF7D9FB42F61101C2F20041002055
:10C870000870FFE7029841F2B8410144019141F686
:10C880004C21084402F0ACFE029841F6683108449D
:10C8900002F0A6FE029800F5C65000F00DFB0198CC
:10C8A00005F066F8029841F68451084402F0DCF97C
:10C8B000029841F69461084402F096FC029841F611
:10C8C000B471084402F090FC42F61301C2F2004138
:10C8D00000200870FFE704B080BD000000000000E9
:10C8E00080B58CB00B908DED0A0A0B98089000F57E
:10C8F0001A700190B1EE000A8DED020A03F0C0FF3C
:10C9000001989DED020A03F0C7FF089942F26010FA
:10C9100008444165052103910022049204F030FD92
:10C920000399049A089B42F2B8101844436504F036
:10C9300027FD089841F2EC21084445F6B041C2F2C7
:10C94000004145F68832C2F20042FCF701F9049931
:10C9500008980A9A42F22423C25042F28322815458
:10C9600041F2B84108440690FCF7F2FD069A089996
:10C9700041F20840059008440790C2F8040441F6CB
:10C98000C8400844C0F8B810FDF792FD079845F27A
:10C990000C31C2F20041FDF757FB059B069A07993F
:10C9A0000898C250486045F65820C2F200400990ED
:10C9B000EFF7D6FB09980421EFF72EFC06F03CFABE
:10C9C0000CB080BD0000000080B582B001900199DC
:10C9D000009142F27420085842F278228958884225
:10C9E0000DD1FFE7009942F27C220020885442F6E4
:10C9F0002C00C2F20040062106F02EFC05E0009952
:10CA000042F27C2201208854FFE7009942F2742010
:10CA1000085842F27822885002B080BD0000000021
:10CA200080B582B001900198009000F039F900982B
:10CA300000F51A7003F080FF009841F2EC210844E1
:10CA4000FCF762F9009841F288310844FCF7E8FCF1
:10CA5000009841F208410844FDF7D2FC009841F2E9
:10CA6000B8410844FDF7D0F9009841F6C8410844A0
:10CA7000FDF76EFF009842F26011084403F070FD6C
:10CA8000009842F2B811084403F0A2FE009842F266
:10CA900010220021815442F21122815442F21222CA
:10CAA000815442F21322815442F21422815442F200
:10CAB0001522815442F21622815442F217228154E7
:10CAC00042F218230122C25442F21C23C15042F206
:10CAD0002023C15442F22823C15440F28033C2F2D1
:10CAE000004342F22C2C40F80C3042F2342C4FF030
:10CAF000804340F80C3042F2382C4FF4C87320F8D1
:10CB00000C3042F23C2C41F26F23C3F6832340F8F1
:10CB10000C304FF4095C4DF20A73C3F6234340F81E
:10CB20000C3042F2442C45F2EE13C3F6B87340F8D1
:10CB30000C3042F2482C46F26763C3F6E67340F8C5
:10CB40000C3042F24C2C46F66323C3F61A4340F8ED
:10CB50000C3042F2502C40F80C3042F2542C48F287
:10CB60000003C4F2104340F80C3042F2582C40F855
:10CB70000C3042F25C2C49F6A633C3F6443340F83D
:10CB80000C3042F2602C40F80C3042F26423C15267
:10CB900042F26623C15242F27423C15042F278231A
:10CBA000C15042F27C23C15442F27D23C15442F26F
:10CBB0007E23C25442F27F23C2544FF40A5281545E
:10CBC00042F281230222C25442F28223C25442F230
:10CBD0008322815402B080BD80B582B0019001985B
:10CBE000009000F51A7003F09FFF009802B080BD1E
:10CBF00082B001908DF8031001999DF8030081F82F
:10CC0000500002B07047000082B001908DF8031010
:10CC100001999DF80320087E00F00F0040EA021001
:10CC2000087602B07047000082B001908DED000AD6
:10CC300001990098C1F8910002B07047000000000F
:10CC400081B000900098B0F8690001B07047000012
:10CC500081B000900098B0F8560001B07047000015
:10CC600082B00190ADF802100199BDF80200A1F860
:10CC7000560002B07047000081B000900098B0F8F4
:10CC8000580001B07047000082B00190ADF802106A
:10CC90000199BDF80200A1F8580002B070470000E9
:10CCA00080B582B00190019800900021017041721E
:10CCB000052282720222C27202730161416100F296
:10CCC000331004F061FA009800F23B1004F03CFAD3
:10CCD000009800F5A87004F03FFA009800F5BA70CB
:10CCE00004F042FA009800F2C51004F045FA0098EA
:10CCF00000F2252004F050FA009802B080BD000038
:10CD000080B586B0059005990091D1F8F0002C30DF
:10CD100001900198C088ADF80E0001988088ADF8A8
:10CD20000C0001984088ADF80A00BDF80E00B1F87B
:10CD30004821801A04900498D1F814114A42C1EB9A
:10CD4000D271B0EB610F07DAFFE70099D1F850011B
:10CD50000130C1F8500111E000990498D1F8141184
:10CD600001EBD171B0EB610F07DDFFE70099D1F85E
:10CD700050010138C1F85001FFE7FFE70099D1F8F1
:10CD8000FC20D1F81431D1F85001BDF80EC000FBE1
:10CD900003C01044C1F84C010198007881F82C01BF
:10CDA00091ED451A91ED530AB8EEC00AB8EE411A5A
:10CDB00080EE010A9FED1E1A20EE010A81ED4C0A59
:10CDC00091ED4C0A9FED1B1A20EE010A81ED4D0AF0
:10CDD000BDF90C0000EE100AB8EEC00A81ED4E0A53
:10CDE000BDF90C0000EE100AB8EEC00A20EE010AF0
:10CDF00081ED4F0ABDF80A0091ED410A70EE000A7C
:10CE0000002140F6FF729FED0C0AFAF7C9FA00996B
:10CE100081ED500A0198407800EE100AB8EE400A01
:10CE200081ED510ABDF80E00A1F8480106B080BDA1
:10CE30000000B44335FA8E3C000000000000000002
:10CE400081B00090009890ED4C0A01B0704700004E
:10CE500082B001908DED000A01990098C1F864013B
:10CE600002B070470000000082B001908DED000A12
:10CE700001990098C1F8740102B0704700000000E9
:10CE800080B582B0019000910198D0F81C11013159
:10CE9000C0F81C11FFF734FF02B080BD0000000095
:10CEA00082B001908DF8031001999DF8030081F87C
:10CEB000560102B07047000082B0019001990091C4
:10CEC000D1F81C01D1F82011884205D1FFE7009963
:10CED000002081F8280104E00099012081F8280150
:10CEE000FFE70099D1F81C01C1F8200102B070479A
:10CEF000B0B58AB00DF1100CCDF804C09446019A7B
:10CF00008E4604460F980E990994CDF820E08DF8CE
:10CF10001FC082ED020A0593C2ED000A8DF80F10C2
:10CF20008DF80E0009980290089800684AF20001F6
:10CF3000C4F20001884208D1FFE7029940F2902034
:10CF4000C2F20040C1F8F00011E0089800684AF20F
:10CF50000041C4F20001884208D1FFE7029940F283
:10CF60008030C2F20040C1F8F000FFE7FFE702990D
:10CF70009DF81F0081F8F4009DF80F0081F856011C
:10CF80009DF80E0081F854010598C1F8FC00069840
:10CF9000C1F800010498C1F8040108989DF81F1019
:10CFA000F9F75AFF0299C1F8F8000AB0B0BD0000C5
:10CFB00083B002900298009090F8540180380146A6
:10CFC0000191282800F24C810199DFE811F043011A
:10CFD0003D0149014901490149014901490137011F
:10CFE00049014901490149014901490149014901F1
:10CFF00049014901490149014901490149014901E1
:10D0000049011F0125012B01310149014901490154
:10D01000290039005D0077009B00B900E100FB00AA
:10D020000099D1F8F820A120107091F80C01D1F8E6
:10D03000F820107191F80D01D1F8F810487110E145
:10D040000099D1F8F820A220107091F82601D1F8AB
:10D05000F820907091F82701D1F8F820D07091F85D
:10D060000C01D1F8F820107191F80D01D1F8F820D9
:10D07000507191F80E01D1F8F820907191F80F01DC
:10D08000D1F8F810C871ECE00099D1F8F820A3208D
:10D09000107091F80C01D1F8F820107191F80D0181
:10D0A000D1F8F820507191F80E01D1F8F820907164
:10D0B00091F80F01D1F8F810C871D2E00099D1F8B9
:10D0C000F820A420107091F82401D1F8F820907075
:10D0D00091F82501D1F8F820D07091F80C01D1F821
:10D0E000F820107191F80D01D1F8F820507191F8E5
:10D0F0000E01D1F8F820907191F80F01D1F8F810D5
:10D10000C871AEE00099D1F8F820A5201070D1F8D0
:10D11000F8200020507091F80C01D1F8F82010711F
:10D1200091F80D01D1F8F820507191F80E01D1F865
:10D13000F820907191F80F01D1F8F810C87190E0C3
:10D140000099D1F8F820A6201070D1F8F82000201E
:10D15000507091F82401D1F8F820907091F82501D1
:10D16000D1F8F820D07091F80C01D1F8F8201071A6
:10D1700091F80D01D1F8F820507191F80E01D1F815
:10D18000F820907191F80F01D1F8F810C87168E09B
:10D190000099D1F8F820A720107091F80C01D1F86F
:10D1A000F820107191F80D01D1F8F820507191F824
:10D1B0000E01D1F8F820907191F80F01D1F8F81014
:10D1C000C8714EE00099D1F8F820A820107091F8AD
:10D1D0002401D1F8F820907091F82501D1F8F820B9
:10D1E000D07091F80C01D1F8F820107191F80D0170
:10D1F000D1F8F820507191F80E01D1F8F820907113
:10D2000091F80F01D1F8F810C871FFE70098D0F835
:10D21000F8109A20087024E00098D0F8F8109B20AD
:10D2200008701EE00098D0F8F8109C20087018E0F4
:10D230000098D0F8F8109D20087012E00098D0F8FF
:10D24000F810882008700CE00098D0F8F8108120C1
:10D25000087006E00098D0F8F8108020087000E010
:10D26000FFE703B07047000083B002908DED010A24
:10D27000029800909DED010AB0F90A0101EE100A32
:10D28000B8EEC11AB4EE410AF1EE10FA06DDFFE77E
:10D290000099B1F80A01A1F80C0121E000989DED78
:10D2A000010AB0F90A01404201EE100AB8EEC11AB3
:10D2B000B4EE410AF1EE10FA07DAFFE70099B1F88F
:10D2C0000A014042A1F80C0109E000999DED010A14
:10D2D000BDEEC00A10EE100AA1F80C01FFE7FFE74F
:10D2E00003B070470000000080B582B00190019843
:10D2F000009004F0C1FE0098503004F0BDFE00988C
:10D30000A03004F0B9FE00980021C4F24831C0F802
:10D3100000114CF25031A0F808114FF40062A0F84F
:10D320000A210021A0F80C1149F69A13C3F699635B
:10D33000C0F810314FF48033C0F8143180F8181160
:10D34000C0F81C11C0F820114FF6FF73A0F824316B
:10D35000A0F8262180F828119C2280F8542180F81A
:10D360005511022280F85621C0F85811C0F85C11FE
:10D37000C0F86011C0F86411C0F86811C0F86C11F1
:10D38000C0F87011C0F8741102B080BD0000000038
:10D3900080B582B0019001980090183001F0ACFA8D
:10D3A000009844F20001C4F29C61416400210165CF
:10D3B000416580F8651080F86610816702B080BD15
:10D3C00081B00090009940F2E400C2F2004002688F
:10D3D0004DF68363C4F21B33A2FB0332920C8A60C6
:10D3E000006844F6D352C1F26202A0FB0220800919
:10D3F000C86001B07047000080B584B0039002910E
:10D400000398019000F09CFE30B1FFE70199087984
:10D4100040F08000087108E0019800F019FA0199C5
:10D420000246087910430871FFE7019800F0E4FD17
:10D4300030B1FFE70199087940F04000087108E039
:10D44000019800F06DF901990246087910430871BE
:10D45000FFE70198407928B1FFE70198029900F0B1
:10D460008FFA26E002994BF21F30C3F67B00486228
:10D4700002994DF2C970C3F66B308862029944F686
:10D480002F70CBF6E220C86202994CF65830C4F2F5
:10D490001B100863029890ED0C1A9FED080A80EEAD
:10D4A000010A80ED080A02990020C4F22020886158
:10D4B000FFE70198007904B080BD00BFC3F51C41AF
:10D4C00080B586B0059004910598029042F6160248
:10D4D000C2F2004203921221062300F0E1FF0298FB
:10D4E000039A1178537841EA032142F61403C2F2F9
:10D4F00000431980B3F9001000EE101AB8EEC00A0C
:10D5000040F21401C2F2004191ED001A20EE010A2E
:10D51000DDF810C08CED000A92F802C092F803E02A
:10D520004CEA0E2CA3F800C0B3F900C000EE10CAFC
:10D53000B8EEC00A91ED001A20EE010ADDF810C025
:10D540008CED010A92F804C092F805E04CEA0E2C2A
:10D55000A3F800C0B3F9003000EE103AB8EEC00AEC
:10D5600091ED001A20EE010A049981ED020A0021D2
:10D57000082300F05DFF039800780F2840F09580A5
:10D58000FFE70298407900284AD0FFE742F61603E9
:10D59000C2F200439878D97840EA012042F614019B
:10D5A000C2F200410880B1F9000000EE100AB8EEA6
:10D5B000C01A40F21800C2F2004090ED002A049A0E
:10D5C00092ED090A91EE020A82ED030A1A7993F8A4
:10D5D00005C042EA0C220A80B1F9002000EE102AB0
:10D5E000B8EEC01A90ED002A049A92ED0A0A91EE64
:10D5F000020A82ED040A9A79DB7942EA03220A8060
:10D60000B1F9001000EE101AB8EEC01A90ED002A21
:10D61000049890ED0B0A91EE020A80ED050A43E0B2
:10D6200042F61603C2F200439878D97840EA012006
:10D6300042F61401C2F200410880B1F9000000EE88
:10D64000100AB8EEC00A40F21800C2F2004090ED95
:10D65000001A20EE010A049A82ED030A1A7993F85F
:10D6600005C042EA0C220A80B1F9002000EE102A1F
:10D67000B8EEC00A90ED001A20EE010A049A82ED7D
:10D68000040A9A79DB7942EA03220A80B1F9001090
:10D6900000EE101AB8EEC00A90ED001A20EE010A52
:10D6A000049880ED050AFFE7FFE7029842F61602AC
:10D6B000C2F2004201922221022300F0F1FE019900
:10D6C00008784978C00040EA511142F61400C2F2CD
:10D6D00000400180B0F90000B0F5806F09DBFFE782
:10D6E00042F61401C2F200410888A0F500600880EB
:10D6F000FFE742F61400C2F20040B0F9000000EE6D
:10D70000100AB8EEC01AB4EE002AB3EE070AA1EE72
:10D71000020A049880ED070A06B080BD00000000F0
:10D7200080B58AB0089008980590002103918DF883
:10D730001F108DF81E100DF11E02049200F0ECFE79
:10D7400005989621069101F027F80399049A059807
:10D7500000F0E2FE0598069901F01EF805981421E4
:10D76000B62200F02DFF0598502100F0C9FF039963
:10D77000049A059800F0D0FE0598069901F00CF87F
:10D780000399049A059800F0C7FE0598069901F0E0
:10D7900003F89DF81E000F2804D0FFE7FF208DF846
:10D7A00027004FE000208DF81F00FFE79DF81F00C5
:10D7B000052843DCFFE705989DF81F1001EB4103A6
:10D7C00040F2BC11C2F200410291CA18C95C527801
:10D7D00000F0F6FE05989621019100F0DDFF059816
:10D7E00002999DF81F2002EB4202895C0DF11E0296
:10D7F00000F092FE0598019900F0CEFF02999DF885
:10D800001E009DF81F2002EB420211444978884215
:10D810000DD0FFE79DF81F0000EB400140F2BC1067
:10D82000C2F20040084480788DF827000AE0FFE744
:10D830009DF81F0001308DF81F00B7E700208DF81C
:10D840002700FFE79DF827000AB080BD0000000018
:10D8500080B58AB0089008980590002103918DF852
:10D860001F108DF81E100DF11F02049200F07CFEB7
:10D8700005989621069100F08FFF0399049A059868
:10D8800000F072FE0598069900F086FF05987E214B
:10D89000B62200F0B9FE0598502100F031FF03993F
:10D8A000049A059800F060FE0598069900F074FF50
:10D8B0000399049A059800F057FE0598069900F020
:10D8C0006BFF9DF81F001E2804D0FFE7FF208DF896
:10D8D00027004FE000208DF81E00FFE79DF81E0096
:10D8E000052843DCFFE705989DF81E1001EB410376
:10D8F00040F2CE11C2F200410291CA18C95C5278BE
:10D9000000F082FE05989621019100F045FF0598F0
:10D9100002999DF81E2002EB4202895C0DF11F0264
:10D9200000F022FE0598019900F036FF02999DF85B
:10D930001F009DF81E2002EB4202114449788842E4
:10D940000DD0FFE79DF81E0000EB400140F2CE1025
:10D95000C2F20040084480788DF827000AE0FFE713
:10D960009DF81E0001308DF81E00B7E700208DF8ED
:10D970002700FFE79DF827000AB080BD00000000E7
:10D9800080B594B006AA0292139012911398039056
:10D99000002011901090F9F72BFC42F62000C2F203
:10D9A000004080ED000AFFE7F9F722FC42F6200074
:10D9B000C2F2004090ED001A30EE410AB2EE041AB5
:10D9C000B4EE410AF1EE10FA1EDDFFE712994BF2B8
:10D9D0001F30C3F67B00486212994DF2C970C3F63E
:10D9E0006B308862129944F62F70CBF6E220C86241
:10D9F00012994CF65830C4F21B100863129900209B
:10DA0000C4F220208861E1E29FEDE40AF9F750FFBB
:10DA1000129900200863129948621299886212993B
:10DA2000C862ADF81600FFE7BDF8160040F2E0113D
:10DA3000C2F200410988884280F2DA81FFE7039848
:10DA4000122110AA0192062300F02AFD9DF8400041
:10DA50009DF8411040EA0120ADF83E00BDF93E00BE
:10DA600000EE100AB8EEC00A40F21400C2F2004004
:10DA700090ED001A20EE010A129981ED000A9DF83E
:10DA800042109DF8432041EA0221ADF83E10BDF955
:10DA90003E1000EE101AB8EEC00A90ED001A20EE0B
:10DAA000010A129981ED010A9DF844109DF8452064
:10DAB00041EA0221ADF83E10BDF93E1000EE101A09
:10DAC000B8EEC00A90ED001A20EE010A129880ED1F
:10DAD000020A129890ED002A90ED010A90ED021AC8
:10DAE00020EE000AA2EE020AA1EE010A06F0EEFC08
:10DAF00002990398019A81ED020A91ED021A129996
:10DB000091ED0C0A30EE010A81ED0C0A0021082388
:10DB100000F08EFC9DF840000F285FD1FFE79DF8D4
:10DB200042009DF8431040EA0120ADF83E00BDF9E7
:10DB30003E0000EE100AB8EEC00A40F21800C2F231
:10DB4000004090ED001A20EE010A129981ED030ABF
:10DB5000129991ED031A91ED090A30EE010A81ED57
:10DB6000090A9DF844109DF8452041EA0221ADF8CC
:10DB70003E10BDF93E1000EE101AB8EEC00A90ED4E
:10DB8000001A20EE010A129981ED040A129991ED12
:10DB9000041A91ED0A0A30EE010A81ED0A0A9DF895
:10DBA00046109DF8472041EA0221ADF83E10BDF92C
:10DBB0003E1000EE101AB8EEC00A90ED001A20EEEA
:10DBC000010A129880ED050A129890ED051A90ED61
:10DBD0000B0A30EE010A80ED0B0AFFE7BDF81600D4
:10DBE00038BBFFE7089807900898069000208DF84A
:10DBF0001500FFE79DF81500022819DCFFE71298D1
:10DC00009DF8152000EB8200C0680CA941F82200A5
:10DC100012989DF8152000EB8200C06809A941F810
:10DC20002200FFE79DF8150001308DF81500E1E7AF
:10DC300064E0029890ED020A90ED011AB4EE410AF8
:10DC4000F1EE10FA03DDFFE708980790FFE702986E
:10DC500090ED020A90ED001AB4EE410AF1EE10FACE
:10DC600003DAFFE708980690FFE700208DF814001C
:10DC7000FFE79DF8140002283FDCFFE712989DF8AB
:10DC8000141000EB810090ED030A0CA800EB81005A
:10DC900090ED001AB4EE410AF1EE10FA0ADDFFE74A
:10DCA00012989DF8142000EB8200C0680CA941F87E
:10DCB0002200FFE712989DF8141000EB810090ED10
:10DCC000030A09A800EB810090ED001AB4EE410AA6
:10DCD000F1EE10FA0ADAFFE712989DF8142000EB33
:10DCE0008200C06809A941F82200FFE7FFE79DF81C
:10DCF000140001308DF81400BBE7FFE7029890EDA7
:10DD0000010A90ED001A30EE410A44F6F820C2F202
:10DD1000004080ED000A00208DF81300FFE79DF819
:10DD2000130002281DDCFFE79DF813100CA800EB80
:10DD3000810090ED000A09A800EB810090ED001A27
:10DD400030EE410A44F6FC20C2F2004000EB8100B4
:10DD500080ED000AFFE79DF8130001308DF81300F5
:10DD6000DDE744F6F820C2F2004090ED000AB6EE7E
:10DD7000001AB4EE410AF1EE10FA2DDCFFE744F68A
:10DD8000FC20C2F2004090ED000A9FED961AB4EE1E
:10DD9000410AF1EE10FA1FDC02E000BF0AD7A33BF4
:10DDA00044F6FC20C2F2004090ED010A9FED8D1A6E
:10DDB000B4EE410AF1EE10FA0EDCFFE744F6FC2067
:10DDC000C2F2004090ED020A9FED861AB4EE410ABD
:10DDD000F1EE10FA01DDFFE70AE09FED830AF9F7A3
:10DDE00067FDFFE7BDF816000130ADF816001BE631
:10DDF00040F2E010C2F20040008800EE100AB8EED7
:10DE0000401A129890ED0C0A80EE010A80ED0C0A7F
:10DE100000208DF81200FFE79DF8120002281BDC9D
:10DE2000FFE740F2E010C2F20040008800EE100A66
:10DE3000B8EE401A12989DF8121000EB810090ED98
:10DE4000090A80EE010A80ED090AFFE79DF8120039
:10DE500001308DF81200DFE70398222110AA022377
:10DE600000F01EFB9DF840009DF84110C00040EA04
:10DE70005110ADF83E00BDF93E00B0F5806F07DBF4
:10DE8000FFE7BDF83E00A0F50060ADF83E00FFE7FB
:10DE9000BDF93E0000EE100AB8EEC01AB4EE002A3A
:10DEA000B3EE070AA1EE020A129880ED060A42F6C6
:10DEB0005001C2F20041088801300880FFE744F6B3
:10DEC000F820C2F2004090ED000A0120B6EE001AE0
:10DED000B4EE410AF1EE10FA009071DCFFE71298FF
:10DEE00090ED0C0A9FED411A30EE010AB0EEC00A27
:10DEF0000120B6EE001AB4EE410AF1EE10FA0090DD
:10DF00005EDCFFE744F6FC20C2F2004090ED000A20
:10DF100001209FED341AB4EE410AF1EE10FA0090A0
:10DF20004EDCFFE744F6FC20C2F2004090ED010A0F
:10DF300001209FED2C1AB4EE410AF1EE10FA009088
:10DF40003EDCFFE744F6FC20C2F2004090ED020AFE
:10DF500001209FED241AB4EE410AF1EE10FA009070
:10DF60002EDCFFE7129890ED090AB0EEC00A0120FE
:10DF70009FED1F1AB4EE410AF1EE10FA00901FDC7B
:10DF8000FFE7129890ED0A0AB0EEC00A01209FED5B
:10DF9000181AB4EE410AF1EE10FA009010DCFFE717
:10DFA000129890ED0B0AB0EEC00A9FED111A0020F6
:10DFB000B4EE410AF1EE10FAC8BF01200090FFE76D
:10DFC0000098C00700287FF4EFACFFE7129890EDAF
:10DFD0000C1A9FED080A80EE010A80ED080A14B0C1
:10DFE00080BD00BF9A99193E6F12033ACDCC1CC177
:10DFF0000AD7233CC3F51C4180B58AB00890089825
:10E000000590002102918DF81F108DF81E100DF162
:10E010001F02039200F080FA05989621049100F007
:10E02000BBFB0299039A059800F076FA04990598CB
:10E0300000F0B2FB05981421B62200F0C1FA059851
:10E040005021069100F05CFB0299039A059800F0BC
:10E0500063FA0499059800F09FFB0299039A0598CA
:10E0600000F05AFA0499059800F096FB05983C21B7
:10E07000012200F0A5FA0598069900F041FBFFE7A0
:10E0800005983C210DF11F0200F046FA05989621F3
:10E0900000F082FB9DF81E0001308DF81E00FFE7A6
:10E0A0009DF81F10002089070029019008D4FFE780
:10E0B0009DF81E1000200A29B8BF01200190FFE73B
:10E0C0000198C0070028DBD1FFE79DF81E000A2851
:10E0D00004D1FFE740208DF827000DE09DF81F00D8
:10E0E0004007002804D5FFE740208DF8270003E013
:10E0F00000208DF82700FFE79DF827000AB080BDBB
:10E1000080B584B003908DF80B10039801909DF8B2
:10E110000B100268917200680068694601230B6069
:10E1200040F60001C5F602010822F2F79DFB0198B6
:10E13000006890F88A0004B080BD00000000000074
:10E1400080B596B0149014980C9000210A91ADF807
:10E1500040100F918DF83B108DF83A100DF13B02F5
:10E160000B9200F001FA0C9896210D9100F014FB2F
:10E170000A990B9A0C9800F0F7F90C980D9900F099
:10E180000BFB0C987E21B62200F03EFA0C98502131
:10E1900000F0B6FA0A990B9A0C9800F0E5F90C9881
:10E1A0000D9900F0F9FA0A990B9A0C9800F0DCF935
:10E1B0000C980D9900F0F0FA9DF83B001E2804D051
:10E1C000FFE7FF208DF857002EE100208DF83A0080
:10E1D000FFE79DF83A00032847DCFFE70C989DF81D
:10E1E0003A1001EB410344F69441C0F60201099153
:10E1F000CA18C95C527800F007FA0C989621089169
:10E2000000F0CAFA0C9809999DF83A2002EB4202F4
:10E21000895C0DF13B0200F0A7F90C98089900F019
:10E22000BBFA09999DF83B009DF83A2002EB4202A7
:10E230001144497888420DD0FFE79DF83A0000EB81
:10E24000400144F69440C0F60200084480788DF8FE
:10E250005700E9E00C98502100F052FAFFE79DF8D2
:10E260003A0001308DF83A00B3E700208DF83A000B
:10E27000FFE79DF83A00012875DCFFE70C989DF850
:10E280003A1001EB410144F69442C0F602020792B3
:10E290000A44117B527B00F0B7F90C989621069145
:10E2A00000F07AFA0C98079A9DF83A1001EB4101B8
:10E2B0001144097B0DF13B0200F056F90C980699C8
:10E2C00000F06AFA079A9DF83B009DF83A1001EBBE
:10E2D00041011144497B88420DD0FFE79DF83A0087
:10E2E00044F69441C0F6020100EB40000844807BF4
:10E2F0008DF8570098E00C98502100F001FA0C9826
:10E3000012210FAA062300F0CBF89DF83C009DF8DF
:10E310003D1040EA01209DF83A1001EB410211A99D
:10E3200021F812009DF83E009DF83F2040EA0220AF
:10E330009DF83A2002EB420201EB420250809DF828
:10E3400040009DF8412040EA02209DF83A2002EB6F
:10E35000420201EB42018880FFE79DF83A0001305C
:10E360008DF83A0085E70C986D210491002200F0A9
:10E370004BF90C989621059100F00EFA04990C982F
:10E380000DF13B0200F0F0F80C98059900F004FA4A
:10E390009DF83B0020B1FFE704208DF8570043E0D3
:10E3A0000C987E21B62200F02FF90C98502100F035
:10E3B000A7F9BDF94400BDF94A10401A40F2555181
:10E3C000884213DBFFE7BDF94600BDF94C10401A47
:10E3D00040F25551884209DBFFE7BDF94800BDF91D
:10E3E0004E10401AB0F52A7F04DAFFE780208DF83E
:10E3F000570019E00C98002103910DF13B020192A6
:10E4000000F0B2F80C989621029100F0C5F9019A3B
:10E410000C98039900F0A8F80C98029900F0BCF948
:10E4200003988DF85700FFE79DF8570016B080BDA0
:10E4300080B586B005908DF8131003928DF80B30DF
:10E440000598019040F60000C5F602000821E8F7A3
:10E450006BF801989DF8131041F08001FFF750FE12
:10E46000FFE79DF80B0078B1FFE701985521FFF712
:10E4700047FE039908700398013003909DF80B0044
:10E4800001388DF80B00ECE740F60000C5F60200FD
:10E490000821E8F749F806B080BD00000000000040
:10E4A00080B586B005908DF8131003928DF80B306F
:10E4B0000598019040F60000C5F602000121E8F73A
:10E4C00033F801989DF8131041F08001FFF718FE12
:10E4D00001989DF8131041F08001FFF711FEFFE74E
:10E4E0009DF80B0078B1FFE701985521FFF708FE72
:10E4F000039908700398013003909DF80B000138D0
:10E500008DF80B00ECE740F60000C5F60200012193
:10E51000E8F70AF806B080BD80B586B005908DF8A2
:10E52000131003920598009040F60000C5F6020013
:10E53000029008210191E7F7F7FF00989DF813106A
:10E5400041F08001FFF7DCFD00985521FFF7D8FD71
:10E55000019902460298039B1A70E7F7E5FF06B09F
:10E5600080BD00000000000080B588B007908DF8E5
:10E570001B1005920798029040F60000C5F60200B5
:10E58000049001210391E7F7CFFF02989DF81B103B
:10E5900041F08001FFF7B4FD029855210191FFF78A
:10E5A000AFFD01990298FFF7ABFD0399024604986D
:10E5B000059B1A70E7F7B8FF08B080BD00000000A7
:10E5C00080B586B005908DF813108DF8122005984F
:10E5D000019040F60000C5F6020003900821029168
:10E5E000E7F7A2FF01989DF81310FFF789FD019846
:10E5F0009DF81210FFF784FD02990398E7F794FF46
:10E6000006B080BD0000000080B586B005908DF892
:10E6100013108DF812200598019040F60000C5F601
:10E620000200039001210291E7F77EFF01989DF817
:10E630001310FFF765FD01989DF81210FFF760FDBC
:10E6400002990398E7F770FF06B080BD0000000054
:10E6500080B586B0049003910292049801900398CB
:10E6600020B9FFE700208DF8170045E00398006807
:10E6700043F20001C4F20101884207D1FFE701998A
:10E6800040F23C50C2F20040086025E00398006868
:10E6900043F60001C4F20001884207D1FFE7019967
:10E6A00040F25060C2F20040086014E00398006835
:10E6B00043F60041C4F20001884207D1FFE7019907
:10E6C00040F26470C2F20040086003E000208DF860
:10E6D000170011E0FFE7FFE7FFE70198FEF770FE84
:10E6E000FFE701980299FEF787FE08B1FFE7F8E718
:10E6F00001208DF81700FFE79DF8170006B080BDD8
:10E7000087B00690ADF8161006990020049003908B
:10E710000290019000904EF21400CEF200000068CA
:10E720000090BDF81600C968484304904EF21800E6
:10E73000CEF2000000680390FFE74EF21800CEF220
:10E740000000006802900298039988421ED0FFE7FB
:10E7500002980399884207D2FFE703980299411A69
:10E7600001980844019008E000980299401A039922
:10E770000144019808440190FFE702980390019832
:10E780000499884201D3FFE701E0FFE7D5E707B02E
:10E79000704700000000000087B00690ADF816102A
:10E7A00006990020049003900290019000904EF290
:10E7B0001400CEF2000000680090BDF816008968D1
:10E7C000484304904EF21800CEF200000068039017
:10E7D000FFE74EF21800CEF20000006802900298A7
:10E7E000039988421ED0FFE702980399884207D216
:10E7F000FFE703980299411A01980844019008E044
:10E8000000980299401A0399014401980844019024
:10E81000FFE70298039001980499884201D3FFE72B
:10E8200001E0FFE7D5E707B07047000000000000F7
:10E8300081B0009000980021017141718160C16038
:10E8400001B070470000000082B001900091009973
:10E850004FF07E5008600099002048600099886061
:10E860000099C86002B0704781B0009000984FF0E6
:10E870007E510160002141600022C4F27A42826030
:10E88000C1600161416101B07047000000000000FB
:10E8900080B582B0019001980090002101704CF287
:10E8A0008F21C3F67541C1604CF20001C4F20541ED
:10E8B00001610021C3F6507141614FF07E518161C9
:10E8C0001C309FED040ADFED040A02F0FDFB009806
:10E8D00002B080BDACC5273772F97F3F0000000051
:10E8E00080B582B00190019800901C3002F014FCB9
:10E8F000009802B080BD000081B0009000984FF0F9
:10E900007E518160C1600161416100218161C1610D
:10E91000816201B07047000080B586B0059005980F
:10E920000090D0F8A0002C300190019804A9F8F7CD
:10E9300043FE019802300DF10E01F8F73DFE0198FB
:10E94000043003A9F8F738FE019806300DF10A01EA
:10E95000F8F732FE009890F8B40001282CD1FFE7B8
:10E960000099BDF81000D1F8E020801AADF812002F
:10E97000BDF91200B1F8B6104A42C1EBD271B0EB4A
:10E98000610F07DAFFE70099D1F8E8000130C1F81C
:10E99000E80010E00099BDF91200B1F8B610B0EB34
:10E9A000510F07DDFFE70099D1F8E8000138C1F801
:10E9B000E800FFE7FFE7FFE70098D0F8E810B0F8BD
:10E9C000B620BDF8103001FB0231C0F8E41090ED24
:10E9D0002B1A90ED390AB8EEC00AB0F8B61002EE64
:10E9E000101AB8EE422A80EE020A9FED312A20EE7C
:10E9F000020A80EE010A80ED320A90ED2B1A90EDAA
:10EA0000390AB8EEC00AB0F8B61002EE101AB8EE25
:10EA1000422A80EE020A30EE000A9FED262A20EEFE
:10EA2000020A80EE010A80ED330ABDF90E1000EEF5
:10EA3000101AB8EEC00A9FED201A20EE010A90EDE0
:10EA40002B1A80EE010A80ED340ABDF90E1000EE9B
:10EA5000101AB8EEC00AB1EE081A20EE010A90EDC5
:10EA60002B1A80EE010A80ED350ABDF90C1000EE7C
:10EA7000101AB8EEC00A80ED360ABDF90A1000EE91
:10EA8000101AB8EEC00A9FED0D1A30EE010A80EDA3
:10EA9000370ABDF81010C0F8E01090F8B40028B99B
:10EAA000FFE70099012081F8B400FFE706B080BDC0
:10EAB0000000B443DB0F49405077D63D3393884381
:10EAC00081B00090009890ED330A01B070470000CB
:10EAD00081B00090009890ED360A01B070470000B8
:10EAE00081B000900098B0F8B80001B07047000005
:10EAF00082B001908DED000A01990098C1F80001E3
:10EB000002B070470000000080B582B00190009113
:10EB10000198D0F8BC100131C0F8BC10FFF7FCFE22
:10EB200002B080BD0000000081B00090009890F815
:10EB3000F40001B07047000082B001908DED000A32
:10EB400001990098C1F8040102B07047000000006C
:10EB500082B001908DF8031001999DF8030081F8AF
:10EB6000F40002B07047000080B586B005900598AB
:10EB7000039090F8F4000146049103286AD80499A0
:10EB8000DFE801F00214263E039890ED2C1A90ED78
:10EB9000420A80EE010AB0F8B81001EE101AB8EE81
:10EBA000C11A20EE010A80ED430A58E0039890ED67
:10EBB0002C1A90ED420A80EE010AB0F8B81001EE6E
:10EBC000101AB8EEC11A20EE010A80ED430A46E0A1
:10EBD000039901F15000029091ED410A03F090F881
:10EBE0000298039991ED340A03F03AFA029803F07F
:10EBF0009FF8029803F02CFA039880ED430A2EE068
:10EC0000039890ED400A03F07BF8039890ED330AE7
:10EC100003F026FA039803F08BF8039803F018FA30
:10EC2000039981ED410A01F15000019091ED410AF3
:10EC300003F066F80198039991ED340A03F010FA95
:10EC4000019803F075F8019803F002FA039880ED3B
:10EC5000430A04E003990020C1F80C01FFE7039880
:10EC600000F08AF806B080BD80B584B003900399A7
:10EC70000291D1F8BC00D1F8C010884211D1FFE751
:10EC80000298002180F8C4109FED0C0A8DED010A56
:10EC900003F042F802989DED010A503003F03CF871
:10ECA00004E00299012081F8C400FFE70299D1F83D
:10ECB000BC00C1F8C00004B080BD00BF000000006F
:10ECC00080B586B0059004918DF80F208DF80E3038
:10ECD0008DED020ACDED010A0598009004980068B8
:10ECE0004AF20001C4F20001884208D1FFE700990E
:10ECF00040F29020C2F20040C1F8A00023E0049846
:10ED000000684AF20041C4F20001884208D1FFE7DE
:10ED1000009940F28030C2F20040C1F8A00011E03A
:10ED2000049800684DF20041C4F20001884208D105
:10ED3000FFE7009940F2D830C2F20040C1F8A000CD
:10ED4000FFE7FFE7FFE700999DF80F0081F8A400B7
:10ED50009DF80E0081F8F4000298C1F8AC0001980B
:10ED6000C1F8B00004989DF80F10F8F70DF900995C
:10ED7000C1F8A80006B080BD81B00090009991ED67
:10ED8000430ABDEEC00A10EE100A000AD1F8A8200E
:10ED9000107091ED430ABDEEC00A10EE100AD1F8D2
:10EDA000A810487001B0704780B582B001908DED19
:10EDB000000A01980099C0F80C11FFF7DDFF02B0BE
:10EDC00080BD00000000000080B582B00190019875
:10EDD000009003F051F90098503003F04DF900987D
:10EDE0000021C4F21021C0F8AC10002180F8B4104A
:10EDF0004FF40052A0F8B62042F21072A0F8B820EA
:10EE0000C0F8BC10C0F8C01080F8C410032280F80D
:10EE1000F420C0F8F810C0F8FC10C0F80011C0F8D9
:10EE20000411C0F80811C0F80C1102B080BD000038
:10EE300080B586B0059005980090D0F8AC002C30D5
:10EE40000190019804A9F8F7B7FB019802300DF181
:10EE50000E01F8F7B1FB0198043003A9F8F7ACFBF9
:10EE6000019806300DF10A01F8F7A6FB009890F81A
:10EE7000BC0001282CD1FFE70099BDF81000D1F8A3
:10EE8000E820801AADF81200BDF91200B1F8BE10EA
:10EE90004A42C1EBD271B0EB610F07DAFFE700998C
:10EEA000D1F8F0000130C1F8F00010E00099BDF990
:10EEB0001200B1F8BE10B0EB510F07DDFFE700996B
:10EEC000D1F8F0000138C1F8F000FFE7FFE7FFE7F5
:10EED0000098D0F8F010B0F8BE20BDF8103001FB5B
:10EEE0000231C0F8EC1090ED2D1A90ED3B0AB8EE0F
:10EEF000C00AB0F8BE1002EE101AB8EE422A80EE38
:10EF0000020A30EE000A9FED302A20EE020A80EE5F
:10EF1000010A80ED350A90ED2D1A90ED3B0AB8EE0E
:10EF2000C00AB0F8BE1002EE101AB8EE422A80EE07
:10EF3000020A9FED262A20EE020A80EE010A80EDE9
:10EF4000340ABDF90E1000EE101AB8EEC00A9FED9B
:10EF5000201A20EE010A90ED2D1A80EE010A80EDB4
:10EF6000360ABDF90E1000EE101AB8EEC00AB1EE66
:10EF7000081A20EE010A90ED2D1A80EE010A80EDAC
:10EF8000370ABDF90C1000EE101AB8EEC00A80ED79
:10EF9000380ABDF90A1000EE101AB8EEC00A9FED4B
:10EFA0000D1A30EE010A80ED390ABDF81010C0F8D4
:10EFB000E81090F8BC0028B9FFE70099012081F81B
:10EFC000BC00FFE706B080BDDB0F49400000B44342
:10EFD0005077D63D3393884381B00090009890EDF0
:10EFE000380A01B07047000081B000900098B0F876
:10EFF000C00001B07047000080B582B00190009160
:10F000000198D0F8C4100131C0F8C410FFF710FF08
:10F0100002B080BD0000000081B00090009890ED2B
:10F02000360A01B07047000082B001908DED000AF1
:10F0300001990098C1F80C0102B07047000000006F
:10F0400082B001908DF8031001999DF8030081F8BA
:10F05000FC0002B07047000080B586B005900598AE
:10F06000039090F8FC0001460491062800F2A68067
:10F070000499DFE801F004092F47A3A37100039965
:10F080000020C1F814019EE0039991ED2D1A91ED35
:10F09000440AB1F8C00002EE100AB8EEC22A20EE0F
:10F0A000020A9FED4D2A21EE021AB3EE042A21EE48
:10F0B000021A9FED4A2A81EE021A80EE010A01F53A
:10F0C0008A7081ED450A9FED460ADFED460AF7F7A3
:10F0D00003FE78E0039901F15000029091ED430A9C
:10F0E00002F00EFE0298039991ED360A02F0B8FF85
:10F0F000029802F01DFE029802F0AAFF039880ED2C
:10F10000450A60E0039890ED420A02F0F9FD039889
:10F1100090ED350A02F0A4FF039802F009FE03986F
:10F1200002F096FF039981ED430A01F1500001902E
:10F1300091ED430A02F0E4FD0198039991ED360A3E
:10F1400002F08EFF019802F0F3FD019802F080FFBB
:10F15000039880ED450A36E0039890ED420A02F0EC
:10F16000CFFD039890ED460A02F07AFF039802F073
:10F17000DFFD039802F06CFF039981ED430A01F172
:10F180005000009091ED430A02F0BAFD00980399F7
:10F1900091ED360A02F064FF009802F0C9FD009874
:10F1A00002F056FF039901F58A7081ED450A9FED43
:10F1B000080ADFED080AF7F78FFD04E00399002045
:10F1C000C1F81401FFE7039800F096F806B080BD7F
:10F1D00000401CC600401C469A99993E27A09941C0
:10F1E000000080C60000804680B584B0039003997B
:10F1F0000291D1F8C400D1F8C810884211D1FFE7BC
:10F200000298002180F8CC109FED0C0A8DED010AC8
:10F2100002F082FD02989DED010A503002F07CFD63
:10F2200004E00299012081F8CC00FFE70299D1F8AF
:10F23000C400C1F8C80004B080BD00BF00000000D9
:10F2400080B586B0059004918DF80F208DF80E30B2
:10F250008DED020ACDED010A059800900498006832
:10F260004AF20001C4F20001884208D1FFE7009988
:10F2700040F29020C2F20040C1F8AC0023E00498B4
:10F2800000684AF20041C4F20001884208D1FFE759
:10F29000009940F28030C2F20040C1F8AC0011E0A9
:10F2A000049800684DF20041C4F20001884208D180
:10F2B000FFE7009940F2D830C2F20040C1F8AC003C
:10F2C000FFE7FFE7FFE700999DF80F0081F8B00026
:10F2D0009DF80E0081F8FC000298C1F8B400019876
:10F2E000C1F8B80004989DF80F10F7F74DFE00998B
:10F2F000C1F8A80006B080BD81B00090009991EDE2
:10F30000450ABDEEC00A10EE100A000AD1F8A82086
:10F31000107091ED450ABDEEC00A10EE100AD1F84A
:10F32000A810487001B0704780B582B00190019874
:10F33000009002F0A1FE0098503002F09DFE00986F
:10F340000021C0F8A41080F8BC104FF40052A0F8BF
:10F35000BE2042F6F822A0F8C020C0F8C410C0F8C1
:10F36000C81080F8CC10032280F8FC20C0F80011EF
:10F37000C0F80411C0F80811C0F80C11C0F8101141
:10F38000C0F81411C0F81811C0F81C1102B080BDEB
:10F3900080B58AB009900891099803900021ADF8D2
:10F3A0001E10089A11685268059204919DF8112068
:10F3B0009DF8121041EA0221ADF818109DF81310C3
:10F3C0009DF81420090141EA1211ADF81C109DF8B6
:10F3D00014209DF8151002F00F0241EA0221ADF849
:10F3E0001A109DF8101001F00F0180F8CC109DF854
:10F3F0001010090980F8CD10BDF9181000EE101A90
:10F40000B8EEC00A9FED4B1A20EE012A90ED2B1AA0
:10F4100090ED3B0AB8EEC00A9FED473A20EE030A92
:10F42000A2EE030AB8EE411A30EE010AB0F8E40089
:10F4300001EE100AB8EEC11A30EE410ABDEEC00A64
:10F4400010EE100AADF81E00BDF91E0000EE100A05
:10F45000B8EEC00A9FED391AB4EE410AF1EE10FA87
:10F4600007DAFFE70399D1F8EC000130C1F8EC00AE
:10F4700015E0BDF91E0000EE100AB8EEC00A9FEDBF
:10F48000301AB4EE410AF1EE10FA07DDFFE70399F6
:10F49000D1F8EC000138C1F8EC00FFE7FFE7039872
:10F4A000BDF9181000EE101AB8EEC00A9FED211A2F
:10F4B00020EE011A9FED232A9FED230AA1EE020AF6
:10F4C00080ED340ABDF91C000021019140F6FF7265
:10F4D0000292BBEE0E0AF3EE0E0AF7F761FF0199F6
:10F4E000029A039880ED350ABDF91A00BAEE040AB3
:10F4F000F2EE040AF7F754FF039981ED360A9DF8FE
:10F50000160000EE100AB8EE400A81ED370A9DF8A9
:10F51000170000EE100AB8EE400A81ED380A91EDAE
:10F52000340ABCEEC00A10EE100AA1F8E4000AB0DA
:10F5300080BD00BF000080370000B443000034C32A
:10F5400000003443DB0F4940C3F5C83F0000000012
:10F5500081B00090009890ED340A01B0704700002F
:10F5600082B001908DED000A01990098C1F8FC006D
:10F5700002B070470000000082B001908DED000ADB
:10F5800001990098C1F8000102B070470000000026
:10F5900082B001908DED000A01990098C1F8040134
:10F5A00002B070470000000080B582B00190009169
:10F5B0000198D0F8C0100131C0F8C0100099FFF7D1
:10F5C000E7FE02B080BD000082B001908DF803100C
:10F5D00001999DF8030081F8F10002B07047000026
:10F5E00080B586B0059005990491D1F8C000D1F896
:10F5F000C410884205D1FFE70499002081F8C800B3
:10F6000004E00499012081F8C800FFE7049890F80D
:10F61000C8000146039120B1FFE7039801285BD0A1
:10F62000B5E0049890F8F10001460291042852D800
:10F630000299DFE801F00312213040000499D1F86B
:10F64000A000006891F8A410F03140F22702C2F245
:10F6500000420823E1F73CF83DE00499D1F8A0000E
:10F66000006891F8A410F03140F22702C2F2004283
:10F670000823E1F72DF82EE00499D1F8A0000068E6
:10F6800091F8A410F03140F22702C2F200420823A0
:10F69000E1F71EF81FE00499D1F8A000006891F886
:10F6A000A41001F5F87140F22702C2F200420823CB
:10F6B000E1F70EF80FE00499D1F8A000006891F886
:10F6C000A41001F53C7140F22702C2F20042082367
:10F6D000E0F7FEFFFFE75AE0049890F8F1000146DA
:10F6E0000191042852D80199DFE801F0031221307A
:10F6F00040000499D1F8A000006891F8A410F031FE
:10F7000040F21F02C2F200420823E0F7E1FF3DE0B1
:10F710000499D1F8A000006891F8A410F03140F2EB
:10F720001F02C2F200420823E0F7D2FF2EE0049944
:10F73000D1F8A000006891F8A410F03140F21F0247
:10F74000C2F200420823E0F7C3FF1FE00499D1F89A
:10F75000A000006891F8A41001F5F87140F21F02B2
:10F76000C2F200420823E0F7B3FF0FE00499D1F89A
:10F77000A000006891F8A41001F53C7140F21F024E
:10F78000C2F200420823E0F7A3FFFFE7FFE7049976
:10F79000D1F8A000006891F8A410F03140F21F02E7
:10F7A000C2F200420823E0F793FF0499D1F8C000A9
:10F7B000C1F8C40006B080BD80B596B0159015980C
:10F7C000079090F8F10001460891042800F2EE81BC
:10F7D0000899DFE811F00500A6003901C001D80141
:10F7E000079890ED3F0ADFEDF30A9FEDF31A002032
:10F7F00006904FF6FF71F7F7A3FD079902460698AA
:10F80000ADF8522091ED2C1A91ED400AF1EE410A2B
:10F8100040F6FF710591F7F793FD0599079A0346A6
:10F820000698ADF8503092ED3D0ADFEDE40ACDEDDB
:10F83000040A9FEDE31AF7F783FDDDED040A05994D
:10F84000079A03460698ADF84E3092ED3E0AB1EEA7
:10F85000041AF7F775FD0599079A03460698ADF85F
:10F860004C3092ED2D1A92ED410AF1EE410AF7F774
:10F8700067FDADF84A000DF15200F7F78DFE079ACB
:10F88000D2F8A810BDF852000880BDF85000000959
:10F890008DF84900D2F8A8109DF849008870BDF88D
:10F8A00050109DF84F0040EA01108DF84800D2F842
:10F8B000A8109DF84800C8709DF84E008DF84700CC
:10F8C000D2F8A8109DF847000871BDF84C00000957
:10F8D0008DF84600D2F8A8109DF846004871BDF892
:10F8E0004C109DF84B0040EA01108DF84500D2F80D
:10F8F000A8109DF8450088719DF84A008DF84400D5
:10F90000D2F8A8109DF84400C871D2F8A000006891
:10F9100092F8A410F031D2F8A8200823E0F7D8FE1E
:10F9200045E1079890ED3F0ADFEDA20A9FEDA21A8C
:10F93000002003904FF6FF71F7F702FD079902468A
:10F940000398ADF8422091ED2C1A91ED400AF1EEAA
:10F95000410A40F6FF710291F7F7F2FC0299079A0B
:10F9600003460398ADF84030ADF83E0092ED3E0AF4
:10F97000DFED920AB1EE041AF7F7E2FC0299079A5A
:10F9800003460398ADF83C3092ED2D1A92ED410AF2
:10F99000F1EE410AF7F7D4FCADF83A000DF1420060
:10F9A000F7F7FAFD079AD2F8A810BDF842000880D0
:10F9B000BDF8400000098DF83900D2F8A8109DF874
:10F9C00039008870BDF840109DF83F0040EA0110F2
:10F9D0008DF83800D2F8A8109DF83800C8709DF84E
:10F9E0003E008DF83700D2F8A8109DF83700087156
:10F9F000BDF83C0000098DF83600D2F8A8109DF83B
:10FA000036004871BDF83C109DF83B0040EA0110FB
:10FA10008DF83500D2F8A8109DF8350088719DF852
:10FA20003A008DF83400D2F8A8109DF83400C8715F
:10FA3000D2F8A000006892F8A410F031D2F8A82003
:10FA40000823E0F745FEB2E0079890ED3F0ADFEDAE
:10FA5000590A9FED591A002001904FF6FF71F7F7F0
:10FA60006FFC079902460198ADF8322091ED2C1AEF
:10FA700091ED400AF1EE410A40F6FF710091F7F76F
:10FA80005FFC0099079A03460198ADF83030ADF855
:10FA90002E00ADF82C0092ED2D1A92ED410AF1EEF8
:10FAA000410AF7F74DFCADF82A000DF13200F7F7E7
:10FAB00073FD079AD2F8A810BDF832000880BDF88F
:10FAC000300000098DF82900D2F8A8109DF829000F
:10FAD0008870BDF830109DF82F0040EA01108DF8B5
:10FAE0002800D2F8A8109DF82800C8709DF82E00B4
:10FAF0008DF82700D2F8A8109DF827000871BDF8EE
:10FB00002C0000098DF82600D2F8A8109DF82600D8
:10FB10004871BDF82C109DF82B0040EA01108DF8BB
:10FB20002500D2F8A8109DF8250088719DF82A00BC
:10FB30008DF82400D2F8A8109DF82400C871D2F8DE
:10FB4000A000006892F8A410F031D2F8A820082391
:10FB5000E0F7BEFD2BE0079AD2F8A810D2F8FC001F
:10FB60000860D2F8A810D2F800014860D2F8A000CE
:10FB7000006892F8A41001F5F871D2F8A8200823C3
:10FB8000E0F7A6FD13E0079AD2F8A810D2F800011A
:10FB90000860D2F8A000006892F8A41001F53C714A
:10FBA000D2F8A8200423E0F793FD00E0FFE716B0A9
:10FBB00080BD00BFDB0F49C0DB0F494000000000E3
:10FBC0000000FA430000000080B586B0DDF820C0D8
:10FBD000059004918DF80F208DF80E308DED020AFE
:10FBE000CDED010A05980090049800684AF20001E2
:10FBF000C4F20001884208D1FFE7009940F290204A
:10FC0000C2F20040C1F8A00011E0049800684AF276
:10FC10000041C4F20001884208D1FFE7009940F298
:10FC20008030C2F20040C1F8A000FFE7FFE7009972
:10FC30009DF80F0081F8A4009DF80E0081F8F100F6
:10FC40000898C1F8AC000298C1F8B0000198C1F85A
:10FC5000B40004989DF80F10F7F766F80099C1F802
:10FC6000A80006B080BD000080B58CB00B900B984A
:10FC7000029090F8F10001460391052804D0FFE7B7
:10FC80000398062848D08FE0029800F0A1F8029867
:10FC900090ED2E0ADFED450A9FED451A00200190F8
:10FCA00040F6FF71F7F74CFB029902460198ADF858
:10FCB0002A209DF82B2002F00F028DF82920D1F880
:10FCC000A8309DF829209A71BDF82A208DF82820A7
:10FCD000D1F8A8209DF82810D171ADF824004FF676
:10FCE0007F71CFF27F0108918DF81F00FFE79DF82B
:10FCF0001F0005280FDCFFE70298D0F8A8109DF838
:10FD00001F2008A8805C8854FFE79DF81F00013081
:10FD10008DF81F00EBE747E0029800F059F80298D1
:10FD200090ED2E0ADFED210A9FED211A00200090B0
:10FD300040F6FF71F7F704FB029902460098ADF810
:10FD40001C209DF81D2002F00F028DF81B20D1F819
:10FD5000A8309DF81B209A71BDF81C208DF81A2040
:10FD6000D1F8A8209DF81A10D171ADF818004FF6FF
:10FD70007F71CFF27F0105918DF81300FFE79DF8A9
:10FD8000130005280FDCFFE70298D0F8A8109DF8B3
:10FD9000132005A8805C8854FFE79DF8130001300C
:10FDA0008DF81300EBE7FFE70CB080BD00F07FC5D6
:10FDB00000F07F450000000082B001908DED000A48
:10FDC00001990098C1F8B80002B070470000000027
:10FDD00082B001900198009090ED2E0A9FED131AC9
:10FDE000B4EE410AF1EE10FA08DDFFE700994FF298
:10FDF0000000C4F27F50C1F8B80014E0009890ED04
:10FE00002E0A9FED0B1AB4EE410AF1EE10FA08DA51
:10FE1000FFE700994FF20000CCF27F50C1F8B80024
:10FE200000E0FFE7FFE702B0704700BF00F07F454A
:10FE300000F07FC50000000080B582B001900198FD
:10FE4000009002F019F90098503002F015F900986E
:10FE50000021C0F8B8104FF48032C0F8BC20C0F8C0
:10FE6000C010C0F8C41080F8C81080F8F01080F8F6
:10FE7000F110C0F8F410C0F8F810C0F8FC10C0F889
:10FE80000011C0F8041102B080BD000000000000A5
:10FE900081B000900098002180F8B411C0F8B8112A
:10FEA00001B070470000000080B586B0059005984D
:10FEB000039090F8511000EBC1025168013151607C
:10FEC00090F8510001460491042800F22881049919
:10FED000DFE801F003225074CC000398406DFAF77C
:10FEE000DFFB0398406DBC30FEF7F2FDF7F7B8FC7E
:10FEF0000398406DB0F85E0401EE100AB8EEC11A26
:10FF0000B4EE410AF1EE10FA05DBFFE70398012198
:10FF100001F01AFAFFE702E10398406DFAF7C0FB1F
:10FF2000039890F8511000EBC1004068642805D395
:10FF3000FFE70398022101F007FA1AE00398406DE9
:10FF4000BC30FEF7C5FDF7F78BFC0398406DB0F8A9
:10FF50005E0401EE100AB8EEC11AB4EE410AF1EEE9
:10FF600010FA05DAFFE70398002101F0EDF9FFE749
:10FF7000FFE7D4E00398406DBC3003210291FEF707
:10FF8000E7FD0398406DBC30FEF79AFD03989FEDA6
:10FF9000661A30EE010A416D01F2944181ED000ACA
:10FFA000416D01F1BC0001F2944191ED000AFEF7B0
:10FFB0009FFD0398029901F0C7F9B0E00398406DE6
:10FFC000BC30FEF785FDF7F74BFC0398406DB0F8A9
:10FFD0005E0401EE100AB8EEC11AB4EE410AF1EE69
:10FFE00010FA0EDAFFE742F62401C2F20041088857
:10FFF0000130088042F62601C2F20041002008804C
:020000040802F0
:100000000DE042F62401C2F200410020088042F6D1
:100010002601C2F20041088801300880FFE742F65D
:100020002400C2F200400088C8280ADBFFE70398DA
:1000300042F62402C2F200420021118001F084F94C
:10004000FFE742F62600C2F200400088B0F5C87F04
:100050000BDBFFE7039842F62602C2F200420021C2
:100060001180042101F070F9FFE758E00398406D1A
:10007000FAF716FB0398406DBC300021FEF768FDCF
:100080000398406DBC309FED270A8DED010A01F009
:1000900043FE03989DED010A406D00F5867001F066
:1000A0003BFE03989DED010A406DBC30FEF77CFEDF
:1000B00042F62800C2F20040018801310180008828
:1000C000B0F57A7F2ADDFFE70398406DBC30FEF77C
:1000D000FFFCF7F7C5FB0398406DB0F85E0401EE36
:1000E000100AB8EEC11AB4EE410AF1EE10FA14DAB1
:1000F000FFE70398406DBC300090FEF7E1FC0098EC
:10010000FEF7F6FC039842F62802C2F200420021F4
:100110001180012101F018F9FFE7FFE7FFE706B0C2
:1001200080BD00BF00000000D00F49BF00000000EC
:1001300080B582B001900198009001F051F90098CB
:1001400002B080BD0000000080B584B00390039829
:10015000019090F8511000EBC102516801315160DB
:1001600090F8510001460291032800F2B5800299EF
:10017000DFE801F0023A49980198406D00F53B70C4
:10018000FEF72AFFF7F76CFB0198406DB0F86004AA
:1001900001EE100AB8EEC11AB4EE410AF1EE10FAFF
:1001A00015DBFFE70198406D00F53B70FEF714FF8B
:1001B000F7F756FB9FED5B1AB4EE410AF1EE10FA29
:1001C00005DCFFE70198012101F0BEF80BE0019882
:1001D000406D90F8840428B9FFE70198032101F0ED
:1001E000B3F8FFE7FFE777E0019890F8511000EBD4
:1001F000C10040682D2805D3FFE70198022101F0D6
:10020000A3F8FFE768E040F2D040C2F20040007877
:10021000B0B9FFE70198406D90F8850401280FD12F
:10022000FFE70198406DFAF713F90146019840F293
:10023000D042C2F200421170002101F085F830E096
:1002400040F2D040C2F200400078012815D1FFE70B
:100250000198406D90F8850478B9FFE70198406DEA
:10026000FAF7F6F80146019840F2D042C2F2004295
:100270001170002101F068F812E00198426DB2F8A7
:100280005C100131A2F85C1090ED160AB2EE041A6F
:1002900030EE010A80ED160A002101F055F8FFE763
:1002A000FFE719E00198406D00F53B70FEF7B4FEE2
:1002B000F7F7D6FA0198406D00F2644090ED001A0D
:1002C000B4EE410AF1EE10FA05DBFFE701980021D8
:1002D00001F03AF8FFE7FFE7019890ED160AB5EE56
:1002E000400AF1EE10FA17DDFFE70198406DD0F8F3
:1002F000B800FCF7ADFC0146019800EE101AB8EE0C
:10030000C00A9FED091A80EE011A90ED160A30EE30
:10031000010A80ED160A03E0019900208865FFE7D5
:1003200004B080BD00007A4500007AC400000000DF
:1003300080B582B001900198009001F051F80098CA
:100340000021816502B080BD80B58AB0099009980E
:10035000079090F8511000EBC102516801315160D3
:1003600090F8510001460891042800F2F78008999E
:10037000DFE801F00341A3B8D90045F6B040C2F26E
:100380000040D0F8900058B1FFE7079890F851105E
:1003900000EBC10200215160042100F0D5FFFFE70E
:1003A0000798406D41F2EC210844F8F719FA01284A
:1003B0000BD1FFE7079890F8511000EBC102002124
:1003C0005160022100F0C0FFFFE7079890F851103C
:1003D00000EBC1004068B0F57A7F0BD9FFE70798C2
:1003E00090F8511000EBC10200215160012100F092
:1003F000ABFFFFE7B2E00798406D41F28831084457
:10040000F8F7CEFDC8B9FFE70798406D41F6C8413F
:10041000084400210691FAF70FF807980699406DF5
:1004200041F2B8421044F9F75BF807980699406D1D
:1004300000F51A7000F074FAFFE70798406D41F27A
:10044000EC210844F8F7CCF9012822D1FFE70798FE
:10045000406D00F51A710491FBF796FF0146049870
:1004600000F05EFA0798406D41F2B84101440591F1
:10047000FBF776FF01460598F9F732F8079890F8F0
:10048000511000EBC10200215160022100F05CFF1D
:10049000FFE745F6B040C2F20040D0F8900058B1F6
:1004A000FFE7079890F8511000EBC102002151605E
:1004B000042100F049FFFFE750E00798406D41F24A
:1004C000EC210844F8F78CF958B9FFE7079890F841
:1004D000511000EBC10200215160032100F034FFF4
:1004E000FFE73BE00798406D029000F51A7000F0BE
:1004F0000FFA01460298FBF74FFF0798406D0390F3
:1005000041F2B8410844F8F7E3FF01460398FBF7CE
:100510002FFF079890F8511000EBC10200215160A5
:1005200000F012FF1AE045F6B040C2F20040019020
:10053000ECF7FAFC019840F61861C2F20041B1F8FC
:1005400004218431ECF748F9079890F8511000EB3A
:10055000C1020021516000F0F7FEFFE70AB080BD44
:1005600080B582B001900198009000F039FF0098AA
:1005700002B080BD0000000081B000900098002112
:10058000C4F2202141604FF08241816001B0704788
:1005900080B582B0019001980090FEF7C5FE0098EA
:1005A0000021C0F83411C0F8381180F83C1102B0B5
:1005B00080BD00000000000080B58AB00990099855
:1005C000079090F8511000EBC10251680131516061
:1005D00090F8510001460891042800F2F78008992C
:1005E000DFE801F00341A3B8D90045F68830C2F234
:1005F0000040D0F8900058B1FFE7079890F85110EC
:1006000000EBC10200215160042100F09DFEFFE7D4
:100610000798406D41F288310844F8F7C1FC012881
:100620000BD1FFE7079890F8511000EBC1020021B1
:100630005160022100F088FEFFE7079890F8511002
:1006400000EBC1004068B0F57A7F0BD9FFE707984F
:1006500090F8511000EBC10200215160012100F01F
:1006600073FEFFE7B2E00798406D41F2EC210844C9
:10067000F8F7B6F8C8B9FFE70798406D41F6C841EA
:10068000084400210691F9F7D7FE07980699406DB6
:1006900041F2B8421044F8F723FF07980699406DDD
:1006A00000F51A7000F03CF9FFE70798406D41F241
:1006B00088310844F8F774FC012822D1FFE7079835
:1006C000406D00F51A710491FBF75EFE0146049837
:1006D00000F026F90798406D41F2B84101440591B8
:1006E000FBF73EFE01460598F8F7FAFE079890F8EA
:1006F000511000EBC10200215160022100F024FEE4
:10070000FFE745F68830C2F20040D0F8900058B1BB
:10071000FFE7079890F8511000EBC10200215160EB
:10072000042100F011FEFFE750E00798406D41F210
:1007300088310844F8F734FC58B9FFE7079890F877
:10074000511000EBC10200215160032100F0FCFDBB
:10075000FFE73BE00798406D029000F51A7000F04B
:10076000D7F801460298FBF717FE0798406D0390F3
:1007700041F2B8410844F8F7ABFE01460398FBF795
:10078000F7FD079890F8511000EBC102002151606D
:1007900000F0DAFD1AE045F68830C2F20040019020
:1007A000ECF7C2FB019840F6D811C2F20041B1F853
:1007B00004218431ECF710F8079890F8511000EB01
:1007C000C1020021516000F0BFFDFFE70AB080BD0B
:1007D00080B582B001900198009000F001FE009871
:1007E000002180F8521002B080BD0000000000001F
:1007F00081B00090009800F55C6090ED000A01B0B7
:10080000704700000000000081B00090009800F6E2
:10081000C85090ED000A01B07047000000000000D1
:1008200081B00090009800F6286090ED000A01B0B9
:10083000704700000000000082B001908DED000ABA
:1008400001990098C1F8280E02B07047000000001E
:1008500081B00090009800F6B85090ED000A01B009
:10086000704700000000000081B00090009800F682
:10087000BC5090ED000A01B070470000000000007D
:1008800082B001908DED000A01990098C1F8B80D71
:1008900002B070470000000082B001908DED000AA8
:1008A00001990098C1F8BC0D02B07047000000002B
:1008B00081B00090009800F5626090ED000A01B0F0
:1008C000704700000000000081B00090009800F622
:1008D000246090ED000A01B07047000000000000A5
:1008E00082B001908DED000A01990098C1F8200EA8
:1008F00002B070470000000082B001908DED000A48
:1009000001990098C1F8240E02B070470000000061
:1009100081B00090009890F81C0E01B07047000064
:1009200082B001908DF8031001999DF8030081F8C1
:100930001C0E02B07047000080B590B00E900E986B
:100940000B900F900830F8F77FFD0B982430F8F7E4
:100950007BFD0B984030F8F777FD0B985C30FFF784
:1009600097FA0B9800F50670FCF712FD0B9800F54E
:100970002570FDF78DFF0B9800F54B70FFF7FCFD20
:100980000B9901F5876001F6B8010C910D90FFE716
:100990000D980A90FEF7C8FC0A980C9A00F5907121
:1009A000084691420D90F3D1FFE70B9901F6B8008C
:1009B00001F6B85108910990FFE709980790FFF7F1
:1009C000E7FD0798089A00F5A07108469142099042
:1009D000F3D1FFE70B984FF08141C0F8B81DC0F884
:1009E000BC1DC0F8C01D4FF07C51C0F8C41D0021D3
:1009F000C4F2A001C0F8C81D46F20001C4F2EA61C9
:100A0000C0F8CC1D4FF08D41C0F8D01D00210191E0
:100A1000C0F8D41DC0F8081EC0F80C1EC0F8101E87
:100A2000C0F8141EC0F8181E80F81C1EC0F8201E46
:100A3000C0F8241EC0F8281EC0F82C1EC0F8301EB6
:100A4000C0F8341E00F6386001F016FB0B9800F673
:100A5000886001F011FB0B9800F6D86001F00CFBE8
:100A60000B980199C0F8281FC0F82C1FC0F8301F40
:100A7000C0F8341F4FF07E52C0F8382FC0F83C1F2A
:100A800000F5746005909FED230A8DED040ADFEDFB
:100A9000220ACDED030A02F0B7FEDDED030A059848
:100AA000B0EE401A9DED040A9FED1C2A8DED062A3A
:100AB00031EE021A80ED001A02F0A6FEDDED030A07
:100AC0000598B0EE402A9DED040A9FED151A8DEDB4
:100AD000021A31EE421A80ED011A02F095FE9DEDE8
:100AE000022ADDED030A0598B0EE401A9DED040AD6
:100AF00031EE021A80ED021A02F086FE0598B0EE81
:100B0000401A9DED060A30EE410A80ED030A0F9867
:100B100010B080BD6666663E5EBA493EDC0FC93FD6
:100B2000E5CB96400000000080B582B001900198AE
:100B3000009000F52570FDF7D3FE009802B080BD4F
:100B400080B582B0019001980090D0F8780100F053
:100B50004FFC009880ED600AD0F8780100F0A8FC06
:100B6000009880ED620AD0F8780100F0A9FC0098A6
:100B700080ED610A02B080BD81B00090009890EDD8
:100B8000610A01B07047000080B58AB009900998E9
:100B9000079090F8560101460891062800F22E8130
:100BA0000899DFE811F08D00570029002B0107009C
:100BB0002B01E900079890ED411A90ED442A90ED41
:100BC0005D0A20EE020A80EE010AB0F9081101EE7A
:100BD000101AB8EEC11A20EE010ABDEEC00A10EEDE
:100BE000101AA0F80C11B0F90C1100EE101AB8EEA2
:100BF000C00AFCF739FBFFE7079890ED590A01F0AE
:100C00007FF8079890ED4C0A01F02AFA079801F056
:100C10008FF8079801F01CFA079981ED5B0A01F142
:100C20005000069091ED5B0A01F06AF8069807996A
:100C300091ED4F0A01F014FA069801F079F8069840
:100C400001F006FA0799BDEEC00A10EE100AA1F8ED
:100C50000C01D9E0079901F1500091ED5B0A01F018
:100C60004FF80798D0F8780100F056FC40B1FFE744
:100C7000079901F1500091ED4E0A01F0F1F907E0FA
:100C8000079901F1500091ED620A01F0E9F9FFE7DF
:100C900007985030059001F04BF8059801F0D8F90D
:100CA0000798BDEEC00A10EE101AA0F80C11B0F9AA
:100CB0000C1100EE101AB8EEC00AFCF7D5FAA3E04A
:100CC000079890ED590A01F01BF80798D0F87801C1
:100CD00000F022FCE0B1FFE7079890ED610A01F017
:100CE000BFF9079801F024F8079801F0B1F90799C6
:100CF00081ED5B0A01F15000049091ED5B0A00F078
:100D0000FFFF0799049891ED620A01F0A9F91BE031
:100D1000079890ED4C0A01F0A3F9079801F008F844
:100D2000079801F095F9079981ED5B0A01F15000F0
:100D3000039091ED5B0A00F0E3FF0799039891EDB2
:100D40004E0A01F08DF9FFE707985030029000F04D
:100D5000EFFF029801F07CF90798BDEEC00A10EE93
:100D6000101AA0F80C11B0F90C1100EE101AB8EE20
:100D7000C00AFCF779FA47E0079842F29071C2F294
:100D8000004191ED000A9FED231A30EE010A00F0B8
:100D9000B7FF079842F28C71C2F2004191ED000A50
:100DA00001F05EF9079800F0C3FF079801F050F9D1
:100DB000079981ED5B0A01F15000019091ED5B0A0A
:100DC00000F09EFF0198079991ED4F0A01F048F954
:100DD000019800F0ADFF019801F03AF90798BDEED7
:100DE000C00A10EE101AA0F80C11B0F90C1100EEA8
:100DF000101AB8EEC00AFCF737FA05E007989FED25
:100E0000060AFCF731FAFFE70798FCF7D1F80AB0B9
:100E100080BD00BF6666F6410000000000000000D3
:100E200080B582B00190019800900521FCF738F858
:100E300000989FED040AFCF717FA0098FCF7B8F841
:100E400002B080BD0000000080B582B00190019822
:100E50000090FCF749FA00980021C0F87C11C0F816
:100E60008011C0F88411C0F8881102B080BD000064
:100E700080B584B0039003980190D0F8080100F089
:100E800027FB0198B0EE401A9FED110A8DED020A82
:100E900030EE410A80ED440AD0F8080100F034FB3E
:100EA0000198B0EE401A9DED020A30EE410A80ED45
:100EB000460AD0F8080100F037FB0198B0EE401A5E
:100EC0009DED020A30EE410A80ED450A04B080BD76
:100ED000000000800000000081B00090009890EDBC
:100EE000450A01B07047000080B588B007900798A8
:100EF000059090F8F10001460691052804D0FFE71F
:100F0000069806286FD06FE0059890ED3F0A00F034
:100F1000F7FE0598D0F8080100F0FEFAE0B1FFE70F
:100F2000059890ED450A01F09BF8059800F000FF48
:100F3000059801F08DF8059981ED400A01F1500006
:100F4000049091ED400A00F0DBFE0599049891EDC4
:100F5000350A01F085F81FE0059890ED340A01F09C
:100F60007FF8059800F0E4FE059801F071F8059906
:100F700081ED400A01F15000039091ED400A00F02C
:100F8000BFFE0599039891ED350A9FED1D1A20EEDD
:100F9000010A01F065F8FFE705985030019000F074
:100FA000C7FE019801F054F8059880ED410A90EDD4
:100FB000410A8DED020A90ED440A02F07BFD40F2F9
:100FC0003000C2F2004090ED001A20EE010AF6F760
:100FD00047FC0598B0EE401A9DED020A30EE010A7A
:100FE000FEF7EAFE06E0FFE705989FED060AFEF72A
:100FF000E3FEFFE70598FEF737FE08B080BD00BFAF
:10100000ED2E65420000000080B582B0019001988D
:1010100000900621FEF7D8FA00989FED040AFEF72B
:10102000CBFE0098FEF720FE02B080BD000000005D
:1010300080B582B0019001980090FEF7FDFE009807
:101040000021C0F80C11C0F81011C0F81411C0F83C
:10105000181102B080BD000080B5A2B02190219887
:10106000039011A8019000F0E7F80199039800F1AE
:10107000080219A8009001F017F8009903981030A1
:1010800000F04AF9009800F03FF9019800F03CF9AF
:101090000BA8029000F088F802990398303000F015
:1010A000BFF8029800F0B4F805A8049000F07CF8AE
:1010B00003980499483000F0B3F8049800F0A8F8B9
:1010C00022B080BD0000000080B584B003908DED9B
:1010D000020ACDED010A03980090022101600199F6
:1010E0004160029981600021C160103000F0FCF87D
:1010F0000098303000F07CF80098483000F078F824
:101100000098603000F050F80098FFF7A5FF0098B5
:1011100004B080BD0000000080B582B0019001984D
:101120000090603000F074F80098483000F070F8DB
:101130000098303000F06CF80098103000F0E4F8BF
:10114000009802B080BD000081B00090009840F28D
:101150000111018001B0704781B0009000984FF4F8
:101160008171018001B0704781B00090009840F219
:101170000311018001B0704781B0009000984FF4D6
:101180008271018001B0704781B0009000984FF4E7
:101190008071018001B0704781B0009000984FF4D9
:1011A0008871018001B0704780B584B00390002140
:1011B0000291019101A900F003F804B080BD000084
:1011C00080B584B0039002910398019000F010F86C
:1011D0000198029A116852684261034643F8101F51
:1011E0000221012201F0F4F8019804B080BD000052
:1011F00080B582B0019001980090022181600122A7
:10120000C26000F1100301F0E3F8009802B080BD65
:1012100081B00090009801B070470000000000000D
:1012200082B00A46019000920198116952694261A8
:10123000016102B07047000080B58AB00390099048
:10124000002008900790069005900490FFE79DED20
:10125000040AB8EEC00B8DED000B0221084600F029
:1012600057FFB0EE401B9DED000BB4EE410BF1EECD
:1012700010FA0DDAFFE7049800EB400205A94FF0E1
:101280007E5041F82200FFE7049801300490DEE729
:10129000039805A900F004F80AB080BD0000000022
:1012A00080B584B0039002910398019000F01CF87F
:1012B0000198DDF808C0DCF80010DCF80420DCF848
:1012C0000830DCF80CC0C0F81CC0836142610346E2
:1012D00043F8101F0222114601F07AF8019804B079
:1012E00080BD00000000000080B582B00190019830
:1012F000009002228260C26000F11003114601F0EA
:1013000067F8009802B080BD81B00090009801B0ED
:10131000704700000000000082B08C460190CDF8BC
:1013200000C00198DCF81010DCF81420DCF818304C
:10133000DCF81CC0C0F81CC083614261016102B0CE
:10134000704700000000000082B001908DF803108B
:10135000019991F85120002001F8320091F85120B4
:1013600001EBC20250609DF80320012001F8320019
:101370009DF8030081F8510002B0704700000000A2
:1013800084B003908DF80B108DF80A20039900911A
:101390009DF80B0081F850009DF80A0081F851007B
:1013A00000200190FFE70099019891F850108842C1
:1013B0000EDAFFE70099019A002001F83200019A45
:1013C00001EBC2014860FFE7019801300190EAE7B4
:1013D00000999DF80A20012001F8320004B07047FE
:1013E00081B000900098002180F8511001B0704742
:1013F00081B00090009890ED410A9FED051A80EEB3
:10140000010A9FED041A20EE010A01B0704700BFE7
:1014100000003443DB0F494084B0039002918DF803
:101420000720ADF80430BDF8040002990968C96AC4
:10143000884206D9FFE702980068C06AADF8040048
:10144000FFE7BDF80400B0F1FF3F04DCFFE7002038
:10145000ADF80400FFE79DF80700014600910C2855
:1014600021D80099DFE801F0071F1F1F0D1F1F1F64
:10147000131F1F1F1900BDF8040002990968486373
:1014800011E0BDF804000299096888630BE0BDF81B
:10149000040002990968C86305E0BDF804000299D8
:1014A00009680864FFE704B070470000000000000E
:1014B00081B00090009890ED290A01B070470000BB
:1014C00081B00090009890ED410A01B07047000093
:1014D00081B00090009890ED400A9FED051A80EED3
:1014E000010A9FED041A20EE010A01B0704700BF07
:1014F00000003443DB0F494081B00090009890ED2C
:101500003F0A01B07047000081B00090009890ED54
:10151000270A01B07047000081B00090009890F851
:10152000880001B07047000081B00090009890EDF5
:10153000400A01B07047000084B00390029101920C
:101540000093009890ED002A90ED014A90ED026A18
:1015500090ED035AB6EE001AB0EE417AA6EE467A46
:10156000A5EE457A029822EE050A94EE060AD0ED21
:10157000000AD0ED011A90ED023A20EE210AA7EE02
:10158000200A22EE062AA4EE052AA2EE030A30EE75
:10159000000A019880ED000A009890ED002A90ED75
:1015A000016A90ED024A90ED035A22EE057AA6EE0A
:1015B000047A0298B0EE410AA6EE460AA5EE450A64
:1015C000D0ED000AD0ED011A90ED023A20EE210A8A
:1015D000A7EE200A22EE062A94EE052AA2EE030ABE
:1015E00030EE000A019880ED010A009890ED000AA3
:1015F00090ED014A90ED023A90ED032A20EE035A55
:1016000094EE025A029820EE040AA3EE020A90ED2C
:10161000006A90ED017A90ED022A20EE070AA5EE0D
:10162000060AA4EE441AA3EE431AA1EE020A30EE13
:10163000000A019880ED020A04B070470000000023
:1016400084B00390029101920093009890ED002ADB
:1016500090ED014A90ED026A90ED035AB6EE001A41
:10166000B0EE417AA6EE467AA5EE457A029822EED1
:10167000050AA4EE060AD0ED000AD0ED011A90ED9D
:10168000023A20EE210AA7EE200A22EE062A94EE64
:10169000052AA2EE030A30EE000A019880ED000A46
:1016A000009890ED002A90ED016A90ED024A90EDCD
:1016B000035A22EE057A96EE047A0298B0EE410AB9
:1016C000A6EE460AA5EE450AD0ED000AD0ED011AB5
:1016D00090ED023A20EE210AA7EE200A22EE062A19
:1016E000A4EE052AA2EE030A30EE000A019880ED6E
:1016F000010A009890ED000A90ED014A90ED023A3F
:1017000090ED032A20EE035AA4EE025A029820EE2E
:10171000040A93EE020A90ED006A90ED017A90EDD2
:10172000022A20EE070AA5EE060AA4EE441AA3EE4A
:10173000431AA1EE020A30EE000A019880ED020A77
:1017400004B070470000000080B586B00590059891
:10175000029042F62A02C2F2004211780131117061
:1017600000F56F70F5F790FA029981EDED0A91EDB1
:10177000ED1A91EDEE0A30EE010A81EDEE0A01F16B
:10178000280001F53C71FBF79BFE0298D0F8F0129F
:10179000C0F8A810D0F8F412C0F8AC10D0F8F812C5
:1017A000C0F8B010D0F8FC12C0F89C10D0F80013AC
:1017B000C0F8A010D0F80413C0F8A41090ED270AC8
:1017C000D0ED280A90ED291AD0ED2A1A90ED2B2A97
:1017D000D0ED2C2A90EDED3A00F58870ECF774FC12
:1017E0000298D0F86012D0F86422D0F86832D0F8AD
:1017F0006CC2C0F898C0C0F89430C0F8902003467E
:1018000043F88C1F039300F5567100F1D002FFF7E7
:1018100093FE0298039B00F5597100F1DC02FFF77B
:101820008BFE0298039B00F55C7100F1E802FFF764
:1018300083FE0298039B00F5697142F29472C2F232
:101840000042FFF7FDFE00208DF81300FFE79DF832
:10185000130002282CDCFFE702999DF8133001EBFE
:10186000830042F29472C2F2004202EB830292EDD4
:10187000002A90ED2A0A90ED2D1A30EE420A91EDE1
:10188000333A91EDED2A20EE020A33EE022A80EE81
:10189000020A21EE031A81EE021A30EE010A80EDEF
:1018A0002D0AFFE79DF8130001308DF81300CEE7F5
:1018B000029800F18C0300F1B40100F1C002FFF7BF
:1018C0003BFE029800F030F942F62A00C2F20040D6
:1018D00000784BF65001C0F21E5145F62942CCF279
:1018E0008F2200FB02104FEA7000884235D8FFE7D4
:1018F000029901F13800019091EDC30A00F0B0FBAC
:1019000001989FED190A00F0FBF9019800F010FA18
:10191000019800F09DFBB5EE400AF1EE10FA0ADCEA
:10192000FFE7029845F6A421C2F200410C220023F1
:10193000FFF772FD10E00298383000F089FB029842
:10194000BCEEC00A10EE103A45F6A421C2F20041E6
:101950000C22FFF761FDFFE7FFE70299012081F804
:10196000C40306B080BD00BF00002042000000009C
:1019700010B582B001900198009090F8C40300283F
:1019800061D0FFE7009890EDBC1A90EDC90AB4EE63
:10199000410AF1EE10FA1BD1FFE7009890EDBD1A55
:1019A00090EDCA0AB4EE410AF1EE10FA10D1FFE749
:1019B000009890EDBE1A90EDCB0AB4EE410AF1EE1C
:1019C00010FA05D1FFE70099002081F8880004E0B3
:1019D0000099012081F88800FFE70099D1F8F00212
:1019E000D1F8F422D1F8F832D1F8FCC2D1F800E3F2
:1019F000D1F80443C1F83843C1F834E3C1F830C327
:101A0000C1F82C33C1F82823C1F82403D1F8080306
:101A1000D1F80C23D1F81033D1F814C3D1F818E35E
:101A2000D1F81C43C1F85043C1F84CE3C1F848C396
:101A3000C1F84433C1F84023C1F83C03D1F8200376
:101A4000C1F85403FFE702B010BD00000000000021
:101A500080B584B003900399019101F1280001F54C
:101A60003C7245F6D011C2F20041FCF7F1FD642052
:101A7000E3F776F8019800F55F71FCF7E5FE019851
:101A800040F2E411C2F20041D1ED002A00F5887065
:101A9000B2EE040ADFED1A0ACDED020A9FED191A23
:101AA000DFED191A9FED192AECF762FA0198DDEDC6
:101AB000024A4CF6CD41C3F64C51C0F8CC10383038
:101AC0009FED130ADFED130A9FED132ADFED132AB2
:101AD0009FED135A0021B0EE451AF0EE451AB0EE14
:101AE000453AF0EE453AB0EE454A00F075FA45F653
:101AF000A420C2F200400C21EAF78EFB04B080BDA6
:101B00006F12833A8096184BC9E57F3FCDCC4C3D90
:101B1000000048430000964300007A430000FA4367
:101B2000000000000000000080B586B00590059818
:101B3000039044F6E822C2F2004213685168013370
:101B400041F1000113605160D0F8B812C0F80411DF
:101B5000D0F8B412C0F80011D0F8B012C0F8FC10E0
:101B6000D0F8C012C0F8081190EDDF2A90EDE01A0D
:101B700090EDE10A90EDE23A21EE000AA2EE030AAE
:101B800030EE000A21EE011AA2EE021AB0EE002A8F
:101B90008DED022AFFEE000ACDED010AE1EE020A08
:101BA00001F032FE039880EDE30A90EDDF0A90ED3C
:101BB000E01A90EDE13A90EDE22A20EE030A91EE70
:101BC000020AB8EE001A20EE010A01F087FDDDEDF1
:101BD000010A9DED022A039880EDE40A90EDDF3AB8
:101BE00090EDE04A90EDE10A90EDE21A20EE010A54
:101BF000A3EE040A30EE000A21EE011AA3EE031A46
:101C0000E1EE020A01F000FE039880EDE50A0020F3
:101C10000490FFE70498022815DCFFE70398049975
:101C200000EB810090EDE30A9FED081A20EE010A17
:101C30009FED071A80EE010A80EDE60AFFE704989F
:101C400001300490E6E706B080BD00BF00003443D9
:101C5000DA0F49400000000080B582B00190019881
:101C60000090FCF701FE00982830FCF7E1FD009899
:101C7000383000F001FA00984FF07E52C0F8582337
:101C80000021C0F85C13C0F86013C0F86413C0F8FA
:101C90006823C0F86C13C0F87013C0F87413C0F850
:101CA0007823C0F87C13C0F88013C0F88413C0F800
:101CB0008813C0F88C13C0F89013C0F89413C0F8C0
:101CC0009813C0F89C13C0F8A013C0F8A413C0F870
:101CD000A8134FF2C352C4F21C12C0F8AC23002266
:101CE000C4F22022C0F8B02380F8C01380F8C113DA
:101CF00080F8C21380F8C31380F8C41302B080BD0B
:101D000082B001908DED000A01990098486402B0FC
:101D1000704700000000000082B001908DED000AC5
:101D200001990098C86402B07047000000000000EC
:101D300080B58AB009900998019000210891079117
:101D40000691059190ED110A90ED121A30EE410ABC
:101D50008DED040A9DED040AF5F78EFD01988DEDD9
:101D6000030A9DED030A90ED011AB4EE410AF1EE6B
:101D700010FA07DAFFE70199886C486400200490A4
:101D80000390FFE7019890ED080A9DED041A20EEFC
:101D9000010A8DED080A90ED0E0AB5EE400AF1EE4B
:101DA00010FA0DD1FFE7019890ED0F0AB5EE400A49
:101DB000F1EE10FA04D1FFE74FF07E50029044E0BC
:101DC00001989DED030A90ED0E1AB4EE410AF1EE72
:101DD00010FA04DCFFE74FF07E50029026E00198F5
:101DE00090ED0E0A9DED031AB4EE410AF1EE10FAE1
:101DF0001BDAFFE701989DED030A90ED0F1AB4EE90
:101E0000410AF1EE10FA10DAFFE7019890ED0E2A80
:101E100090ED0F1A9DED030A31EE400A31EE421AA1
:101E200080EE010A8DED020AFFE7FFE701989DEDC4
:101E3000030A90ED0F1AB4EE410AF1EE10FA03DB3B
:101E4000FFE700200290FFE7FFE7019890ED0C0A02
:101E5000B5EE400AF1EE10FA10D0FFE7019901F15A
:101E60004C0091ED092A91ED0C1AB1EE410A80EE79
:101E7000020AC1EE020AF4F72FFFFFE7019890ED86
:101E8000100AB5EE400AF1EE10FA18D1FFE70198FA
:101E90009DED021A90ED002A90ED130A21EE021A30
:101EA0009DED042AA1EE020A80ED130A90ED090AC5
:101EB00090ED131A20EE010A8DED070A28E0019833
:101EC0009DED030A90ED101AB4EE410AF1EE10FAFE
:101ED00018DAFFE701989DED021A90ED002A90EDC7
:101EE000130A21EE021A9DED042AA1EE020A80EDEA
:101EF000130A90ED090A90ED131A20EE010A8DEDF8
:101F0000070A04E001990020C8640790FFE7FFE793
:101F10000198007A90B9FFE7019890ED001A90EDD2
:101F2000063A90ED0A0A9DED042A32EE432A20EE8D
:101F3000020A80EE010A8DED060A11E0019890ED8B
:101F4000001A90ED053A90ED072A90ED0A0A32EE5C
:101F5000432A20EE020A80EE010A8DED060AFFE711
:101F6000019890ED042A90ED0B1A90ED110A30EED5
:101F7000420A20EE010A8DED050A9DED080A9DED4D
:101F8000071A30EE010A9DED061A30EE010A9DEDAA
:101F9000051A30EE010A80ED070A90ED0D0AB5EE44
:101FA000400AF1EE10FA0AD0FFE7019901F11C0096
:101FB000D1ED0D0AB1EE600AF4F78EFEFFE701994C
:101FC000886CC860486C0861C86948610498886179
:101FD0000AB080BD000000008EB002AA0092024646
:101FE00000980D9280ED0A0AC0ED090A80ED081AEA
:101FF000C0ED071A80ED062AC0ED052A80ED043AEF
:10200000C0ED033A80ED024AC0ED014A80ED005A6E
:102010008DF807100D990C9808620B9848620A9881
:1020200088620998C862089808630798486303980B
:10203000086002984860069888630598C863049809
:1020400008649DF8070008720EB070470000000099
:1020500081B00090009890ED070A01B07047000031
:1020600082B001908DED000A01990098886402B059
:10207000704700000000000081B00090009800212F
:10208000C160016141618161C1610162416281623E
:10209000C162016341638163C1630164416481641E
:1020A000C16401B07047000080B586B00190059012
:1020B000049103920499009100218DF80B10FFF711
:1020C00013F900980199039A92ED000A00F0FCFCC4
:1020D00001208DF80B009DF80B0020B9FFE7019857
:1020E000FFF712F9FFE706B080BD00000000000016
:1020F00084B08DED020B8DED001B9DED020B9DED6F
:10210000001B80FE410B04B070470000000000007F
:1021100080B582B0019000919DED010AB8EEC00B30
:102120009DED001AB8EEC11BFFF7E2FF02B080BDC3
:1021300080B582B08DED010A9DED010A02F0C6F96D
:1021400002B080BD0000000081B0ADF80200BDF912
:10215000020000280ED4FFE7BDF9021001F01F02B3
:10216000012090404A094EF20011CEF2000141F8E0
:102170002200FFE701B070474EF60C50CEF200008F
:102180000068C0F30220704782B0ADF806000091ED
:10219000BDF9060000280AD4FFE700980001BDF948
:1021A00006104EF20042CEF2000288540BE0009876
:1021B0000001BDF8061001F00F014EF61452CEF2E8
:1021C00000028854FFE702B07047000000000000E2
:1021D00083B00290029800F0070000904EF60C5178
:1021E000CEF200010868019001984FF6FF021040FE
:1021F00001900198009A40EA02200022C0F2FA52AF
:10220000104301900198086003B07047000000007F
:1022100080B582B042F65800C2F200400190FAF751
:10222000FFFB01994CF6D930C0F6010040F20002E4
:10223000C0F60002DEF7D4F802B080BD0000000056
:102240004AF24000C4F20000006840F23841C2F295
:102250000041086070470000704700000000000067
:10226000704700000000000089B08DED080A9DED68
:10227000081A9FED3A2AB5EE000AA1EE020A8DED8A
:10228000050A9DED050ABDEEC00A8DED010A9DED22
:10229000050AB5EE400AF1EE10FA04DAFFE70198FC
:1022A00001380190FFE79DED050A9DED011AB8EE9A
:1022B000C11A30EE410A8DED050A9DED050A9FED2C
:1022C000281A20EE010A8DED000A9DED000ABCEEF1
:1022D000C00A10EE100AADF81200BDF81200B0F5F9
:1022E000007F0CDBFFE70020ADF812009DED000A37
:1022F0009FED1C1A30EE010A8DED000AFFE79DEDFF
:10230000000ABDF8120001EE100AB8EE411A30EED4
:10231000410A8DED060ABDF8121044F6A840C0F639
:10232000020050F821100391BDF8121000EB81005B
:10233000406802909DED060AB7EE001A31EE401A91
:102340009DED032A9DED023A20EE030AA1EE020A5A
:102350008DED070A9DED070A09B0704783F9223E0B
:1023600000000044000000C489B008900791069264
:10237000089840680590079840680490069840685F
:102380000390089908884988484302900298019070
:10239000FFE70198A8B1FFE70598011D059190EDB1
:1023A000000A0498011D049190ED001A30EE010A14
:1023B0000398011D039180ED000A019801380190F6
:1023C000E7E700208DF803009DF9030009B070478E
:1023D00083B00290ADF80610ADF804200093BDF86C
:1023E000060002990880BDF8040002994880009810
:1023F0000299486003B07047BBB039903891399862
:102400004068379038984068369039980088349002
:102410003998408833900020329031902B90369834
:10242000359034982C90FFE72C9858B3FFE73498F8
:102430002C99401A2A90FFE72A9848B1FFE735996E
:10244000081D3590002008602A9801382A90F3E78B
:102450003599081D35904FF07E5008602C98013852
:102460002A90FFE72A9848B1FFE73599081D359073
:10247000002008602A9801382A90F3E72C98013848
:102480002C90D1E700202990FFE7299833998842C2
:1024900080F04D82FFE700202B9029982F903999EA
:1024A00048684988299A01FB022100EB8100359098
:1024B00035980068329029983090299801302D90F5
:1024C000FFE72D983499884225D2FFE7399948686B
:1024D00049882D9A299B01FB023100EB8100359040
:1024E0003598006831909DED310AB0EEC00A9DED3F
:1024F000321AB0EEC11AB4EE410AF1EE10FA05DD5F
:10250000FFE72D98309031983290FFE7FFE72D9844
:1025100001302D90D5E79DED320AB5EE400AF1EE7F
:1025200010FA76D0FFE730982999884271D0FFE7FA
:1025300039984068259039984068249039984088A7
:10254000239023982999401A22902F982399299A09
:1025500000FB0121259800EB8100259030982399FC
:10256000299A00FB0121249800EB8100249000208F
:102570002790FFE727982299884213DAFFE72598EA
:10258000006826902498006825990A1D2592086005
:10259000269824990A1D24920860FFE727980130A5
:1025A0002790E7E7389840681F90389840681E9059
:1025B000389840881D901D981C902F981D99414374
:1025C0001F9800EB81001F9030981D9941431E9881
:1025D00000EB81001E9000202190FFE721981C99BC
:1025E000884213DAFFE71F98006820901E98006861
:1025F0001F990A1D1F92086020981E990A1D1E929D
:102600000860FFE7219801302190E7E701202B9037
:10261000FFE72B9801280CD0FFE79DED320AB5EEBD
:10262000400AF1EE10FA04D1FFE7FB208DF8EB0031
:10263000BCE19DED321AB7EE000A80EE010A8DED85
:10264000320A399840681A90399840881990199838
:102650002999401A18902F981999299A00FB01215D
:102660001A9800EB81001A9000201B90FFE71B983E
:102670001899884210DAFFE79DED321A1A98011D69
:102680001A9190ED000A20EE010A80ED000AFFE7A2
:102690001B9801301B90EAE73898406816903898EC
:1026A00040881590159814902F98159941431698C5
:1026B00000EB8100169000201790FFE717981499FF
:1026C000884210DAFFE79DED321A1698011D169127
:1026D00090ED000A20EE010A80ED000AFFE717984E
:1026E00001301790EAE700202D90FFE72D982F99F1
:1026F000884280F08780FFE73999486849882D9A99
:10270000299B01FB023100EB810035903598006870
:1027100032903998406812903998406811903998F1
:102720004088109010982999401A0F9012982D996E
:10273000109A514300EB8100299900EB810012901F
:1027400011982F99109A514300EB8100299900EBC1
:102750008100119000201390FFE713980F99884291
:1027600015DAFFE79DED321A1198011D119190EDD8
:10277000002A1298011D129190ED000AA1EE420A62
:1027800080ED000AFFE7139801301390E5E73898D1
:1027900040680D90389840680C90389840880B90AD
:1027A0000B980A900D982D990B9A514300EB8100DC
:1027B0000D900C982F990B9A514300EB81000C90CF
:1027C00000200E90FFE70E980A99884215DAFFE77D
:1027D0009DED321A0C98011D0C9190ED002A0D9878
:1027E000011D0D9190ED000AA1EE420A80ED000A54
:1027F000FFE70E9801300E90E5E7FFE72D980130D6
:102800002D9073E72F9801302D90FFE72D98349984
:10281000884280F08780FFE73999486849882D9A77
:10282000299B01FB023100EB81003590359800684F
:1028300032903998406808903998406807903998E4
:102840004088069006982999401A059008982D9975
:10285000069A514300EB8100299900EB8100089012
:1028600007982F99069A514300EB8100299900EBB4
:102870008100079000200990FFE709980599884298
:1028800015DAFFE79DED321A0798011D079190EDCB
:10289000002A0898011D089190ED000AA1EE420A55
:1028A00080ED000AFFE7099801300990E5E73898C4
:1028B00040680390389840680290389840880190AA
:1028C0000198009003982D99019A514300EB8100E3
:1028D000039002982F99019A514300EB81000290D6
:1028E00000200490FFE704980099884215DAFFE77A
:1028F0009DED321A0298011D029190ED002A039875
:10290000011D039190ED000AA1EE420A80ED000A3C
:10291000FFE7049801300490E5E7FFE72D980130C8
:102920002D9073E7FFE7299801302990ADE500204D
:102930008DF8A3002B98012833D0FFE79DED320AD4
:10294000B5EE400AF1EE10FA2BD1FFE73998406856
:10295000379000202E90FFE72E983499339A5143F8
:10296000884212D2FFE737982E9900EB810090ED54
:10297000000AB5EE400AF1EE10FA01D0FFE704E0DC
:10298000FFE72E9801302E90E6E72E983499339A7F
:102990005143884204D1FFE7FB208DF8A300FFE7F5
:1029A000FFE79DF8A3008DF8EB00FFE79DF9EB0032
:1029B0003BB070470000000092B008AB009311904C
:1029C00010910F92119840680E90109840680D90E9
:1029D000119840680C90109840680B900F984068D0
:1029E0000A9011980088ADF81E0010984088ADF844
:1029F0001C0011984088ADF81A0000200490BDF822
:102A00001E000390FFE70A98049900EB81000990EB
:102A1000BDF81C000590109840680D90FFE700205D
:102A200008900C980E90BDF81A000290FFE70298EB
:102A3000C8B1FFE700980E990A1D0E9291ED001A99
:102A40000D9991ED002A90ED000AA1EE020A80EDA9
:102A5000000ABDF81C100D9800EB81000D90029843
:102A600001380290E3E7089809990A1D0992086065
:102A70000598013805900B98BDF81C10059A891A25
:102A800000EB81000D90FFE705980028C7D1FFE714
:102A90000498BDF81C10084404900C98BDF81A1056
:102AA00000EB81000C90039801380390FFE7039836
:102AB0000028A8D1FFE700208DF807009DF9070046
:102AC00012B070470000000089B007AA00920246C9
:102AD0000098089280ED000A0691089840680590D9
:102AE00006984068049008990888498848430390EC
:102AF00003980290FFE7029898B1FFE700980599C4
:102B00000A1D059291ED000A90ED001A20EE010ACF
:102B10000498011D049180ED000A0298013802908A
:102B2000E9E700208DF807009DF9070009B070471C
:102B300089B0089007910692089840680590079818
:102B4000406804900698406803900899088849886E
:102B50004843029002980190FFE70198A8B1FFE76F
:102B60000598011D059190ED000A0498011D04913E
:102B700090ED001A30EE410A0398011D039180ED9B
:102B8000000A019801380190E7E700208DF8030062
:102B90009DF9030009B070478AB00990089109981F
:102BA0004068079008984068069009980088ADF83A
:102BB000120009984088ADF81000BDF8120002908C
:102BC00000200190FFE70698019900EB8100059035
:102BD000BDF810000390FFE7039880B1FFE7079866
:102BE000011D0791006805990860BDF8121005984D
:102BF00000EB81000590039801380390ECE7019801
:102C000001300190029801380290FFE702980028F5
:102C1000D9D1FFE700208DF803009DF903000AB029
:102C2000704700000000000089B08DED080A9DED9E
:102C3000080A9FED391A20EE010A8DED050A9DED77
:102C4000050ABDEEC00A8DED010A9DED050AB5EE3F
:102C5000400AF1EE10FA04DAFFE70198013801901A
:102C6000FFE79DED050A9DED011AB8EEC11A30EEA1
:102C7000410A8DED050A9DED050A9FED281A20EE0B
:102C8000010A8DED000A9DED000ABCEEC00A10EEAF
:102C9000100AADF81200BDF81200B0F5007F0CDB91
:102CA000FFE70020ADF812009DED000A9FED1C1A11
:102CB00030EE010A8DED000AFFE79DED000ABDF838
:102CC000120001EE100AB8EE411A30EE410A8DED05
:102CD000060ABDF8121044F6A840C0F6020050F8EB
:102CE00021100391BDF8121000EB810040680290A2
:102CF0009DED060AB7EE001A31EE401A9DED032A4B
:102D00009DED023A20EE030AA1EE020A8DED070ABC
:102D10009DED070A09B0704783F9223E0000004488
:102D2000000000C40000000085B0039002910192F1
:102D300003980299401A009000980199884204D2A1
:102D4000FFE700208DF8130003E001208DF8130049
:102D5000FFE79DF8130005B0704700000000000079
:102D600080B584B003908DF80B1003990B68C86888
:102D700009699DF80B209847019004B080BD0000C0
:102D800080B584B00390ADF80A1003994B68C86809
:102D90000969BDF80A209847019004B080BD000081
:102DA00080B584B00390029103980830029900F036
:102DB000CBFA019004B080BD70B589B0109D0F9C16
:102DC000DDF838E0DDF834C007950694CDF814E05E
:102DD000CDF810C0039302920191009000990198E0
:102DE000029A039BDDF810C0DDF814E0069C4C61EC
:102DF000C1F810E0C1F80CC08B604A600860079809
:102E00008861009940204877009943F2C130C0F6AC
:102E100002000861009943F2D930C0F60200C86090
:102E2000009943F21950C0F6020088609DF8230013
:102E300009B070BD00000000B0B58EB045F6582056
:102E4000C2F200400B9004200C90E6F7BDFB40005E
:102E50000690069845F6F021C2F200410968896A99
:102E6000B0FBF1F0C00842F29501C0F64F11A0FB93
:102E70000110400800EE100AB8EE400B8DED040B77
:102E80009FED210BBAEE061B00F0BEFEB0EE401B1C
:102E90009DED040B80EE010B9FED1D1BB4EE410B6D
:102EA000F1EE10FA08DAFFE745F6F020C2F2004032
:102EB0000168F0208862FFE745F6F020C2F200408A
:102EC0000168896AADF81C100068C06AADF81E0080
:102ED0000699079A089B0998DDF828E00B9C0C9D41
:102EE000EC46CCF80C50CCF80840CCF804E0CCF818
:102EF000000042F62C00C2F20040FFF75DFF9DF893
:102F000037000EB0B0BD00BF6379D9928FF3F03FA8
:102F100000000000E0FFEF4080B584B0029002980E
:102F200001A9FFF73DFF01980299096A401A009034
:102F3000009900201422FFF7F7FE28B9FFE7029856
:102F4000032100F015F928E000994FF4C87014220D
:102F5000FFF7EAFE28B9FFE70298082100F008F918
:102F60001AE000994FF461701422FFF7DDFE28B9D2
:102F7000FFE70298012100F04BF90CE0009940F2C4
:102F800014501422FFF7D0FE20B9FFE70299402029
:102F90004877FFE7FFE7FFE7FFE79DF80F0004B082
:102FA00080BD00000000000080B584B0029002984F
:102FB00001A9FFF7F5FE01980299096A401A0090ED
:102FC000009900201422FFF7AFFE28B9FFE702980E
:102FD000032100F0CDF828E0009940F2A46014220B
:102FE000FFF7A2FE28B9FFE70298082100F0C0F819
:102FF0001AE000994FF4FA601422FFF795FE28B901
:10300000FFE70298012100F003F90CE0009940F677
:10301000FC001422FFF788FE20B9FFE70299402048
:103020004877FFE7FFE7FFE7FFE79DF80F0004B0F1
:1030300080BD00000000000080B584B002900298BE
:1030400001A9FFF7ADFE01980299096A401A0090A4
:10305000009900201422FFF767FE28B9FFE70298C5
:10306000072100F085F828E000994FF496701422AB
:10307000FFF75AFE28B9FFE70298042100F078F81C
:103080001AE000994FF416701422FFF74DFE28B98C
:10309000FFE70298012100F0BBF80CE000994FF423
:1030A0007A701422FFF740FE20B9FFE70299402012
:1030B0004877FFE7FFE7FFE7FFE79DF80F0004B061
:1030C00080BD00000000000080B584B0029002982E
:1030D00001A9FFF765FE01980299096A401A00905C
:1030E000009900201422FFF71FFE28B9FFE702987D
:1030F000032100F03DF836E000994FF49670142259
:10310000FFF712FE28B9FFE70298052100F030F81A
:1031100028E000994FF4FA701422FFF705FE28B951
:10312000FFE702980A2100F023F81AE000994FF413
:1031300061701422FFF7F8FD28B9FFE7029801211A
:1031400000F066F80CE0009940F214501422FFF7EA
:10315000EBFD20B9FFE7029940204877FFE7FFE742
:10316000FFE7FFE7FFE79DF80F0004B080BD000018
:1031700080B586B004908DF80F109DF90F0010F106
:103180000B0F05DBFFE79DF90F000D2804DBFFE7C0
:1031900002208DF817002DE09DF90F0000EE100AB7
:1031A000B8EEC01B9FED160B00F02EFD9FED161B19
:1031B00020EE010BB7EEC00B8DED010A04990868F3
:1031C0008A88B0FBF2F000EE100AB8EE400A9DEDDE
:1031D000011A80EE010ABCEEC00A10EE100AC88087
:1031E000049901F10800C988FFF7CAFD02908DF823
:1031F0001700FFE79DF8170006B080BD00BF00BFB5
:103200006379D9928FF3F03F0000000000807B408B
:1032100080B584B002908DF807109DF8070048B182
:10322000FFE79DF80700012804D0FFE702208DF892
:103230000F000AE0029808309DF80710FFF790FD94
:10324000009000988DF80F00FFE79DF80F0004B084
:1032500080BD00000000000083B001908DF80310D5
:103260009DF803000199497F884208DAFFE79DF83D
:1032700003000199487700208DF80B0003E001203E
:103280008DF80B00FFE79DF80B0003B070470000BE
:1032900080B584B003900399487F897F88420FD01E
:1032A000FFE70398407F40280AD0FFE703980021FA
:1032B000FFF7AEFF039800F12001FFF771FDFFE774
:1032C0000398407F01460191A0B1FFE701980128D2
:1032D00021D0FFE70198022826D0FFE701980528B2
:1032E00014D0FFE7019806281AD0FFE7019840287C
:1032F00006D01DE003980121FFF78AFF02901AE033
:1033000003980121FFF784FF029014E00398FFF770
:10331000DBFE02900FE00398FFF746FE02900AE002
:103320000398FFF7F9FD06E00398FFF785FE02E03A
:1033300001200290FFE70399487F88779DF80800F5
:1033400004B080BD0000000080B584B003900291FD
:103350000398816802988847019004B080BD0000FE
:1033600080B582B000200190E3F722F9EDF790FBE1
:10337000ECF7E6F8EBF79CFFECF722F8ECF760F8D7
:10338000ECF79EF8ECF798F9ECF742FAECF788FBCB
:10339000ECF7AAFCECF75CFCECF7EEFCECF730FB8E
:1033A000ECF7EAFAECF7A4FAECF7C2FBECF708FC4E
:1033B000ECF7BEF9EEF7B4FAFFE7EEF71DFBFCE71A
:1033C00080B582B00090E3F7DBF8009908609DF8C3
:1033D000070002B080BD00008BB009900891ADF8E5
:1033E0001E2009980590BDF81E00002806D4FFE7AE
:1033F000BDF81E00B0F5803F04DBFFE702208DF82A
:103400002B0083E0BDF81E0005990968C862089882
:1034100078B9FFE7BDF81E0045F25651C5F2555187
:10342000A0FB011041000846059A12685163049000
:1034300066E0089804280FD1FFE7BDF81E0045F2AA
:103440005651C5F25551A0FB011041000846059A9E
:1034500012689163039050E0089808280FD1FFE7A5
:10346000BDF81E0045F25651C5F25551A0FB0110A2
:1034700041000846059A1268D16302903AE0089824
:103480000C280FD1FFE7BDF81E0045F25651C5F2DA
:103490005551A0FB011041000846059A12681164BD
:1034A000019024E0089810280FD1FFE7BDF81E0016
:1034B00045F25651C5F25551A0FB01104100084696
:1034C000059A1268916500900EE0BDF81E0045F265
:1034D0005651C5F25551A0FB011041000846059A0E
:1034E0001268D1650090FFE700980190FFE701980E
:1034F0000290FFE702980390FFE703980490FFE72C
:103500000498069006988DF82B00FFE79DF82B0095
:103510000BB070470000000080B588B006900591A0
:103520008DF81320069802909DF813000146019132
:1035300020B1FFE70198012806D00BE00298059919
:10354000E8F76AFE039009E002980599E8F7B8FFEA
:10355000039003E002208DF81F0003E003988DF82C
:103560001F00FFE79DF81F0008B080BD03B401985D
:103570004100009850EAC12018BF04204A0D18BF2E
:1035800040F0010040F2FF72B2EB515F08BF40F023
:103590000200012808BF052002B070474100080260
:1035A00018BF04200A0E18BF40F001004FF07F4200
:1035B00032EA010108BF40F00200012808BF0520DF
:1035C0007047000010B510EE104A4FF01A402DED74
:1035D000028B00EB4400B0F1C85F4AD84FF0FC40CA
:1035E000B0EB440F22D2B0EEC00AF7EE000A30EE84
:1035F000C00AF6EE000A20EE208A18EE100A01F04A
:103600003CF900EE100A14F0004F1DBF9FED281A80
:10361000DFED280AB1EE400A9FED271A08BFF0EE51
:10362000410AF8EE001A20EE210A05E020EE008A99
:103630009FED221ADFED220ADFED221A9FED222AEA
:1036400070EEC00A20EE080A08EE212ADFED1F1AEC
:1036500048EE021A9FED1E2A08EE212ADFED1D1A00
:1036600048EE021ABDEC028B40EE610A30EE810A90
:1036700010BD4FF0CC40B0EB440F82BF9FED160A57
:10368000BDEC028B10BD4FF07F40B0EB440F05D274
:10369000BDEC028BBDE8104000F0A2BF012001F09C
:1036A0006FF8BDEC028BBDE8104000F09FBF00003A
:1036B0000000494022AA7D3A000000000000C93FF6
:1036C00022AAFD3924FE1C3DC78AD83C1E67383D1E
:1036D0001B93993DAFAA2A3EDB0FC93F10B54FF0AF
:1036E0000E402DED028BB0EE408A18EE104A00EB32
:1036F0004400B0F1506F4AD84FF0FC40B0EB440F9B
:1037000022D2B0EEC80AF7EE000A30EEC00AF6EE9A
:10371000000A60EE208A18EE900A01F0AEF801EE81
:10372000100A14F0004F1DBFDFED2D0A9FED2D0A8A
:10373000B1EE411ADFED2C0A08BF9FED2C0AF8EE1E
:10374000001A21EE218A05E0DFED290A68EE088AD9
:10375000B0EE600A9FED271ADFED271A30EE080A57
:1037600048EE811A9FED251A08EEA11ADFED241A02
:1037700048EE811A9FED231A08EEA11A68EE281A66
:10378000BDEC028B01EE810A30EE200A10BD4FF035
:10379000E440B0EB440F0CD918EE100AFFF7FEFE20
:1037A000042808BF00F02AFFB0EE480ABDEC028BE7
:1037B00010BD4FF07F40B0EB440F07D2B0EE480A87
:1037C000BDEC028BBDE8104000F00ABF012000F004
:1037D000D7FFBDEC028BBDE8104000F007BF000032
:1037E0000000C9BF22AAFDB90000C93F22AAFD39C5
:1037F0000000000024FE1C3DC78AD83C1E67383DEF
:103800001B93993DAFAA2A3E70B54FF068422DED4B
:10381000048BF0EE408A18EE900AB0EE608A18EE43
:10382000101A02EB4003B3F1654F3CBF02EB4102BB
:10383000B2F1654F7DD200BFC0F3C753C1F3C75289
:103840009A1A1B2A09DD10F0004F14BF9FED830A5E
:103850009FED830ABDEC048B70BD12F11A0F36DAAE
:1038600011F0004F09D010F0004F0CBF9FED7D0A02
:103870009FED7D0ABDEC048B70BD88EE889A19EE31
:10388000100AFFF78BFE042808BF00F0B7FE18EE01
:10389000900AFFF783FE054618EE100AFFF77EFE3A
:1038A000044619EE100AFFF779FE042D18BF052D06
:1038B00008D1042C18BF052C04D1002804BF022015
:1038C00000F05EFFB0EE490ABDEC048B70BD420013
:1038D000B2EB410F3AD910F0004F19BFDFED630A88
:1038E0009FED630ADFED630A9FED630AB0EE481AAD
:1038F0000A46B1EE688A80F00041F0EE418A104637
:103900000A1A5200B2F1807F34D2484010F0004FC2
:10391000DFED5A1A9FED5A2A1DBFBEEE001A70EE57
:10392000E10A30EE420AB6EE001A08BF70EEA10AB4
:1039300000E040E008BF30EE020AB0EE682A01EE77
:10394000482A08EE818AC2EE081A15E011F0004FED
:1039500004BF9FED4C0AF0EE400AD1D010F0004FAA
:1039600019BFDFED490A9FED490ADFED490A9FEDD6
:10397000490AC5E7C8EE881A21EEA11A9FED462A2A
:10398000DFED462A41EE022A9FED452A01EE222A6A
:10399000DFED442A41EE022A9FED432ABDEC048B61
:1039A00001EE222A21EE811A01EE020A30EE210AEE
:1039B00030EE200A70BD4FF07F42B2EB400F28BFBF
:1039C000B2EB410F09D2F0EE480AB0EE680ABDEC46
:1039D000048BBDE8704000F006BE40EA01035B00C6
:1039E00008BF41F0FF410BD0B2EB400F08BFB2EB74
:1039F000410F08D120F0804008EE900A21F080416C
:103A000008EE101A18E7B2EB400F12BF5FEA41034D
:103A100040F0FF4001F000413FF40EAFB2EB410F28
:103A200012BF5FEA400200F0004041F0FF413FF466
:103A300003AF4A0092EA40033FF5FEAE002AACBF56
:103A40009FED1A0A9FED1A0A68EE808A28EE008A16
:103A500018EE900A18EE101AEEE60000DB0FC9BF50
:103A6000DB0FC93FDB0F4940DB0F49C00000C9BF76
:103A700022AAFDB90000C93F22AAFD390060ED3E2F
:103A8000C30ACE3700000000000049C022AA7DBA58
:103A90000000494022AA7D3A2DAD65BD8FB8D53DC5
:103AA0000FB511BE61C84C3EA8AAAABE0000804F47
:103AB0000000802F10EE101A08B5444A6846B2EB99
:103AC000410F28D94FF0E640B0EB410F94BF0020E2
:103AD0004FF0FF3000900098002861DB60EE000A94
:103AE00010F0010F45D010F0020FDFED391A9FEDF5
:103AF000391A00EEA11ADFED381A40EE811A21EED4
:103B0000A01AF0EE400A40EE010A08BFF1EE600A8A
:103B1000B0EE600A08BD314B21F0004293423CD91F
:103B200011F0004FDFED2E0A20EE201ADFED2D0AF6
:103B300019BF31EE601A71EE200A31EE201A71EED3
:103B4000600ABDEEE01A11EE100A9FED271A00F090
:103B5000030000EEC10A9FED251A009000EEC10A95
:103B60009FED231A00EEC10A9FED221A00EEC10A52
:103B7000B1E79FED211A9FED210A10F0020F00EE30
:103B8000810A9FED1F1A00EE801AB7EE000A00EEC0
:103B9000810A18BFB1EE400A08BD00F037FD9AE770
:103BA00010EE100A4000B0F17F4F3CBFB7EE000AA4
:103BB00008BD07D14FF0010000F0E2FDBDE808406C
:103BC00000F014BDBDE8084000F00ABDB61F927EAB
:103BD000336D4CB9DA82083CA0AA2ABE490E494688
:103BE00083F9223F0000004B0000C93F00A0FD39CF
:103BF0000020A2331A61342CB93AB2BACA9F2A3DC6
:103C0000DDFFFFBE000000002DE9F04D2DED040B9F
:103C10002DED0A8B9AB0DDE92550279CDDF890A0A8
:103C200025F0004624F00048BAF1000F14BF01212E
:103C3000002101EB4502F84953184A10934228D35A
:103C4000002814BF0123002303EB44030B44F34972
:103C50008B421ED358EA000172D0DFF8C4B35D4531
:103C600003D1BAF1000F05D186E0BAF1000F08BF09
:103C7000002100D0012101EB450111F5001F08D8FA
:103C8000002814BF0121002101EB440111F5001FA0
:103C90000BD99DED261B9DED240B1AB0BDEC0A8BB4
:103CA00004B0BDE8F04D00F073BC0027002DBCBF90
:103CB000DC49884521DADC498845A8BF02271CDA9F
:103CC000C3451ADCD94901EB2851142908DDC1F19B
:103CD000340220FA02F101FA02F282420DD108E028
:103CE00058B9C1F1140228FA02F101FA02F2424570
:103CF00003D101F00101C1F1020756EA0A0120D106
:103D0000002C1EDA002D18BF022F01D0012F0AD07F
:103D1000022000F035FD1AB0BDEC0A8B04B0BDE8FE
:103D2000F04D00F029BC022000F02AFD00F024FC38
:103D3000B1EE400B1AB0BDEC0A8B04B0BDE8F08DBB
:103D40001AE09FEDBB9B9FEDBC8BB7EE00AB00284C
:103D50007DD1B44880451CD105F1804010F580101C
:103D600008BFBAF1000F07D0B34508DC002CA8BF8C
:103D70009DED260BDEDA07E0B7EE000BDAE7002C4C
:103D8000B8BF9DED260BD3DBAD48784490ED000B1A
:103D9000D0E7D84548D1002C43DA2EB186423AD13B
:103DA000BAF1000F3DD126E0BAF1000F13D0022086
:103DB00000F0E6FC00F0FCFB8DED020B9DED240B0A
:103DC0008DED000B10EE900A039961F31E00039035
:103DD0009DED020BAEE78DED029B9DED240B19EEE0
:103DE000901A10EE900A8DED000B61F31E00039007
:103DF0009DED020B9EE78DED028B9DED240B18EEE1
:103E0000901A10EE900A8DED000B61F31E000390E6
:103E10009DED020B8EE704DA9DED241B8AEE010B6B
:103E200088E79DED240B85E786421ADAB4F1804FCE
:103E300004BF9DED240B20EE000B3FF47BAFA4F1FB
:103E40000050B0F1FF500CD1002D0ADB00E008E07B
:103E50009DED240B51EC100B00F0DAFC41EC100B43
:103E600068E79DED240B51EC100B00F08FFCBAF1CC
:103E7000000FCDE90E0140D19FED730B46B3A6F1C3
:103E8000E040B0F17F600ED05E4536D1002D00DA03
:103E900097B3022F0CBF01204FF0FF3000EE100A45
:103EA000B8EEC00B46E7002D01DD002C0DDA002D29
:103EB00001DD002C1DDB002D14DA002C12DB012F9C
:103EC00008BF9FED630B3FF435AFB0EE490B31E710
:103ED000022F18BF002D0CD0012F0AD1002DFFF6A4
:103EE00029AF06E0002DB8BF002C06DA012F3FF401
:103EF00021AFB0EE480B1DE719E0012000EBE570A3
:103F000050EA070113D0B0EE4A8B791E084308BF70
:103F1000BFEE008B5048002580457ADD4F49504860
:103F2000884514DDB0420DDB002C19DB2CE00120AC
:103F300000F026FC1AB0BDEC0A8B04B0BDE8F04DD1
:103F400000F02ABBB34502DC002C09DC1CE08642F1
:103F500002DA002C18DA03E05E4528DD002C13DDC0
:103F6000022000F00DFC00F023FB8DED020B28EE8B
:103F7000090B8DED000B10EE900A039961F31E0002
:103F800003909DED020BD5E6022000F0F9FB00F056
:103F90001BFB10EE901A18EE900A8DED020B8DEDC2
:103FA000008B61F31E0003909DED020BC2E69DEDB8
:103FB0000E0B30EE4A0B8DED040B20EE002B9DED29
:103FC000041B9FED290BB5EE003B01EE430B9DED6D
:103FD000043BB6EE001B03EE401B22EE012B9DEDD1
:103FE000040B9FED231B20EE011B9FED233B20EED6
:103FF000030B9FED233B02EE430B31EE002B8DEDC7
:10400000022B02959DED022B32EE411B30EE411B3F
:1040100011E139E000000000FFFF1F00FFFF0F006B
:104020000000F03F0000F07F0000404301FCFFFF74
:10403000000000000000F07F000000000000000011
:10404000B20B000000000000000000000000008033
:10405000000000000000F0FF0000E0410000F0431D
:10406000FFFFEF3F00000000555555555555D53F12
:10407000000000604715F73F44DF5DF80BAE543E8B
:10408000FE822B654715F73F0020B6F5801F0BDA3F
:104090009DED0E0B9FEDEC1B20EE010B10EE906AD8
:1040A0008DED0E0B6FF0340000EB2650C6F31301BC
:1040B000A0F2FF37E64A41F07F6040F04050914265
:1040C000D8BF002408DDE34A8A42C8BF012403DCCC
:1040D0000024A0F580107F1CDF49794401EBC40166
:1040E0000F9091ED001B9DED0E0B30EE410B9DED01
:1040F0000E2B31EE023B8AEE032B20EE029BD749BA
:104100008DED029B7944029591ED003B4FF00051FB
:1041100041EA600000EB84408DED043B00F5002097
:1041200005909DED043B33EE411B9DED0E3B33EEC0
:10413000411B9DED023B9DED044B03EE440B03EE52
:10414000410B20EE02BB29EE09CBB0EE4C0BC4486C
:104150000621784400F0D7F92CEE0C1B20EE010B61
:104160009DED021B31EE091B0BEE010B9DED021BB9
:1041700021EE011BB0EE082B31EE023B33EE003B8B
:104180008DED043B04959DED043B33EE422B32EE66
:10419000411B30EE412B9DED020B9DED041B20EEEB
:1041A000011B9DED040B2BEE000B02EE090B31EE13
:1041B000002B8DED022B02959DED022B32EE411B63
:1041C00030EE411B9DED020B9FEDA72B20EE020B65
:1041D0009DED022B9FEDA63B22EE032B9FEDA63B10
:1041E00001EE032BA648784400EBC40090ED001BC1
:1041F00032EE011B02EE107AB8EEC22B8DED042BCD
:1042000030EE013B9F48784400EBC40090ED002B5A
:1042100033EE023B9DED044B33EE043B8DED023B50
:1042200002959DED023B33EE443B33EE422B32EEE2
:10423000400B31EE401B9DED260B8DED000B0095E4
:104240009DED260B9DED002B30EE420B9DED022BDC
:1042500020EE020B9DED262B02EE010B9DED001BC7
:104260009DED022B21EE021B8DED021B30EE011B9A
:1042700011EE900A11EE101A834A8DED001B904248
:1042800024DB821A11430ED19FED811B30EE011BFE
:104290009DED002B9DED023B32EE432BB4EEC21B95
:1042A000F1EE10FA26DD022000F06AFA00F080F943
:1042B00010EE901A18EE900A8DED020B8DED008B2A
:1042C00061F31E0003909DED020B33E5724B20F06D
:1042D00000429A420ED3714A024411437FF454AE15
:1042E0009DED022B31EE421BB4EEC01BF1EE10FA35
:1042F000BFF64AAE20F00041694A6A4B002402EB47
:1043000021529942D8BF9DED021B27DD511C4FF46D
:10431000801222FA01F10144634BC1F30A527B443B
:10432000A2F2FF3293ED001B604B8DED041BD340D6
:1043300021EA0303C1F3130141F48011C2F1140215
:1043400021FA02F405930028B8BF64429DED021BD8
:104350009DED042B31EE421B8DED021B30EE011B57
:104360008DED041B04959DED041B9FED512B21EE5B
:10437000021B9DED042B9DED023B32EE432B30EEF4
:10438000420B9FED4D2B20EE020B9DED042B9FED7C
:104390004C3B02EE030B31EE002B8DED002B32EE89
:1043A000411B30EE419B9DED000B20EE000B46487B
:1043B0008DED040B0521784400F0A5F89DED001B60
:1043C0009DED042B02EE401B8DED021B9DED000BBD
:1043D00020EE010BB0EE002B31EE422B80EE021BE3
:1043E0009DED002BB0EE490B02EE090B31EE400BB8
:1043F0009DED001B30EE410B3AEE400B10EE900AA3
:104400008DED000B00EB045001150029C8BF019091
:1044100013DC224651EC100BDCF72AF8FFF7A6F864
:10442000042808BF00F0D0F822469DED000B51ECA7
:10443000100BDCF71DF8CDE900019DED000B28EE17
:10444000000B77E400000000000000000000404383
:104450008E9803007AB60B00DA07000038080000D7
:104460009207000000000000000000E009C7EE3FD6
:10447000F5015B14E02F3EBEFD033ADC09C7EE3FB9
:10448000EE060000BE0600000000904000000000A4
:10449000FE822B654715973C00CC904000346F3F5F
:1044A00001FCFFFF0000E03F1E060000FFFF0F00C1
:1044B00000000000432EE63FEF39FAFE422EE63FB1
:1044C000396CA80C615C20BE5E05000010B52DEDB6
:1044D000028BB1EEC08A18EE100A20F00040C0F145
:1044E000FF40C00F0AD010EE100A20F00040C0F1CB
:1044F000FF40C00F04BF012000F042F9B0EE480AAF
:10450000BDEC028B10BDB0EE401B491E00EBC1029A
:1045100092ED000B31F006020DD0491E00EBC102F6
:1045200092ED002BB0EE403BB0EE420B03EE010BE0
:1045300031F00602F1D1022914D004290AD006294B
:1045400018BF704790ED0A2B00EE012B90ED080B81
:1045500002EE010B90ED062B00EE012B90ED040B0B
:1045600002EE010B90ED022B00EE012B90ED000B03
:1045700002EE010B704700009FED031BB7EE002B0E
:1045800082EE010B704700000000000000000000F8
:1045900030EE010B704700009FED031B81EE010B15
:1045A0007047000000000000000000000000000054
:1045B0009FED030B20EE000B704700000000000091
:1045C00000000000000000709FED030B20EE000BC8
:1045D0007047000000000000000000000000001014
:1045E00030EE000A704730EE200A7047DFED020A15
:1045F00080EEA00A70470000000000009FED020A54
:1046000020EE000A70470000000000102DE9F001C4
:104610004FF07F42B2EB410F9FBF4FF0FF3101607F
:10462000BDE8F00170474FF0004242EA0123C1F3B8
:10463000C752783A551112F01F0C434CCCF12006AA
:104640007C44C1F3C752A2F178024FEA621204EB34
:10465000820254F8254008BFD2E9015612D05568AD
:1046600004FA0CF425FA06F73C43976805FA0CF5B2
:1046700027FA06F8D26807FA0CFCF24045EA08056A
:104680004CEA0206A4FB034CA5FB0352A6FB036302
:104690001D449D4234BF012600261319334416B130
:1046A000934202D903E0934201D2012200E00022AA
:1046B000624402F1200C9206DC0C42EA443200EE25
:1046C000102A5B03DFED210AF8EEC01A00EE103A63
:1046D0004FEA9C1C11F0004FB8EE400AC0F800C031
:1046E00020EE201A00EE105ADFED190AB8EE400A4B
:1046F00020EE200A71EE810A70EE800A10EE902AF8
:1047000002F500626FF30B0200EE902A70EEE11AE0
:1047100031EEC11ADFED101A30EE411A9FED0D0A8D
:1047200020EE800A01EE210A9FED0C1A00EE810AAC
:1047300004BFBDE8F0017047CCF180510160BDE8D5
:10474000F001B1EE400A704704030000000000369B
:104750000000802C22AAFD29DB0FC92F0000C92FE1
:1047600002E008C8121F08C1002AFAD1704770473A
:10477000002001E001C1121F002AFBD17047000098
:1047800001490860704700000800002482B0CDE9AC
:10479000000121F0004001909DED000B02B051ECB2
:1047A000100B7047F0B50B30154D20F007010024B9
:1047B000144A0FE003688B420BD38B4205D95E1A73
:1047C00043184768C3E9006700E04368136002C00C
:1047D00004E0021D10680028ECD12046002802D118
:1047E000286808B10020F0BD064A07481060074A53
:1047F000121A22F00702C0E9002401202860D7E73E
:1048000004000024000000242C5F002428BF0024A2
:1048100000B541EC100B2DED028B83B0B1EEC08BD7
:1048200018EE100A18EE901A8DED008B002818BFB4
:104830000120084320F00040C0F17F6000F1E0401B
:10484000C00F14D010EE101A10EE900A8DED000B70
:10485000002918BF0121084320F00040C0F17F600B
:1048600000F1E040C00F04BF0120FFF789FF51ECC9
:10487000180B03B0BDEC028B00BD10B500EE100AA2
:104880002DED028BB1EEC08A18EE100A20F0004028
:10489000C0F1FF40C00F0AD010EE100A20F0004017
:1048A000C0F1FF40C00F04BF0120FFF769FF18EE01
:1048B000100ABDEC028B10BD000000000000F03FAC
:1048C000000000000000F83F0000000000000000B1
:1048D0000000004003B8E23F0000000000000000BC
:1048E00006D0CF43EBFD4C3E033333333333E33F4A
:1048F000FFAB6FDBB66DDB3F4D268F515555D53F76
:1049000001411DA96074D13F65DBC9934A86CD3F43
:10491000EF4E454A287ECA3F3E5555555555C53F31
:1049200093BDBE166CC166BF2CDE25AF6A56113F23
:10493000F16BD2C541BDBBBED0A4BE726937663E25
:104940000000000000000000000000006E83F9A2DB
:104950002915444ED15727FCC0DD34F5999562DB0B
:104960004190433CAB6351FE00000000000000009A
:104970000000000000000000000000000100000036
:10498000020000000300000004000000000000001E
:104990000500000000000000000000000000000012
:1049A0000600000000000000000000000000000001
:1049B00007000000000000000102030401020304DC
:1049C000060708090001020304050607080C101475
:1049D00018203040000610160006101608040204C5
:1049E00008010101010101030701000001000200AB
:1049F0000400060008000A000C001000200040001F
:104A0000800000010000803F000000000000000066
:104A10000000000000000000000000000000000096
:104A20000000803F000000000000000000000000C7
:104A30000000000000000000000000000000803FB7
:104A40000000000000000000000000000000000066
:104A500000000000000000000000803F0000000097
:104A60000000000000000000000000000000000046
:104A7000000000000000803F000000000000000077
:104A80000000000000000000000000000000000026
:104A90000000803F0000891112239B322446AD574D
:104AA0003665BF74488CC19D5AAFD3BE6CCAE5DB76
:104AB0007EE9F7F88110080193331A22A5562C4796
:104AC000B7753E64C99C408DDBBF52AEEDDA64CB56
:104AD000FFF976E802218B30100299132667AF7632
:104AE0003444BD554AADC3BC588ED19F6EEBE7FA36
:104AF0007CC8F5D983310A2091121803A7772E6656
:104B0000B5543C45CBBD42ACD99E508FEFFB66EA15
:104B1000FDD874C904428D5316619F702004A915F5
:104B20003227BB364CCEC5DF5EEDD7FC6888E199F5
:104B30007AABF3BA85520C4397711E60A114280515
:104B4000B3373A26CDDE44CFDFFD56ECE9986089D5
:104B5000FBBB72AA06638F7214409D512225AB34B1
:104B60003006B9174EEFC7FE5CCCD5DD6AA9E3B8B5
:104B7000788AF19B87730E6295501C41A3352A24D5
:104B8000B1163807CFFF46EEDDDC54CDEBB962A895
:104B9000F99A708B088481951AA793B62CC2A5D375
:104BA0003EE1B7F04008C919522BDB3A644EED5F85
:104BB000766DFF7C899400859BB712A6ADD224C385
:104BC000BFF136E0C1184809D33B5A2AE55E6C4F65
:104BD000F77D7E6C0AA583B4188691972EE3A7F221
:104BE0003CC0B5D14229CB38500AD91B666FEF7E45
:104BF000744CFD5D8BB502A499961087AFF326E245
:104C0000BDD034C1C3394A28D11A580BE77F6E6E24
:104C1000F55C7C4D0CC685D71EE597F42880A191E4
:104C20003AA3B3B2444ACD5B5669DF78600CE91D04
:104C3000722FFB3E8DD604C79FF516E4A990208104
:104C4000BBB332A2C55A4C4BD7795E68E11C680DE4
:104C5000F33F7A2E0EE787F61CC495D52AA1A3B0A0
:104C60003882B193466BCF7A5448DD59622DEB3CC4
:104C7000700EF91F8FF706E69DD414C5ABB122A0C4
:104C8000B9923083C77B4E6AD5585C49E33D6A2CA4
:104C9000F11E780F40AC037D04014103057C000246
:104CA0006D0D026D0902000000000000920E493CEB
:104CB000B10AC93C2BC3163D2EFB483D752B7B3DED
:104CC00004A9963D80B6AF3D36BDC83D2FBCE13D41
:104CD00073B2FA3D87CF093E8340163EB5AB223E04
:104CE000A2102F3ECF6E3B3EC2C5473E0115543E3B
:104CF000135C603E7F9A6C3ECCCF783EC07D823E96
:104D0000938E883E229A8E3E32A0943E86A09A3E92
:104D1000E59AA03E128FA63ED47CAC3EEF63B23E35
:104D20002A44B83E491DBE3E15EFC33E53B9C93EA5
:104D3000CA7BCF3E4136D53E80E8DA3E4F92E03E18
:104D40007533E63EBBCBEB3EEA5AF13ECBE0F63E96
:104D5000275DFC3EE4E7003F3D9C033F824B063F5E
:104D60009BF5083F6B9A0B3FDA390E3FCDD3103FCE
:104D70002A68133FD9F6153FC07F183FC6021B3F74
:104D8000D17F1D3FCBF61F3F9967223F25D2243F9D
:104D90005636273F1594293F4AEB2B3FDE3B2E3FEB
:104DA000BB85303FC9C8323FF304353F233A373F14
:104DB0004268393F3B8F3B3FF9AE3D3F67C73F3FBE
:104DC00070D8413F01E2433F03E4453F65DE473F82
:104DD00012D1493FF8BB4B3F029F4D3F207A4F3FD6
:104DE0003D4D513F4918533F31DB543FE595563F08
:104DF0005348583F6AF2593F1A945B3F532D5D3F29
:104E000005BE5E3F2146603F97C5613F5A3C633F08
:104E100059AA643F880F663FD86B673F3CBF683F25
:104E2000A7096A3F0C4B6B3F5E836C3F93B26D3FAB
:104E30009ED86E3F73F56F3F0809713F5213723F62
:104E40004714733FDD0B743F0BFA743FC6DE753FAA
:104E500007BA763FC58B773FF853783F9812793F72
:104E60009DC7793F02737A3FBE147B3FCDAC7B3F39
:104E7000283B7C3FC9BF7C3FAC3A7D3FCCAB7D3FFC
:104E800023137E3FB0707E3F6DC47E3F580E7F3F40
:104E90006D4E7F3FAB847F3F0FB17F3F97D37F3F06
:104EA00043EC7F3F11FB7F3F0000803F11FB7F3FC2
:104EB00043EC7F3F97D37F3F0FB17F3FAB847F3F72
:104EC0006D4E7F3F580E7F3F6DC47E3FB0707E3F7A
:104ED00023137E3FCCAB7D3FAC3A7D3FC9BF7C3FC7
:104EE000283B7C3FCDAC7B3FBE147B3F02737A3FB7
:104EF0009DC7793F9812793FF853783FC58B773F2C
:104F000007BA763FC6DE753F0BFA743FDD0B743F80
:104F10004714733F5213723F0809713F73F56F3F97
:104F20009ED86E3F93B26D3F5E836C3F0C4B6B3FE0
:104F3000A7096A3F3CBF683FD86B673F880F663F51
:104F400059AA643F5A3C633F97C5613F2146603F81
:104F500005BE5E3F532D5D3F1A945B3F6AF2593F99
:104F60005348583FE595563F31DB543F4918533F6E
:104F70003D4D513F207A4F3F029F4D3FF8BB4B3F85
:104F800012D1493F65DE473F03E4453F01E2433F1D
:104F900070D8413F67C73F3FF9AE3D3F3B8F3B3F36
:104FA0004268393F233A373FF304353FC9C8323F9F
:104FB000BB85303FDE3B2E3F4AEB2B3F1594293F0C
:104FC0005636273F25D2243F9967223FCBF61F3F15
:104FD000D17F1D3FC6021B3FC07F183FD9F6153F4A
:104FE0002A68133FCDD3103FDA390E3F6B9A0B3F3F
:104FF0009BF5083F824B063F3D9C033FE4E7003FA3
:10500000275DFC3ECBE0F63EEA5AF13EBBCBEB3EE1
:105010007533E63E4F92E03E80E8DA3E4136D53EBB
:10502000CA7BCF3E53B9C93E15EFC33E491DBE3EB4
:105030002A44B83EEF63B23ED47CAC3E128FA63E0B
:10504000E59AA03E86A09A3E32A0943E229A8E3ED9
:10505000938E883EC07D823ECCCF783E7F9A6C3E58
:10506000135C603E0115543EC2C5473ECF6E3B3EC9
:10507000A2102F3EB5AB223E8340163E87CF093E9D
:1050800073B2FA3D2FBCE13D36BDC83D80B6AF3DA1
:1050900004A9963D752B7B3D2EFB483D2BC3163D49
:1050A000B10AC93C920E493C00000000920E49BC76
:1050B000B10AC9BC2BC316BD2EFB48BD752B7BBDE9
:1050C00004A996BD80B6AFBD36BDC8BD2FBCE1BD3D
:1050D00073B2FABD87CF09BE834016BEB5AB22BE00
:1050E000A2102FBECF6E3BBEC2C547BE011554BE37
:1050F000135C60BE7F9A6CBECCCF78BEC07D82BE92
:10510000938E88BE229A8EBE32A094BE86A09ABE8E
:10511000E59AA0BE128FA6BED47CACBEEF63B2BE31
:105120002A44B8BE491DBEBE15EFC3BE53B9C9BEA1
:10513000CA7BCFBE4136D5BE80E8DABE4F92E0BE14
:105140007533E6BEBBCBEBBEEA5AF1BECBE0F6BE92
:10515000275DFCBEE4E700BF3D9C03BF824B06BF5A
:105160009BF508BF6B9A0BBFDA390EBFCDD310BFCA
:105170002A6813BFD9F615BFC07F18BFC6021BBF70
:10518000D17F1DBFCBF61FBF996722BF25D224BF99
:10519000563627BF159429BF4AEB2BBFDE3B2EBFE7
:1051A000BB8530BFC9C832BFF30435BF233A37BF10
:1051B000426839BF3B8F3BBFF9AE3DBF67C73FBFBA
:1051C00070D841BF01E243BF03E445BF65DE47BF7E
:1051D00012D149BFF8BB4BBF029F4DBF207A4FBFD2
:1051E0003D4D51BF491853BF31DB54BFE59556BF04
:1051F000534858BF6AF259BF1A945BBF532D5DBF25
:1052000005BE5EBF214660BF97C561BF5A3C63BF04
:1052100059AA64BF880F66BFD86B67BF3CBF68BF21
:10522000A7096ABF0C4B6BBF5E836CBF93B26DBFA7
:105230009ED86EBF73F56FBF080971BF521372BF5E
:10524000471473BFDD0B74BF0BFA74BFC6DE75BFA6
:1052500007BA76BFC58B77BFF85378BF981279BF6E
:105260009DC779BF02737ABFBE147BBFCDAC7BBF35
:10527000283B7CBFC9BF7CBFAC3A7DBFCCAB7DBFF8
:1052800023137EBFB0707EBF6DC47EBF580E7FBF3C
:105290006D4E7FBFAB847FBF0FB17FBF97D37FBF02
:1052A00043EC7FBF11FB7FBF000080BF11FB7FBFBE
:1052B00043EC7FBF97D37FBF0FB17FBFAB847FBF6E
:1052C0006D4E7FBF580E7FBF6DC47EBFB0707EBF76
:1052D00023137EBFCCAB7DBFAC3A7DBFC9BF7CBFC3
:1052E000283B7CBFCDAC7BBFBE147BBF02737ABFB3
:1052F0009DC779BF981279BFF85378BFC58B77BF28
:1053000007BA76BFC6DE75BF0BFA74BFDD0B74BF7C
:10531000471473BF521372BF080971BF73F56FBF93
:105320009ED86EBF93B26DBF5E836CBF0C4B6BBFDC
:10533000A7096ABF3CBF68BFD86B67BF880F66BF4D
:1053400059AA64BF5A3C63BF97C561BF214660BF7D
:1053500005BE5EBF532D5DBF1A945BBF6AF259BF95
:10536000534858BFE59556BF31DB54BF491853BF6A
:105370003D4D51BF207A4FBF029F4DBFF8BB4BBF81
:1053800012D149BF65DE47BF03E445BF01E243BF19
:1053900070D841BF67C73FBFF9AE3DBF3B8F3BBF32
:1053A000426839BF233A37BFF30435BFC9C832BF9B
:1053B000BB8530BFDE3B2EBF4AEB2BBF159429BF08
:1053C000563627BF25D224BF996722BFCBF61FBF11
:1053D000D17F1DBFC6021BBFC07F18BFD9F615BF46
:1053E0002A6813BFCDD310BFDA390EBF6B9A0BBF3B
:1053F0009BF508BF824B06BF3D9C03BFE4E700BF9F
:10540000275DFCBECBE0F6BEEA5AF1BEBBCBEBBEDD
:105410007533E6BE4F92E0BE80E8DABE4136D5BEB7
:10542000CA7BCFBE53B9C9BE15EFC3BE491DBEBEB0
:105430002A44B8BEEF63B2BED47CACBE128FA6BE07
:10544000E59AA0BE86A09ABE32A094BE229A8EBED5
:10545000938E88BEC07D82BECCCF78BE7F9A6CBE54
:10546000135C60BE011554BEC2C547BECF6E3BBEC5
:10547000A2102FBEB5AB22BE834016BE87CF09BE99
:1054800073B2FABD2FBCE1BD36BDC8BD80B6AFBD9D
:1054900004A996BD752B7BBD2EFB48BD2BC316BD45
:1054A000B10AC9BC920E49BC0000008043444320AD
:1054B000496E746572666163650043444320436FBF
:1054C0006E6669670053544D6963726F656C6563FE
:1054D00074726F6E6963730053544D333220566992
:1054E000727475616C20436F6D506F7274000000B0
:1054F0001855020800000024F80100003E050008CD
:1055000030560208F8010024303D010070470208BF
:105510007117FFFF6517FFFF0114480DE7416B3A54
:1055200058A08B3A828101FF015AFC0822FD180D18
:1055300080D943E94301085944010879041AA104B8
:105540001AF1041A99141A09085108081250C3478D
:10555000CDCCCC3D0409531C110B1AC8421C112C94
:1055600090D003041B4936B44E330108A939A81F53
:10557000693401081132B81914C11E69350108F9DE
:105580001C1AD9081AE1081409024313020125C0A4
:105590003209041B01020B13052416100105240116
:1055A00010090104240202052406170107058203DD
:1055B00008151009040133020A2E070501024007ED
:1055C0002A810711130A0632023340011A122313EB
:1055D00002021E4083044057591B02031513F107B2
:1055E0001B08E9041A89041329081B087904071801
:1055F000040309041A0314FFFF0F1608108209118F
:10560000160A15800B1610090C18010D7D04017C7B
:10561000160240AB0341200A0553080658040770E0
:10562000172809E02D103B808C09C27C7210000005
:04000005080002CD20
:00000001FF
